date,open,close,high,low,volume,turnover,amount
2005-04-08,984.67,1003.45,1003.7,979.53,14762526.0,0.013999999999999999,9151349800.0
2005-04-11,1003.88,995.42,1008.74,992.77,15936066.0,0.0151,10436232200.0
2005-04-12,993.71,978.7,993.71,978.2,10226193.0,0.0097,6479563500.0
2005-04-13,987.95,1000.9,1006.5,987.95,16071687.0,0.0152,10029602100.0
2005-04-14,1004.64,986.98,1006.42,985.58,12945710.0,0.012199999999999999,7813424500.0
2005-04-15,982.61,974.08,982.61,971.93,10408955.0,0.0098,6541675500.0
2005-04-18,970.91,963.77,970.91,958.65,8598400.0,0.008100000000000001,5329138700.0
2005-04-19,962.92,965.89,968.87,957.91,9212623.0,0.0087,5768907800.0
2005-04-20,964.15,950.87,964.15,946.2,8850705.0,0.0083,5300003700.0
2005-04-21,948.86,943.98,955.55,938.6,9946145.0,0.009399999999999999,6140646100.0
2005-04-22,942.91,939.1,947.91,934.96,10691884.0,0.0101,6373550300.0
2005-04-25,935.99,930.07,935.99,920.16,11470478.0,0.0108,6667303100.000001
2005-04-26,928.43,937.08,939.7,924.66,11690471.0,0.011000000000000001,7029373100.000001
2005-04-27,938.57,926.6,938.91,925.9,10780611.0,0.0101,6432845900.0
2005-04-28,923.53,942.07,945.5,914.83,14343486.0,0.0134,8315813700.0
2005-04-29,940.81,932.4,942.45,929.81,11235419.0,0.0105,6853192400.0
2005-05-09,934.65,909.17,937.39,909.17,8529115.0,0.0078000000000000005,4889696400.0
2005-05-10,905.54,913.08,913.39,892.31,10494331.0,0.0096,5960910699.999999
2005-05-11,911.84,901.85,917.22,900.44,9042047.0,0.0083,5128333200.0
2005-05-12,899.97,885.82,900.06,883.51,10228720.0,0.009399999999999999,6107327200.0
2005-05-13,883.51,887.54,898.51,875.58,11244906.0,0.0103,6228419600.0
2005-05-16,885.39,875.27,885.39,869.33,8224288.0,0.0075,4630088500.0
2005-05-17,873.08,881.46,888.28,868.21,8772273.0,0.008,4635198600.0
2005-05-18,881.14,883.2,890.4,871.82,7878610.0,0.0072,4615409300.0
2005-05-19,882.84,884.17,888.02,871.29,8149583.0,0.0074,4263472600.0
2005-05-20,883.51,882.76,891.02,879.18,7226676.0,0.0066,3835476300.0
2005-05-23,880.28,863.34,880.28,862.1,7279795.0,0.0066,3725791100.0
2005-05-24,861.2,868.46,871.77,855.59,9206929.0,0.0084,4777971900.0
2005-05-25,867.66,868.45,876.31,861.66,7238556.0,0.0066,3742173200.0
2005-05-26,867.76,857.33,872.84,854.96,6622786.0,0.006,3470051100.0
2005-05-27,855.6,849.51,864.96,848.4,7749983.0,0.006999999999999999,4240678800.0
2005-05-30,847.63,855.61,858.46,842.1,6971583.0,0.0063,3712116300.0
2005-05-31,856.56,855.95,863.2,853.29,7047821.0,0.0064,3601006700.0
2005-06-01,855.21,837.53,857.66,836.04,7902302.0,0.0072,4274074900.0
2005-06-02,835.47,818.38,835.49,812.99,9508657.0,0.0086,5220786200.0
2005-06-03,816.55,818.03,823.86,807.97,7936056.0,0.0072,4164754500.0
2005-06-06,816.73,839.0,839.15,807.78,9009185.0,0.008199999999999999,4685006500.0
2005-06-07,841.58,837.28,858.09,835.18,13067068.0,0.011899999999999999,7248577600.0
2005-06-08,848.54,905.77,908.83,844.47,32907839.0,0.0298,17414544200.0
2005-06-09,907.57,912.6,925.37,895.04,33141840.0,0.03,17782386000.0
2005-06-10,911.94,894.56,911.94,889.1,22391502.0,0.0203,12006754500.0
2005-06-13,895.0,892.96,900.18,877.69,15628002.0,0.014199999999999999,7944060200.0
2005-06-14,895.39,883.54,905.42,882.86,14343570.0,0.013000000000000001,7692070500.0
2005-06-15,881.21,866.83,881.25,865.14,11454056.0,0.0104,6272310300.0
2005-06-16,866.66,879.24,879.49,861.83,11049685.0,0.01,6115269200.0
2005-06-17,883.61,880.35,888.08,876.04,14963009.0,0.013500000000000002,8285456000.0
2005-06-20,881.62,906.26,906.48,872.56,18992082.0,0.017,10290889600.0
2005-06-21,906.31,896.17,906.31,894.39,12774784.0,0.011399999999999999,6890936700.0
2005-06-22,894.77,900.65,901.24,891.93,10478134.0,0.009399999999999999,5882401500.0
2005-06-23,900.06,893.57,904.9,892.83,9509308.0,0.0085,5465028400.0
2005-06-24,892.06,898.3,898.67,888.4,8918739.0,0.008,4732186000.0
2005-06-27,904.21,916.04,920.65,904.21,16545402.0,0.0148,8903493700.0
2005-06-28,913.48,903.72,913.48,901.21,10402219.0,0.009300000000000001,5536098500.0
2005-06-29,906.75,898.9,907.57,898.08,10806746.0,0.0096,5751998000.0
2005-06-30,897.1,878.69,897.1,876.88,10855472.0,0.0096,5597946300.0
2005-07-01,875.94,859.49,875.94,858.37,10094596.97,0.0089,5086726800.0
2005-07-04,855.32,855.93,856.1,842.81,8840276.53,0.0078000000000000005,4026099500.0
2005-07-05,853.68,849.68,856.74,845.36,7992688.38,0.0070999999999999995,4529674400.0
2005-07-06,850.25,842.56,854.45,838.61,6898313.92,0.0060999999999999995,3627265600.0
2005-07-07,841.75,844.73,848.02,839.28,5962464.91,0.0053,2901826599.9999995
2005-07-08,842.62,829.49,842.62,827.23,7221000.42,0.0064,3447787100.0
2005-07-11,837.86,824.1,850.66,822.52,8439005.54,0.0074,4092653700.0
2005-07-12,821.91,851.82,854.29,818.86,14989870.66,0.0132,7519245300.0
2005-07-13,850.47,846.23,851.95,841.86,9398842.17,0.0083,4674024400.0
2005-07-14,844.94,849.59,856.1,843.18,9361968.01,0.008199999999999999,4742557400.0
2005-07-15,849.87,841.0,854.6,837.78,8889563.39,0.0078000000000000005,4203939699.9999995
2005-07-18,839.22,833.0,840.01,829.68,8500006.37,0.0075,3767754699.9999995
2005-07-19,831.5,835.61,840.14,829.28,7891817.79,0.0069,3622924800.0
2005-07-20,835.3,842.64,844.71,832.14,8526473.08,0.0075,3953440100.0
2005-07-21,842.75,843.99,843.99,835.76,8366100.97,0.0073,4118496700.0
2005-07-22,847.54,859.69,867.17,842.99,21630976.13,0.019,10210013600.0
2005-07-25,858.33,856.86,860.95,854.28,11816079.69,0.0103,5762385000.0
2005-07-26,856.19,876.48,880.03,856.19,21826775.91,0.0191,10513580700.0
2005-07-27,876.94,894.01,894.03,876.04,20409537.28,0.0179,9688109300.0
2005-07-28,893.88,890.89,901.0,888.5,20622527.06,0.018000000000000002,10326374200.0
2005-07-29,889.41,888.16,892.29,883.38,13397405.98,0.011699999999999999,6409062000.0
2005-08-01,887.72,891.61,897.29,885.85,11808309.18,0.0103,5451576899.999999
2005-08-02,892.13,903.6,903.65,888.4,14292547.43,0.0125,6441958700.0
2005-08-03,905.18,909.57,919.28,903.76,25786298.07,0.0225,11911777000.0
2005-08-04,907.42,904.15,909.83,901.63,14519255.6,0.0127,6682690100.0
2005-08-05,904.04,923.8,923.81,903.94,19123764.73,0.0167,9585685700.0
2005-08-08,926.57,927.47,933.15,923.57,21608944.3,0.0189,11135756700.0
2005-08-09,926.97,933.09,933.39,919.11,19532907.46,0.017,9704541200.0
2005-08-10,933.26,940.37,940.37,926.28,21515762.51,0.018799999999999997,10214864200.0
2005-08-11,940.79,953.99,953.99,939.39,27073666.44,0.0236,14042061900.0
2005-08-12,954.72,938.32,959.27,933.99,29168144.35,0.0254,14457553300.0
2005-08-15,937.71,954.5,954.5,936.11,20430813.47,0.0177,10503460800.0
2005-08-16,955.27,945.06,959.34,939.92,23861817.91,0.0206,12606079700.0
2005-08-17,943.41,953.01,953.34,930.33,21457768.65,0.018500000000000003,10910460900.0
2005-08-18,954.16,920.67,956.84,919.12,31855326.58,0.027200000000000002,15916423700.000002
2005-08-19,918.09,923.04,927.32,910.08,22242679.4,0.019,10881501200.000002
2005-08-22,923.11,931.67,933.35,919.22,16031009.73,0.0137,7745835000.0
2005-08-23,931.81,923.41,931.81,915.03,15406488.15,0.0131,7508824600.0
2005-08-24,923.56,930.65,935.23,923.56,15959747.47,0.013600000000000001,7736512300.0
2005-08-25,930.98,930.12,933.2,920.61,16292057.02,0.0139,7604864600.0
2005-08-26,930.25,928.26,930.33,921.84,15429803.61,0.0132,7186198500.0
2005-08-29,928.34,917.37,928.34,913.77,15462260.94,0.0132,7137708199.999999
2005-08-30,916.09,914.88,920.21,912.84,12438170.39,0.0106,5858436200.0
2005-08-31,915.12,927.92,928.21,911.51,14623629.86,0.0125,7034282300.0
2005-09-01,928.52,944.56,944.95,926.06,22306383.64,0.019,10558678000.0
2005-09-02,945.98,947.87,947.92,941.31,18614437.97,0.0159,8864773600.0
2005-09-05,949.08,952.72,952.99,944.63,17843318.03,0.0152,8242226100.0
2005-09-06,953.41,936.61,956.3,934.97,21222255.35,0.0181,10583985200.0
2005-09-07,934.99,952.76,952.9,932.65,19608465.69,0.0167,9956808200.0
2005-09-08,954.27,955.28,958.87,947.71,22424393.35,0.0191,11753260200.0
2005-09-09,955.11,949.07,959.9,946.02,16219310.01,0.0138,7924194000.0
2005-09-12,949.78,949.51,952.55,945.4,11672613.44,0.009899999999999999,5610130300.0
2005-09-13,949.58,963.77,963.92,948.13,16579430.68,0.0141,7999031200.0
2005-09-14,964.97,970.19,970.26,961.64,19958290.5,0.017,9942628000.0
2005-09-15,970.58,969.6,970.96,965.66,16377679.23,0.013999999999999999,8098160500.0
2005-09-16,969.62,967.5,970.37,964.29,13978570.95,0.011899999999999999,6989327500.0
2005-09-19,967.44,971.14,971.99,964.26,14737421.01,0.0126,7427481700.0
2005-09-20,971.38,961.92,971.65,957.12,18636604.34,0.0159,9189438300.0
2005-09-21,961.37,944.41,961.37,943.82,18541895.48,0.0158,8760459000.0
2005-09-22,942.73,923.27,942.73,914.23,18115524.76,0.0155,8625589900.0
2005-09-23,921.51,916.15,927.42,914.81,11547643.77,0.009899999999999999,5549882000.0
2005-09-26,915.84,918.49,919.65,913.61,8836240.97,0.0076,4398425700.0
2005-09-27,918.87,904.21,921.13,903.39,11086056.26,0.0095,5576097400.0
2005-09-28,903.33,903.72,910.33,901.38,8850309.8,0.0076,4331475900.0
2005-09-29,904.28,915.98,915.98,904.28,11938977.51,0.0102,5798238300.0
2005-09-30,916.59,917.39,918.66,913.45,9001432.63,0.0077,4529466700.0
2005-10-10,917.21,907.32,917.21,906.88,7158450.87,0.0060999999999999995,3665624400.0
2005-10-11,906.63,919.72,919.8,904.05,7758294.92,0.0066,4032539400.0
2005-10-12,920.45,923.49,926.09,917.38,12208851.75,0.0104,6653231000.0
2005-10-13,923.43,916.5,926.01,916.28,10828903.79,0.0092,6021814300.000001
2005-10-14,916.34,904.83,917.89,902.81,10123940.49,0.0086,5568049000.0
2005-10-17,903.27,897.62,903.27,892.36,10552505.59,0.009000000000000001,5516482100.0
2005-10-18,897.37,902.37,903.0,895.62,11366316.72,0.0097,5849997700.0
2005-10-19,902.04,898.74,907.88,897.05,11033047.52,0.009399999999999999,5474099399.999999
2005-10-20,898.89,899.92,900.13,889.57,12608724.63,0.0108,6082545600.000001
2005-10-21,899.65,904.41,907.79,897.99,11364588.25,0.0097,5645096200.0
2005-10-24,905.13,906.65,908.45,900.23,9218982.23,0.0078000000000000005,4674775400.0
2005-10-25,905.97,894.27,905.97,893.61,11213401.2,0.0095,5687104900.0
2005-10-26,892.62,875.82,892.62,873.9,12167122.96,0.0102,5911800800.0
2005-10-27,873.47,875.85,879.67,869.72,11908588.1,0.01,5881848400.0
2005-10-28,875.86,867.73,880.21,859.69,11973375.73,0.0101,5565266500.0
2005-10-31,866.62,876.28,878.41,866.15,10443651.3,0.0088,4954801500.0
2005-11-01,875.96,872.87,875.96,862.69,10082745.41,0.0085,4762514500.0
2005-11-02,873.39,882.48,884.94,873.39,13104972.57,0.011000000000000001,6115386800.000001
2005-11-03,882.19,874.58,885.68,872.11,12179182.41,0.0102,5843191800.000001
2005-11-04,873.35,878.36,878.36,869.68,9567310.49,0.008,4570236100.0
2005-11-07,877.62,877.28,877.62,870.08,7713259.16,0.006500000000000001,3758294600.0
2005-11-08,876.43,881.52,881.9,870.96,10128761.11,0.0085,4617261100.0
2005-11-09,881.51,879.25,884.94,878.68,11774405.11,0.0098,5544780400.0
2005-11-10,878.63,862.97,878.63,862.09,10853770.97,0.0091,5071603800.0
2005-11-11,861.22,864.79,867.33,857.79,9219719.7,0.0077,4221479200.0
2005-11-14,864.08,862.15,864.25,858.34,6271673.74,0.0052,2924317700.0
2005-11-15,862.07,856.64,867.46,853.86,8252477.9,0.0069,4158739900.0
2005-11-16,855.45,863.12,863.17,847.49,9066137.77,0.0075,4185382400.0
2005-11-17,863.08,862.66,865.79,859.0,8811636.79,0.0073,4120494699.9999995
2005-11-18,862.58,882.24,886.58,862.4,17597802.98,0.0146,8353934300.000001
2005-11-21,882.79,883.87,886.11,880.3,10259963.06,0.0085,4897254600.0
2005-11-22,883.93,869.62,883.93,869.53,10597235.9,0.0088,4500601000.0
2005-11-23,868.01,876.23,876.82,866.19,9916919.66,0.008199999999999999,3944070400.0
2005-11-24,875.83,881.49,885.75,874.88,14629007.65,0.0121,6102429900.0
2005-11-25,881.25,884.11,884.16,877.26,13003545.88,0.010700000000000001,5127946900.0
2005-11-28,883.24,880.17,886.74,877.64,9739734.92,0.008,4239101599.9999995
2005-11-29,879.25,871.31,879.25,870.56,8414993.73,0.0069,3597357400.0
2005-11-30,870.45,873.83,873.93,866.98,8040737.45,0.0066,3676845300.0000005
2005-12-01,873.47,873.07,877.31,870.7,7069234.15,0.0058,3355703000.0
2005-12-02,872.93,869.94,875.83,866.37,8492020.59,0.006999999999999999,3937214099.9999995
2005-12-05,869.43,859.61,869.43,858.86,10286896.89,0.0084,4606548000.0
2005-12-06,858.11,866.08,867.19,855.72,10303513.65,0.0085,4737134600.0
2005-12-07,865.72,873.84,874.0,865.02,9842954.99,0.008100000000000001,4368779100.0
2005-12-08,874.13,874.06,877.97,870.12,10259173.66,0.0084,5018813100.0
2005-12-09,873.69,887.36,887.57,871.26,12719525.75,0.0104,5793086800.000001
2005-12-12,887.06,888.52,890.69,884.26,10699279.87,0.0087,5082260500.0
2005-12-13,888.0,889.1,889.22,880.74,10547237.34,0.0086,5148218300.0
2005-12-14,888.6,898.15,899.01,884.37,13868375.99,0.0113,6757243600.0
2005-12-15,898.38,896.43,904.01,895.17,16259781.56,0.013300000000000001,7498123900.0
2005-12-16,895.83,902.56,902.75,894.1,11452106.71,0.009399999999999999,5418465600.000001
2005-12-19,902.05,902.91,904.47,898.79,9936326.45,0.008100000000000001,4380561300.0
2005-12-20,902.75,907.32,907.32,899.66,10294658.43,0.0084,4665761600.0
2005-12-21,907.05,903.14,910.93,902.11,10273975.32,0.0084,4892864900.0
2005-12-22,902.37,908.75,909.06,900.66,8947025.43,0.0073,4441384600.0
2005-12-23,908.96,915.89,915.89,908.51,11906998.09,0.0097,5799046700.0
2005-12-26,916.67,922.38,925.01,916.41,15342649.31,0.0125,7501782800.0
2005-12-27,922.44,919.36,922.44,916.01,12050358.24,0.0098,5640640100.0
2005-12-28,919.05,920.92,920.98,915.12,12131031.5,0.0098,5731256500.0
2005-12-29,921.14,932.03,932.03,921.14,17254958.71,0.013999999999999999,8798040500.0
2005-12-30,933.45,923.45,934.0,921.83,15600250.63,0.0126,8517980100.0
2006-01-04,926.56,941.43,941.43,926.41,21126899.0,0.0168,11442608300.0
2006-01-05,943.85,959.13,959.63,942.31,27311743.0,0.0217,14693493700.000002
2006-01-06,961.92,970.03,975.63,956.04,30286368.0,0.0242,16170989900.0
2006-01-09,971.09,975.25,976.27,966.05,24329552.0,0.0194,12626400300.0
2006-01-10,975.28,978.15,978.28,964.43,22735302.0,0.0181,12344023000.0
2006-01-11,977.64,973.48,983.39,963.39,26524138.0,0.021099999999999997,13488346800.0
2006-01-12,972.39,983.72,984.08,968.54,21896680.0,0.0174,11028175800.0
2006-01-13,985.04,978.81,988.11,973.69,22281861.0,0.0177,11215633200.0
2006-01-16,977.89,961.44,977.89,960.88,20305215.0,0.016200000000000003,9896151700.0
2006-01-17,959.4,964.29,965.98,952.23,16037276.0,0.0128,8076118800.0
2006-01-18,964.16,983.62,984.67,963.08,20823518.0,0.0165,10389841800.0
2006-01-19,985.23,991.22,992.27,978.28,26455609.0,0.021,12714862300.0
2006-01-20,991.57,993.34,994.5,987.06,26147062.0,0.0207,12929890400.0
2006-01-23,993.74,996.16,997.33,989.34,22546019.0,0.0179,11459294400.0
2006-01-24,997.79,999.09,1006.15,993.39,24197991.0,0.0192,13914239800.0
2006-01-25,998.84,1009.6,1009.65,989.51,21800758.0,0.0173,11644197400.0
2006-02-06,1013.43,1033.23,1033.35,1012.81,25038771.0,0.019799999999999998,13466978200.0
2006-02-07,1034.68,1029.94,1038.5,1019.94,32954787.0,0.026099999999999998,17669257800.0
2006-02-08,1028.44,1033.07,1033.4,1022.94,26986729.0,0.0213,13692515200.0
2006-02-09,1033.19,1019.6,1033.19,1017.05,23839601.0,0.018799999999999997,12115067200.0
2006-02-10,1019.42,1032.34,1032.6,1018.48,22024453.0,0.0172,11411753899.999998
2006-02-13,1034.38,1031.61,1034.64,1021.84,22157298.0,0.0173,11454695500.0
2006-02-14,1032.65,1038.53,1038.81,1030.46,18556220.0,0.014499999999999999,9730559300.0
2006-02-15,1040.33,1041.66,1048.34,1038.74,24784628.0,0.019299999999999998,12747811500.0
2006-02-16,1041.67,1020.12,1041.67,1019.21,26159892.0,0.0204,13407183700.000002
2006-02-17,1020.06,1020.37,1028.57,1015.99,21026875.0,0.016399999999999998,10774128000.0
2006-02-20,1020.74,1021.64,1030.05,1020.02,18818883.0,0.0147,10303300100.0
2006-02-21,1020.98,1038.82,1038.94,1014.66,23678039.0,0.0184,13180216399.999998
2006-02-22,1039.65,1037.89,1046.45,1036.38,25380704.0,0.0197,13435059000.0
2006-02-23,1038.25,1041.37,1041.59,1029.25,19785037.0,0.0154,10259755500.0
2006-02-24,1041.97,1049.44,1049.69,1041.97,19676104.0,0.015300000000000001,10286380800.0
2006-02-27,1055.95,1047.85,1057.22,1045.97,22872099.0,0.0176,12520439000.0
2006-02-28,1046.71,1053.01,1053.72,1033.66,19353267.0,0.0149,10427830700.0
2006-03-01,1051.76,1056.62,1057.69,1049.64,19425730.0,0.0149,10518419400.0
2006-03-02,1055.86,1038.67,1056.05,1034.68,24877861.0,0.0191,13748692900.0
2006-03-03,1037.99,1041.68,1043.42,1029.56,21200539.0,0.016200000000000003,11437141700.0
2006-03-06,1041.75,1038.87,1044.42,1036.11,17870963.0,0.0137,9091203900.0
2006-03-07,1037.93,1014.97,1037.98,1013.14,19336516.0,0.0148,9676508800.0
2006-03-08,1012.58,1009.27,1014.97,999.93,17463055.0,0.013300000000000001,8818082800.0
2006-03-09,1006.97,1004.34,1010.91,1002.2,12735099.0,0.0097,6640051300.0
2006-03-10,1004.75,1008.9,1011.76,1004.69,11887983.0,0.009000000000000001,6337829100.0
2006-03-13,1008.8,1019.86,1020.88,1008.51,11765911.0,0.0089,6101943500.0
2006-03-14,1020.47,1018.27,1021.65,1012.11,11348030.0,0.0086,5861599399.999999
2006-03-15,1018.15,1028.96,1028.97,1017.08,14842068.0,0.0113,7822300500.0
2006-03-16,1028.96,1027.62,1029.81,1025.52,14784339.0,0.011200000000000002,7936360000.0
2006-03-17,1027.64,1024.02,1029.56,1021.08,15001924.0,0.011399999999999999,7945174900.0
2006-03-20,1024.5,1037.66,1037.91,1019.65,15389912.0,0.011699999999999999,8246315699.999999
2006-03-21,1037.95,1040.76,1047.05,1036.24,19077662.0,0.0144,10271579900.0
2006-03-22,1041.14,1047.67,1047.94,1036.71,18640575.0,0.0141,10034541900.0
2006-03-23,1047.35,1048.54,1049.33,1042.83,20467885.0,0.0154,10825049800.0
2006-03-24,1049.12,1042.6,1051.76,1041.23,20098237.0,0.0152,11031900300.0
2006-03-27,1042.63,1050.71,1050.71,1037.08,17134070.0,0.0129,9201788200.0
2006-03-28,1050.07,1055.98,1056.52,1048.64,22273999.0,0.0167,10630507500.0
2006-03-29,1058.74,1065.29,1074.04,1057.68,30526345.0,0.0229,15882110500.0
2006-03-30,1065.84,1055.63,1067.99,1055.14,22012494.0,0.0165,12089930800.0
2006-03-31,1053.85,1061.09,1061.47,1050.22,22276190.0,0.0166,12045672400.0
2006-04-03,1061.96,1079.32,1079.37,1061.96,27729761.0,0.0206,15703156900.0
2006-04-04,1080.86,1089.37,1089.37,1076.2,31148757.0,0.0232,17525218300.0
2006-04-05,1091.18,1099.97,1100.56,1089.55,32936914.0,0.024399999999999998,18539588000.0
2006-04-06,1102.54,1103.24,1109.68,1097.32,36167049.0,0.026699999999999998,19687813500.0
2006-04-07,1102.94,1103.15,1105.1,1091.89,32570860.0,0.0241,17760103700.0
2006-04-10,1104.32,1117.91,1118.08,1100.69,32067520.0,0.023700000000000002,17246470900.0
2006-04-11,1120.16,1123.31,1126.09,1112.01,35607520.0,0.0262,19796708300.0
2006-04-12,1123.78,1117.07,1123.78,1116.15,30333845.0,0.0223,15991141500.0
2006-04-13,1116.84,1093.93,1122.39,1093.51,33824146.0,0.0248,17190084900.0
2006-04-14,1091.69,1118.61,1118.67,1091.67,33527962.0,0.0245,16782532000.0
2006-04-17,1120.19,1124.41,1129.15,1114.53,35704548.0,0.0259,18349161700.0
2006-04-18,1127.51,1131.28,1135.45,1119.27,32317223.0,0.0233,17403457400.0
2006-04-19,1135.61,1138.24,1140.41,1125.2,34322898.0,0.024700000000000003,19364960000.0
2006-04-20,1139.64,1134.38,1142.54,1127.09,37885651.0,0.027200000000000002,21561233700.0
2006-04-21,1133.21,1149.16,1152.89,1127.65,40772910.0,0.0292,22750697100.0
2006-04-24,1156.91,1142.7,1160.58,1135.75,45936219.0,0.032799999999999996,26245896300.0
2006-04-25,1139.5,1141.93,1149.54,1123.1,38611125.0,0.0276,22885232700.0
2006-04-26,1142.9,1155.73,1162.02,1142.07,41824301.0,0.0298,25476171600.0
2006-04-27,1157.38,1155.27,1159.9,1145.26,31980451.0,0.022799999999999997,18862520900.0
2006-04-28,1143.59,1172.35,1173.88,1133.19,40801858.0,0.028999999999999998,24343009300.0
2006-05-08,1179.58,1218.44,1218.86,1179.58,44912821.0,0.032,26536314900.000004
2006-05-09,1226.31,1251.61,1252.76,1222.68,55993861.0,0.0398,33111916300.0
2006-05-10,1257.98,1265.93,1273.68,1243.47,55667043.0,0.039599999999999996,33568258200.0
2006-05-11,1267.22,1255.04,1294.87,1254.35,61133725.0,0.0434,37299607500.0
2006-05-12,1255.23,1296.26,1296.38,1252.68,54920331.0,0.038900000000000004,34261843900.0
2006-05-15,1312.14,1352.16,1352.41,1301.8,73534005.0,0.0521,45768188000.0
2006-05-16,1368.13,1331.13,1387.4,1322.14,79658170.0,0.056299999999999996,50916396700.0
2006-05-17,1331.69,1335.52,1356.13,1306.87,61823287.0,0.0435,39133826400.0
2006-05-18,1322.65,1331.2,1340.52,1301.11,52056363.0,0.0366,31832852100.0
2006-05-19,1334.07,1366.1,1371.22,1329.32,67123869.0,0.0466,36222359900.0
2006-05-22,1366.32,1373.67,1387.57,1360.35,66262172.0,0.045899999999999996,38198875500.0
2006-05-23,1365.1,1317.65,1365.1,1316.55,56872388.0,0.0394,32747751200.0
2006-05-24,1325.68,1308.24,1351.31,1277.33,51176632.0,0.0354,31096815600.0
2006-05-25,1304.69,1307.7,1316.48,1285.73,34046436.0,0.0235,20482556600.0
2006-05-26,1312.24,1331.02,1331.45,1309.46,36385665.0,0.025099999999999997,21741992000.0
2006-05-29,1339.9,1366.29,1366.84,1330.63,44480011.0,0.030699999999999998,27100627300.0
2006-05-30,1375.3,1378.76,1384.68,1360.55,44761027.0,0.030899999999999997,28992430900.0
2006-05-31,1377.45,1365.45,1386.94,1355.01,47335883.0,0.0326,29359692200.000004
2006-06-01,1364.18,1402.88,1403.27,1362.94,53493453.0,0.0368,31383492700.0
2006-06-02,1406.62,1390.12,1411.78,1382.0,64109162.0,0.0441,37407323600.0
2006-06-05,1391.46,1403.16,1403.3,1362.72,55101819.0,0.0378,29784741500.0
2006-06-06,1400.27,1399.14,1413.11,1391.9,46835278.0,0.032,26497855299.999996
2006-06-07,1398.18,1320.23,1398.18,1319.7,52047647.0,0.0355,31076290200.0
2006-06-08,1309.07,1325.98,1331.89,1286.9,45677509.0,0.031200000000000002,26462585900.0
2006-06-09,1320.81,1294.19,1329.84,1293.05,37392623.0,0.0255,21631040600.0
2006-06-12,1283.83,1297.67,1308.12,1275.4,25033331.0,0.0171,15025360000.0
2006-06-13,1296.41,1298.28,1312.13,1284.62,27823031.0,0.0189,16716170400.0
2006-06-14,1291.69,1283.88,1291.69,1269.52,28801661.0,0.0195,15982326399.999998
2006-06-15,1283.72,1285.39,1300.11,1280.5,23241302.0,0.015700000000000002,12947893400.0
2006-06-16,1290.0,1318.01,1318.02,1290.0,28408032.0,0.0192,16152374700.0
2006-06-19,1306.26,1334.89,1341.99,1294.9,30726258.0,0.0208,18672646800.0
2006-06-20,1333.62,1338.22,1341.24,1323.78,27797058.0,0.018799999999999997,16416714700.0
2006-06-21,1336.84,1333.53,1347.0,1320.41,32445479.0,0.0219,18271592300.0
2006-06-22,1331.93,1331.55,1341.73,1326.15,25953157.0,0.0175,14642393300.0
2006-06-23,1329.11,1339.45,1340.27,1319.51,25651644.0,0.0173,15125536399.999998
2006-06-26,1341.61,1363.41,1363.57,1341.61,29595920.0,0.02,18564767900.0
2006-06-27,1365.04,1363.9,1368.41,1354.09,26454734.0,0.0178,16022197000.0
2006-06-28,1361.79,1362.89,1366.34,1353.63,25791657.0,0.0174,14836163899.999998
2006-06-29,1365.25,1395.12,1395.24,1365.25,42439201.0,0.0285,24225652500.0
2006-06-30,1402.6,1393.96,1408.79,1384.99,38396745.0,0.0258,22942443800.0
2006-07-03,1398.74,1420.33,1420.33,1393.92,38297385.0,0.026600000000000002,24423131500.0
2006-07-04,1423.08,1411.01,1426.1,1401.15,42749803.0,0.0296,28116073800.0
2006-07-05,1409.9,1393.01,1409.9,1377.22,33446005.0,0.0232,21154127200.000004
2006-07-06,1391.64,1418.68,1418.76,1390.19,32480734.0,0.0225,21637516900.0
2006-07-07,1423.72,1410.43,1426.4,1405.99,33556176.0,0.0232,22529571000.0
2006-07-10,1410.5,1412.12,1413.58,1397.44,27607369.0,0.0191,18616784900.0
2006-07-11,1414.14,1418.58,1418.82,1406.5,28537379.0,0.0197,18958953200.0
2006-07-12,1419.07,1419.2,1430.94,1416.74,36293417.0,0.025099999999999997,24831173400.0
2006-07-13,1415.88,1346.09,1418.14,1344.16,48970673.0,0.0338,31700087700.0
2006-07-14,1333.74,1357.13,1367.74,1327.59,32659105.0,0.0225,21065092100.0
2006-07-17,1354.14,1372.25,1372.25,1348.43,24205552.0,0.0167,16046823899.999998
2006-07-18,1370.9,1373.42,1373.59,1359.91,22724544.0,0.015600000000000001,14797115300.0
2006-07-19,1370.29,1336.64,1370.29,1330.28,25227647.0,0.017,15923621399.999998
2006-07-20,1335.41,1345.19,1346.85,1329.18,18450621.0,0.0124,11505538300.0
2006-07-21,1344.6,1356.03,1357.34,1344.57,20393648.0,0.0137,12442432400.0
2006-07-24,1340.28,1358.12,1359.56,1327.9,19966190.0,0.0134,12517728799.999998
2006-07-25,1359.32,1374.17,1378.84,1359.32,22023509.0,0.0148,14089738600.000002
2006-07-26,1377.78,1371.3,1380.8,1367.05,19633442.0,0.0132,12059952400.0
2006-07-27,1370.75,1355.55,1379.25,1347.29,23818755.0,0.016,14751696299.999998
2006-07-28,1354.92,1341.39,1359.74,1327.66,21557505.0,0.014499999999999999,13809393200.0
2006-07-31,1338.04,1294.33,1338.04,1293.53,22181211.0,0.0149,13115400900.0
2006-08-01,1292.71,1282.06,1302.89,1278.54,17443887.0,0.011699999999999999,10137959500.0
2006-08-02,1281.89,1275.09,1288.61,1258.01,17813284.0,0.011899999999999999,10180840400.0
2006-08-03,1277.63,1271.74,1281.79,1261.69,12940473.0,0.0087,8115991899.999999
2006-08-04,1272.36,1241.91,1278.25,1239.38,16053628.0,0.0108,9762333400.0
2006-08-07,1233.49,1224.1,1241.85,1221.99,15116519.0,0.0101,8515702500.0
2006-08-08,1225.04,1252.39,1252.39,1225.04,14250481.0,0.0095,8387431300.0
2006-08-09,1254.37,1251.3,1258.21,1245.39,12859474.0,0.0086,7485120500.0
2006-08-10,1251.16,1271.47,1271.47,1251.08,17699006.0,0.0118,10020038300.0
2006-08-11,1273.27,1275.65,1277.97,1265.52,15303227.0,0.0102,9033367300.0
2006-08-14,1275.14,1245.72,1279.31,1241.95,16444469.0,0.0109,9870530900.0
2006-08-15,1243.16,1265.86,1265.86,1239.91,14319360.0,0.009399999999999999,8592504000.0
2006-08-16,1266.82,1283.57,1283.57,1262.54,20802743.0,0.013600000000000001,12267020700.0
2006-08-17,1280.28,1271.63,1280.28,1263.93,15457904.0,0.0101,8843866000.0
2006-08-18,1270.23,1267.87,1280.83,1265.82,13964524.0,0.0091,7951341100.0
2006-08-21,1235.43,1270.56,1270.67,1229.17,15064766.0,0.0098,8661631100.0
2006-08-22,1270.1,1285.27,1289.02,1269.1,17200942.0,0.011200000000000002,11224121500.0
2006-08-23,1284.82,1285.68,1294.83,1282.84,19092875.0,0.0124,12215591100.000002
2006-08-24,1284.84,1292.4,1292.4,1274.56,15081306.0,0.0098,9416605600.0
2006-08-25,1293.5,1295.44,1301.75,1292.45,18557937.0,0.012,11586281000.0
2006-08-28,1298.46,1325.89,1325.89,1298.36,26183290.0,0.0169,16640986500.0
2006-08-29,1328.61,1330.16,1349.2,1327.0,31766376.0,0.020499999999999997,20558598300.0
2006-08-30,1328.37,1334.67,1336.39,1319.82,21139949.0,0.013600000000000001,12994582500.0
2006-08-31,1335.59,1338.69,1342.79,1331.29,23188274.0,0.0149,13932001000.0
2006-09-01,1339.31,1318.1,1340.13,1314.57,25033688.0,0.0161,14832251900.0
2006-09-04,1315.71,1337.24,1337.24,1315.61,21095340.0,0.013500000000000002,12470373600.000002
2006-09-05,1339.59,1340.68,1345.71,1334.72,26868110.0,0.0172,15959669600.0
2006-09-06,1341.4,1346.37,1346.37,1331.85,23153112.0,0.0148,13799604100.0
2006-09-07,1348.17,1328.38,1348.28,1323.98,21886449.0,0.013999999999999999,13054999600.0
2006-09-08,1327.56,1332.15,1334.73,1326.25,17230273.0,0.011000000000000001,10157793900.0
2006-09-11,1331.89,1338.76,1338.76,1319.21,20947266.0,0.0134,12839285600.0
2006-09-12,1338.81,1347.64,1350.53,1337.3,27301891.0,0.0175,15787258100.0
2006-09-13,1348.85,1338.39,1356.86,1337.46,32821191.0,0.021,18701751200.0
2006-09-14,1338.35,1338.28,1345.59,1323.8,22217284.0,0.014199999999999999,13679517800.0
2006-09-15,1338.41,1362.32,1362.4,1338.14,36057148.0,0.0231,19594629100.0
2006-09-18,1367.65,1375.56,1375.58,1362.14,31454851.0,0.020099999999999996,18187622900.0
2006-09-19,1377.72,1378.31,1385.62,1371.43,26648301.0,0.017,15942860300.0
2006-09-20,1376.12,1378.46,1381.81,1365.72,23445880.0,0.015,14017239800.0
2006-09-21,1378.46,1387.37,1390.62,1378.46,26094121.0,0.0166,16026131500.0
2006-09-22,1389.87,1374.85,1393.53,1373.94,28265042.0,0.018000000000000002,18173169500.0
2006-09-25,1372.81,1372.4,1383.77,1361.61,24584780.0,0.015600000000000001,15493803700.000002
2006-09-26,1370.86,1357.65,1371.58,1351.18,19703278.0,0.0125,11953758799.999998
2006-09-27,1357.28,1371.12,1371.12,1355.39,17580323.0,0.011200000000000002,10897805800.0
2006-09-28,1372.13,1387.0,1389.56,1369.4,21687792.0,0.0138,14070853899.999998
2006-09-29,1389.08,1403.27,1405.56,1389.04,27166742.0,0.0173,17347640100.0
2006-10-09,1420.36,1436.07,1436.07,1418.21,39191862.0,0.0248,23762250600.0
2006-10-10,1437.69,1437.25,1443.5,1426.97,38400486.0,0.0242,24024747900.0
2006-10-11,1436.68,1435.91,1440.21,1421.81,31617987.0,0.0199,18592012000.0
2006-10-12,1436.2,1426.5,1438.8,1423.63,37956237.0,0.0239,21048271000.0
2006-10-13,1424.3,1430.88,1436.1,1420.96,28295156.0,0.0178,16770804000.0
2006-10-16,1432.31,1418.52,1434.53,1415.49,28492186.0,0.0179,17341289800.0
2006-10-17,1416.95,1414.45,1426.29,1410.67,24224403.0,0.0152,15151116000.0
2006-10-18,1413.91,1437.59,1437.59,1413.55,24290308.0,0.015300000000000001,15015405300.0
2006-10-19,1438.84,1439.38,1445.62,1433.94,23820267.0,0.015,14441180900.0
2006-10-20,1440.67,1440.18,1447.95,1436.65,26560143.0,0.0168,16526648100.0
2006-10-23,1439.54,1408.72,1444.92,1403.01,28950377.0,0.0183,17710776100.0
2006-10-24,1408.58,1440.05,1440.05,1408.58,26189972.0,0.0165,16151232500.0
2006-10-25,1443.11,1446.83,1459.73,1434.81,32204895.0,0.0203,21177150700.0
2006-10-26,1447.09,1456.1,1457.37,1435.28,38466362.0,0.0236,21300294400.0
2006-10-27,1455.98,1439.05,1460.46,1433.36,37379304.0,0.0229,21496189400.0
2006-10-30,1436.66,1446.24,1446.24,1428.33,35320452.0,0.0216,19874455000.0
2006-10-31,1447.06,1464.47,1464.48,1447.06,36952283.0,0.0226,21463617500.0
2006-11-01,1465.67,1479.41,1479.41,1461.32,38926925.0,0.023700000000000002,23518429100.0
2006-11-02,1480.55,1479.66,1480.55,1464.6,42373136.0,0.0258,24757963600.0
2006-11-03,1481.58,1488.29,1497.47,1480.77,39372027.0,0.024,23319284100.0
2006-11-06,1477.44,1507.89,1507.97,1472.0,42033510.0,0.0256,25221678200.0
2006-11-07,1512.65,1516.1,1516.8,1491.33,43038328.0,0.0262,27894550000.0
2006-11-08,1512.36,1498.17,1513.04,1497.01,28722405.0,0.0175,19140307900.0
2006-11-09,1491.8,1524.71,1527.38,1489.2,34030133.0,0.0207,22283038100.0
2006-11-10,1525.23,1504.06,1535.2,1493.2,53922867.0,0.0315,31931185299.999996
2006-11-13,1498.06,1475.78,1512.95,1465.63,41653301.0,0.024300000000000002,25176222100.0
2006-11-14,1475.44,1493.78,1493.88,1453.26,36307885.0,0.0212,22029308300.0
2006-11-15,1494.11,1534.76,1534.85,1490.87,40589216.0,0.023700000000000002,26135569100.0
2006-11-16,1540.26,1533.29,1558.41,1531.29,57760948.0,0.0337,34127308500.0
2006-11-17,1528.01,1562.08,1562.24,1521.55,44446191.0,0.0259,26950444400.0
2006-11-20,1567.34,1593.16,1593.19,1567.34,53412359.0,0.0311,32990614500.0
2006-11-21,1591.47,1612.25,1612.46,1568.95,48601842.0,0.028300000000000002,32628579500.0
2006-11-22,1610.05,1624.03,1639.41,1600.38,57065495.0,0.0332,38065264000.0
2006-11-23,1623.71,1634.91,1642.81,1618.04,51360679.0,0.0298,31474406000.0
2006-11-24,1629.89,1636.58,1640.75,1611.55,49712096.0,0.028900000000000002,32398044900.000004
2006-11-27,1632.66,1651.8,1651.8,1627.92,47267270.0,0.0274,32057818400.0
2006-11-28,1649.68,1644.01,1656.19,1629.83,44762916.0,0.026000000000000002,29502974800.0
2006-11-29,1617.69,1667.14,1672.91,1604.81,45578411.0,0.0265,30895012000.0
2006-11-30,1671.67,1714.36,1714.49,1671.67,60216088.0,0.0349,39869047600.0
2006-12-01,1719.28,1729.22,1741.8,1715.79,58413581.0,0.0338,41045221100.0
2006-12-04,1731.9,1780.74,1780.8,1731.9,71434333.0,0.0414,46947580800.0
2006-12-05,1785.44,1794.23,1811.66,1777.43,67202576.0,0.038900000000000004,47255774600.0
2006-12-06,1794.26,1779.41,1806.65,1717.72,81276700.0,0.046900000000000004,53383291500.0
2006-12-07,1774.19,1775.71,1820.72,1770.57,80487502.0,0.04650000000000001,51388011500.0
2006-12-08,1752.77,1711.58,1772.16,1710.0,66257746.0,0.0382,41980241200.0
2006-12-11,1705.91,1789.92,1790.12,1705.91,51335975.0,0.0296,33169358600.0
2006-12-12,1798.46,1802.79,1819.8,1772.11,57833543.0,0.0334,38702468000.0
2006-12-13,1805.42,1803.86,1813.28,1779.56,48004458.0,0.0277,33154391200.0
2006-12-14,1807.08,1836.14,1836.19,1805.2,47206227.0,0.027200000000000002,33323930900.0
2006-12-15,1842.88,1867.64,1867.78,1832.51,49414441.0,0.0285,36957408000.0
2006-12-18,1875.01,1916.11,1918.29,1875.01,61892990.0,0.035699999999999996,46530167699.99999
2006-12-19,1924.8,1921.44,1936.75,1882.54,67788935.0,0.0391,48969821700.0
2006-12-20,1912.9,1936.55,1936.8,1893.42,56348502.0,0.0325,39745359700.0
2006-12-21,1935.78,1908.99,1945.47,1905.72,60225164.0,0.0347,43437770800.0
2006-12-22,1896.48,1895.64,1918.49,1880.57,46230501.0,0.026600000000000002,34870781800.0
2006-12-25,1898.82,1939.1,1957.47,1898.82,56251742.0,0.0323,41951575100.0
2006-12-26,1941.8,1938.24,1959.98,1914.98,56967383.0,0.032799999999999996,39106900200.0
2006-12-27,1940.41,1982.88,1983.11,1939.55,56005647.0,0.0322,38961689300.0
2006-12-28,1988.02,1979.93,2010.37,1964.97,63192834.0,0.0363,45224328200.0
2006-12-29,1991.88,2041.05,2052.86,1991.88,73851947.0,0.0424,55716388300.0
2007-01-04,2073.25,2067.09,2139.49,2054.24,106719707.0,0.0617,82381072600.0
2007-01-05,2051.15,2072.88,2083.4,2030.76,92743447.0,0.0533,68026060199.99999
2007-01-08,2072.0,2131.56,2131.74,2071.72,84767909.0,0.0487,66303936100.0
2007-01-09,2137.49,2200.09,2201.36,2128.06,81577629.0,0.046900000000000004,65456192699.99999
2007-01-10,2210.76,2255.97,2255.97,2194.77,84904979.0,0.048799999999999996,68822624800.0
2007-01-11,2257.01,2231.63,2289.95,2224.37,86276548.0,0.0496,68730011800.0
2007-01-12,2215.86,2173.75,2249.54,2159.77,76525720.0,0.043899999999999995,61742830400.0
2007-01-15,2170.94,2287.34,2287.68,2170.94,66403097.0,0.0381,57043453700.0
2007-01-16,2310.96,2353.87,2354.43,2297.24,76364254.0,0.0438,67843434200.0
2007-01-17,2360.41,2308.93,2393.22,2266.34,89015540.0,0.051100000000000007,80008901800.0
2007-01-18,2292.17,2317.1,2325.53,2240.21,78648606.0,0.0451,69894972900.0
2007-01-19,2320.87,2396.09,2396.09,2320.87,83334022.0,0.04769999999999999,73538873500.0
2007-01-22,2424.81,2491.31,2491.71,2424.81,93892993.0,0.0537,81870488100.0
2007-01-23,2508.26,2508.13,2516.59,2415.11,102337616.0,0.0584,92812872400.0
2007-01-24,2508.52,2536.43,2556.1,2489.93,84433697.0,0.0481,80277494000.0
2007-01-25,2512.46,2452.83,2529.43,2449.05,81055151.0,0.0462,77241720300.0
2007-01-26,2415.75,2512.92,2524.24,2356.98,78654008.0,0.044800000000000006,73275675700.0
2007-01-29,2529.94,2576.92,2582.41,2521.5,85452085.0,0.0481,79544859400.0
2007-01-30,2586.52,2551.88,2599.45,2531.78,78211528.0,0.044000000000000004,73485013000.0
2007-01-31,2544.3,2385.34,2548.18,2367.67,80909137.0,0.0455,71945032700.0
2007-02-01,2350.6,2395.17,2410.42,2310.57,65078095.0,0.0365,57578101100.0
2007-02-02,2397.06,2298.0,2403.62,2293.28,59377154.0,0.0333,53535112100.0
2007-02-05,2282.77,2271.8,2304.32,2247.93,47587506.0,0.026699999999999998,42358010100.0
2007-02-06,2271.37,2316.04,2316.7,2198.9,67010648.0,0.037599999999999995,61206502600.0
2007-02-07,2330.43,2369.79,2390.87,2330.43,70106390.0,0.0393,66203343400.0
2007-02-08,2376.63,2410.6,2415.96,2354.7,62656540.0,0.0351,58367504100.0
2007-02-09,2412.64,2397.25,2417.64,2376.02,55515532.0,0.0311,51302934000.0
2007-02-12,2397.85,2485.39,2485.76,2396.79,54992320.0,0.0308,51709437000.0
2007-02-13,2498.35,2522.63,2526.23,2489.66,51528862.0,0.028900000000000002,48227864900.0
2007-02-14,2527.56,2588.35,2594.66,2520.53,62777279.0,0.0351,58462267900.0
2007-02-15,2607.63,2668.63,2669.18,2607.63,71631329.0,0.0401,67415688300.0
2007-02-16,2692.67,2676.74,2717.57,2660.49,75908785.0,0.0425,71597577000.0
2007-02-26,2679.26,2707.68,2710.3,2641.12,74531560.0,0.0416,70981612300.0
2007-02-27,2717.81,2457.49,2719.52,2454.92,107736807.0,0.0601,101102755600.0
2007-02-28,2413.42,2544.57,2554.23,2413.33,82822571.0,0.0462,77148246100.0
2007-03-01,2550.26,2473.54,2550.33,2439.5,82159655.0,0.0458,74299578200.0
2007-03-02,2468.67,2508.73,2523.86,2455.82,57946805.0,0.0323,54222099500.0
2007-03-05,2503.82,2475.61,2541.82,2409.72,68517488.0,0.0382,63071754500.0
2007-03-06,2467.74,2520.29,2539.45,2452.14,52633153.0,0.029300000000000003,50261314100.0
2007-03-07,2532.98,2589.44,2594.46,2532.15,59720949.0,0.0332,57623239800.00001
2007-03-08,2597.72,2627.63,2628.45,2565.11,55386559.0,0.0308,53907621500.0
2007-03-09,2632.8,2611.39,2643.81,2587.49,70411326.0,0.0391,67933045100.0
2007-03-12,2612.96,2616.17,2619.5,2563.37,62468921.0,0.0347,60438197500.0
2007-03-13,2620.72,2640.17,2641.63,2605.23,65788908.0,0.0365,62061191800.0
2007-03-14,2609.93,2597.36,2625.12,2546.65,68952088.0,0.0382,66581939500.0
2007-03-15,2595.54,2645.55,2645.88,2595.54,63778489.0,0.0353,63266778500.0
2007-03-16,2656.01,2604.23,2665.39,2576.32,75331850.0,0.0417,74777024500.0
2007-03-19,2533.71,2659.41,2674.8,2523.3,73983566.0,0.040999999999999995,72943661100.0
2007-03-20,2669.64,2672.77,2674.47,2645.25,61249726.0,0.0339,61741482400.0
2007-03-21,2685.93,2702.6,2703.0,2666.89,64612957.0,0.035699999999999996,68369315599.99999
2007-03-22,2720.46,2711.32,2740.28,2702.41,83308074.0,0.0461,86036277700.0
2007-03-23,2710.36,2716.27,2726.62,2653.79,73911919.0,0.0408,76304490400.0
2007-03-26,2725.4,2764.03,2764.4,2713.93,76074773.0,0.042,77796101200.0
2007-03-27,2770.35,2784.02,2789.97,2753.02,80725127.0,0.044500000000000005,84018394700.0
2007-03-28,2787.24,2797.65,2806.08,2689.11,112209970.0,0.061799999999999994,112146081900.0
2007-03-29,2802.38,2783.3,2830.08,2782.93,106567239.0,0.058600000000000006,113233436300.00002
2007-03-30,2768.71,2781.78,2801.95,2753.15,62950706.0,0.0346,66536969300.0
2007-04-02,2793.96,2850.11,2850.15,2793.96,69247883.0,0.0379,76680507900.0
2007-04-03,2861.9,2888.12,2888.33,2852.57,77014495.0,0.042,87091853100.0
2007-04-04,2893.38,2911.82,2924.68,2875.69,75506658.0,0.0412,88456071199.99998
2007-04-05,2909.5,2945.04,2950.66,2895.42,74138991.0,0.04019999999999999,85195598400.0
2007-04-06,2921.73,2972.01,2977.46,2911.05,79102328.0,0.042800000000000005,93049572100.00002
2007-04-09,2988.38,3038.17,3043.06,2988.38,90901705.0,0.049100000000000005,106218793500.0
2007-04-10,3053.36,3081.57,3081.62,2993.11,100888342.0,0.054400000000000004,119702216000.0
2007-04-11,3092.09,3121.32,3121.54,3059.28,101669935.0,0.0548,124218923100.0
2007-04-12,3129.25,3176.44,3176.69,3114.91,92535186.0,0.049800000000000004,118434112300.0
2007-04-13,3182.78,3169.23,3211.61,3154.11,100653116.0,0.0542,129728360700.0
2007-04-16,3177.3,3256.0,3256.57,3177.29,87928940.0,0.0472,112706594200.0
2007-04-17,3273.43,3283.6,3288.17,3182.95,105307105.0,0.0565,133823425800.0
2007-04-18,3294.21,3304.5,3311.98,3244.93,101426707.0,0.054299999999999994,129242252500.0
2007-04-19,3297.95,3150.3,3297.95,3065.28,115270009.0,0.061,143830321600.0
2007-04-20,3165.67,3289.28,3297.41,3165.67,94469869.0,0.049699999999999994,118620475000.0
2007-04-23,3330.8,3431.32,3433.52,3330.8,109958991.0,0.057699999999999994,137583437700.0
2007-04-24,3462.48,3445.2,3490.81,3418.3,114643006.0,0.0601,149412298500.0
2007-04-25,3432.02,3448.28,3467.83,3376.08,100580669.0,0.0527,129089171500.0
2007-04-26,3465.11,3493.58,3493.91,3438.88,78997690.0,0.0414,107807046000.0
2007-04-27,3499.94,3470.52,3503.89,3436.0,80698636.0,0.042199999999999994,113722809800.0
2007-04-30,3487.36,3558.71,3568.68,3478.93,94302864.0,0.049100000000000005,138081371500.0
2007-05-08,3643.81,3686.03,3699.37,3618.78,106788732.0,0.0554,153677419700.0
2007-05-09,3699.3,3701.28,3717.34,3556.62,140648358.0,0.073,189060473200.0
2007-05-10,3703.52,3724.51,3742.23,3671.81,115419922.0,0.059800000000000006,153159215500.0
2007-05-11,3696.29,3702.61,3715.37,3629.71,88961761.0,0.0461,133773914700.0
2007-05-14,3648.27,3734.42,3769.16,3620.86,91098049.0,0.0467,137156727400.0
2007-05-15,3739.05,3604.64,3751.64,3600.21,93578568.0,0.048,138220188500.0
2007-05-16,3598.0,3700.29,3700.65,3557.2,86229268.0,0.0438,126693808200.0
2007-05-17,3716.44,3778.61,3794.16,3705.27,90256478.0,0.045700000000000005,135459100300.0
2007-05-18,3771.27,3776.63,3805.21,3746.24,82418898.0,0.0416,120741772500.0
2007-05-21,3650.8,3831.44,3843.84,3643.08,98478650.0,0.0495,145129794000.0
2007-05-22,3849.04,3870.49,3893.19,3849.04,109618184.0,0.054900000000000004,161323370300.0
2007-05-23,3879.76,3938.95,3939.49,3853.91,98523171.0,0.049400000000000006,147494467200.0
2007-05-24,3953.89,3919.75,3972.58,3858.51,113814264.0,0.057,172374226800.0
2007-05-25,3907.73,3985.25,3996.85,3888.31,95416615.0,0.047400000000000005,150809050000.0
2007-05-28,4033.92,4072.58,4091.94,4027.36,114041851.0,0.056600000000000004,183212932600.00003
2007-05-29,4090.9,4168.29,4168.53,4079.87,113267227.0,0.0558,179476688200.0
2007-05-30,3906.04,3886.46,4104.2,3849.7,132739140.0,0.0654,210318902800.0
2007-05-31,3828.72,3927.95,3991.73,3683.56,126078248.0,0.062,193671976000.0
2007-06-01,3953.1,3803.95,4014.15,3780.03,119937939.0,0.058899999999999994,193980269300.0
2007-06-04,3804.96,3511.43,3822.41,3503.94,90531019.0,0.0444,131296201600.0
2007-06-05,3407.0,3634.63,3635.15,3246.73,113768038.0,0.0557,150764921400.0
2007-06-06,3652.89,3677.58,3712.53,3550.74,95951510.0,0.046900000000000004,135938464200.0
2007-06-07,3694.55,3802.3,3802.3,3684.46,94190581.0,0.0461,137228579100.0
2007-06-08,3814.19,3837.87,3861.21,3769.15,89074742.0,0.0434,136650655500.0
2007-06-11,3876.07,3931.86,3937.79,3870.23,90982277.0,0.044000000000000004,140519100300.0
2007-06-12,3953.96,4036.11,4036.36,3834.02,99389774.0,0.0481,158102391000.0
2007-06-13,4071.74,4118.27,4146.52,4064.15,109452945.0,0.053,165908854400.0
2007-06-14,4103.52,4075.82,4132.0,4022.78,86609180.0,0.04190000000000001,133792270000.0
2007-06-15,4043.11,4099.38,4115.73,4025.1,68779600.0,0.0332,109234266900.0
2007-06-18,4178.76,4227.57,4246.4,4177.19,87872913.0,0.0424,141848326700.0
2007-06-19,4227.59,4253.0,4254.71,4186.18,81540471.0,0.0394,130523272500.0
2007-06-20,4268.65,4157.6,4292.2,4138.33,86863015.0,0.04190000000000001,141060757600.0
2007-06-21,4140.69,4197.28,4208.87,4110.96,73739471.0,0.0355,121783095900.0
2007-06-22,4203.13,4051.43,4220.92,3970.35,79552374.0,0.0383,127747673800.00002
2007-06-25,4066.45,3877.59,4105.99,3850.84,70031044.0,0.0336,113432698699.99998
2007-06-26,3804.41,3928.21,3929.37,3752.93,58885114.0,0.0282,87867742000.0
2007-06-27,3946.88,4040.48,4053.41,3912.2,65290520.0,0.031200000000000002,102131620100.0
2007-06-28,4038.38,3858.52,4067.81,3857.85,66857980.0,0.032,98372047300.0
2007-06-29,3769.33,3764.08,3867.75,3718.16,58920870.0,0.0281,88527586100.0
2007-07-02,3746.18,3757.66,3801.9,3644.19,49747310.0,0.023700000000000002,71995865500.0
2007-07-03,3782.78,3832.23,3835.29,3744.01,46409126.0,0.022099999999999998,68887494500.0
2007-07-04,3840.41,3743.58,3848.08,3727.56,38233716.0,0.0182,59055648000.0
2007-07-05,3688.31,3537.44,3706.6,3535.04,43225527.0,0.020499999999999997,61324056000.0
2007-07-06,3517.6,3710.28,3712.74,3475.27,51366512.0,0.024399999999999998,71894989900.0
2007-07-09,3743.87,3821.3,3840.99,3722.23,54073113.0,0.025699999999999997,79270989400.0
2007-07-10,3832.76,3775.62,3852.93,3764.25,51907868.0,0.0246,77184568000.0
2007-07-11,3751.49,3789.87,3797.81,3732.29,33628907.0,0.0159,51532285700.0
2007-07-12,3799.19,3816.92,3839.21,3780.03,31368119.0,0.0149,45968043200.0
2007-07-13,3825.03,3820.12,3829.68,3773.93,26893242.0,0.0127,38615513800.0
2007-07-16,3824.91,3697.97,3830.37,3697.22,29931857.0,0.014199999999999999,44462951300.0
2007-07-17,3684.34,3789.65,3812.25,3650.25,32553850.0,0.0154,50158226600.0
2007-07-18,3776.94,3807.57,3861.51,3756.7,45975823.0,0.0218,69467831700.0
2007-07-19,3796.92,3807.0,3836.39,3778.51,30258467.0,0.0143,45728488500.0
2007-07-20,3808.08,3971.88,3971.89,3808.08,55271121.0,0.0262,81556215000.0
2007-07-23,4009.06,4156.72,4157.39,4009.06,85276186.0,0.0404,125824176700.0
2007-07-24,4187.33,4161.35,4241.58,4143.59,76090735.0,0.036000000000000004,112024885000.0
2007-07-25,4163.36,4255.46,4256.05,4163.35,64597766.0,0.0305,101771761400.0
2007-07-26,4282.68,4303.19,4325.93,4244.08,65490243.0,0.031,103986605600.0
2007-07-27,4277.55,4307.14,4318.34,4225.03,65021109.0,0.030699999999999998,105910068500.0
2007-07-30,4305.18,4410.3,4426.31,4303.73,75441583.0,0.0355,121083501300.00002
2007-07-31,4402.52,4460.56,4467.65,4359.59,71375042.0,0.0336,118858591400.0
2007-08-01,4479.3,4290.48,4496.25,4271.06,79361665.0,0.0373,128911216800.0
2007-08-02,4311.6,4436.19,4449.4,4303.98,62887538.0,0.029500000000000002,108357964800.0
2007-08-03,4472.89,4598.38,4599.25,4472.89,78190473.0,0.036699999999999997,141287524300.0
2007-08-06,4642.78,4703.98,4704.19,4623.49,76164271.0,0.0358,136599019500.0
2007-08-07,4715.39,4724.55,4771.58,4634.87,83847133.0,0.0394,154638115700.0
2007-08-08,4679.22,4668.09,4741.45,4579.4,88988001.0,0.0418,135476625300.0
2007-08-09,4666.42,4777.29,4779.14,4666.2,72025786.0,0.0338,117191335500.0
2007-08-10,4765.85,4726.68,4771.61,4631.04,74962881.0,0.0352,123598269700.0
2007-08-13,4724.52,4721.19,4767.08,4663.2,85763167.0,0.04019999999999999,137189538100.0
2007-08-14,4721.45,4795.57,4803.57,4704.15,61157911.0,0.0287,105536840100.0
2007-08-15,4804.68,4798.75,4836.59,4697.97,63466427.0,0.0297,109902913400.0
2007-08-16,4772.36,4721.94,4772.97,4665.21,63594794.0,0.0297,110214697800.0
2007-08-17,4694.2,4626.58,4774.99,4616.97,63652120.0,0.0297,111565219700.0
2007-08-20,4749.2,4885.43,4885.84,4747.27,67812204.0,0.0315,119259346500.0
2007-08-21,4915.52,4972.71,4995.53,4909.84,74440593.0,0.0345,132902401500.0
2007-08-22,4899.93,5051.69,5075.89,4887.14,74028925.0,0.034300000000000004,138722276000.0
2007-08-23,5075.51,5135.93,5154.85,5028.12,68051882.0,0.0315,130873214300.0
2007-08-24,5161.15,5217.58,5231.15,5158.03,73769875.0,0.0342,134546099500.0
2007-08-27,5250.62,5243.15,5296.57,5191.28,82631454.0,0.0383,149375480500.0
2007-08-28,5220.64,5251.77,5270.3,5136.61,75066789.0,0.0347,140419665200.0
2007-08-29,5215.65,5171.82,5283.33,5138.34,72929456.0,0.0337,138983549300.0
2007-08-30,5193.73,5241.23,5247.57,5176.0,67298490.0,0.0311,123820181500.0
2007-08-31,5255.09,5296.81,5307.42,5219.99,66780357.0,0.0308,122862402300.0
2007-09-03,5335.05,5419.17,5433.75,5335.05,82849166.0,0.0382,149612423400.0
2007-09-04,5421.25,5360.33,5429.21,5333.49,79914832.0,0.0368,147686666900.0
2007-09-05,5357.55,5363.25,5389.33,5265.06,65364902.0,0.03,122740698500.0
2007-09-06,5389.49,5412.04,5448.84,5365.5,70608574.0,0.032400000000000005,128581017800.0
2007-09-07,5382.91,5294.79,5402.71,5284.65,79298880.0,0.0364,145930428800.0
2007-09-10,5226.74,5377.22,5380.46,5182.1,65095672.0,0.0298,116768981199.99998
2007-09-11,5384.56,5124.09,5414.0,5104.35,68806690.0,0.0315,127249654100.0
2007-09-12,5102.58,5202.86,5212.65,5059.46,61572253.0,0.0282,113773908600.0
2007-09-13,5230.65,5349.97,5351.58,5212.03,59746929.0,0.0274,118934715200.0
2007-09-14,5362.46,5397.28,5405.85,5274.22,60295626.0,0.0276,118739158200.0
2007-09-17,5389.5,5498.91,5504.77,5387.68,69403132.0,0.0318,131402296800.0
2007-09-18,5524.1,5476.84,5533.53,5405.18,71621810.0,0.032799999999999996,140263032500.0
2007-09-19,5487.38,5419.27,5498.59,5385.42,55880065.0,0.0255,110132780600.0
2007-09-20,5436.64,5494.92,5501.4,5430.31,56712136.0,0.0259,113725795100.0
2007-09-21,5508.5,5468.1,5516.11,5357.5,61106356.0,0.0279,121125875000.0
2007-09-24,5481.38,5513.9,5541.13,5400.68,54184817.0,0.024700000000000003,116678459300.0
2007-09-25,5524.02,5454.62,5540.87,5423.52,45326230.0,0.0207,95494833300.0
2007-09-26,5433.63,5361.02,5489.86,5338.31,39171156.0,0.0179,84077769500.0
2007-09-27,5364.53,5427.66,5429.05,5338.04,33759056.0,0.0154,71569513500.0
2007-09-28,5479.85,5580.81,5590.85,5479.85,48514620.0,0.022099999999999998,104224265200.0
2007-10-08,5703.28,5653.14,5715.91,5617.1,66449703.0,0.0302,128709142300.0
2007-10-09,5638.63,5675.93,5682.97,5582.77,53633490.0,0.024399999999999998,107594055399.99998
2007-10-10,5694.99,5685.76,5776.21,5653.79,63994455.0,0.0291,128506102700.0
2007-10-11,5695.13,5760.08,5761.22,5650.1,65141101.0,0.029500000000000002,137428901800.0
2007-10-12,5777.9,5737.22,5796.28,5485.56,78001064.0,0.0354,160588747300.0
2007-10-15,5761.87,5821.45,5824.98,5690.07,70682111.0,0.032,155052082100.0
2007-10-16,5851.54,5877.2,5885.48,5815.61,64692049.0,0.0286,135092342899.99998
2007-10-17,5862.38,5824.12,5891.72,5797.61,48869768.0,0.0216,108328401199.99998
2007-10-18,5813.24,5615.75,5813.24,5593.99,48595630.0,0.0215,106494804600.00002
2007-10-19,5651.03,5614.06,5711.5,5563.78,38466457.0,0.017,84971542100.00002
2007-10-22,5543.79,5472.68,5594.5,5465.85,35867499.0,0.0159,74730406200.0
2007-10-23,5467.83,5540.09,5541.96,5373.05,41896800.0,0.018500000000000003,90014313500.0
2007-10-24,5564.48,5588.01,5644.97,5553.33,44661238.0,0.0196,99449964400.0
2007-10-25,5549.66,5333.79,5556.55,5312.85,50821706.0,0.0223,103890714000.0
2007-10-26,5279.1,5394.81,5428.58,5266.37,35895965.0,0.0154,77283751800.0
2007-10-29,5428.68,5508.36,5509.35,5428.68,35233977.0,0.0146,72353863100.0
2007-10-30,5529.96,5596.07,5597.27,5467.52,39193921.0,0.016200000000000003,79727986800.0
2007-10-31,5663.76,5688.54,5691.87,5590.54,50329469.0,0.0208,103782288699.99998
2007-11-01,5701.49,5605.23,5702.21,5604.79,46612479.0,0.019299999999999998,96342741700.0
2007-11-02,5514.85,5472.93,5565.66,5448.99,43289500.0,0.0179,93671082500.0
2007-11-05,5438.81,5360.31,5494.62,5333.38,33695018.0,0.0139,74190195900.0
2007-11-06,5331.31,5317.55,5406.11,5295.79,27057854.0,0.011200000000000002,56491531400.0
2007-11-07,5348.56,5350.63,5388.64,5231.61,30061349.0,0.0124,59639211000.0
2007-11-08,5321.86,5093.67,5321.86,5090.96,36054893.0,0.0149,72978743500.0
2007-11-09,5042.76,5040.52,5129.11,4962.3,34583826.0,0.0143,67968651400.0
2007-11-12,4916.82,4978.25,5018.11,4795.43,38413922.0,0.0159,75901043300.0
2007-11-13,5024.52,4939.24,5082.64,4866.16,36862079.0,0.0152,74714823700.0
2007-11-14,5013.78,5145.89,5147.01,4924.82,35231542.0,0.0146,73449657300.0
2007-11-15,5129.81,5081.11,5170.97,5069.52,31759464.0,0.0131,66609044800.00001
2007-11-16,4999.84,5007.66,5021.71,4917.49,23310991.0,0.0096,47079247200.0
2007-11-19,5017.4,4994.42,5033.95,4968.73,25548101.0,0.0104,48969993099.99999
2007-11-20,4962.64,5069.38,5099.52,4916.47,33562714.0,0.013600000000000001,66536135000.0
2007-11-21,5087.25,4997.62,5135.25,4993.29,26803122.0,0.0109,53059452200.0
2007-11-22,4902.63,4772.62,4949.34,4759.91,26507716.0,0.010700000000000001,53714123099.99999
2007-11-23,4733.37,4856.16,4857.05,4711.79,20146305.0,0.008199999999999999,41174112100.0
2007-11-26,4931.6,4800.08,4954.18,4795.35,23622276.0,0.0096,48427046800.0
2007-11-27,4759.01,4711.15,4806.83,4708.8,20886840.0,0.0085,44831910300.0
2007-11-28,4724.47,4648.75,4760.66,4619.51,22482368.0,0.0091,45167306000.0
2007-11-29,4708.38,4842.07,4847.58,4637.48,36872990.0,0.0149,72895752100.0
2007-11-30,4841.08,4737.41,4841.08,4723.79,29383696.0,0.011899999999999999,57402977600.0
2007-12-03,4714.92,4772.67,4809.27,4689.52,22255934.0,0.009000000000000001,43698299000.0
2007-12-04,4786.64,4829.21,4886.58,4786.64,22643592.0,0.0091,43927028900.0
2007-12-05,4829.95,4965.95,4970.17,4815.61,31769165.0,0.0128,61090180300.0
2007-12-06,4986.25,4971.06,4999.93,4928.13,23711591.0,0.0095,47436272900.0
2007-12-07,4979.84,5041.35,5041.78,4977.87,27198223.0,0.0109,50380400700.0
2007-12-10,4961.67,5133.56,5138.69,4944.83,42780691.0,0.0172,82898156000.0
2007-12-11,5162.09,5140.0,5181.41,5068.03,40586457.0,0.0163,82034387500.0
2007-12-12,5108.58,5077.39,5130.72,5033.72,39828251.0,0.016,83753500000.0
2007-12-13,5051.78,4884.3,5067.39,4881.34,36819590.0,0.0148,77125151900.0
2007-12-14,4827.39,4977.65,4979.19,4800.24,30727925.0,0.0123,61162569200.0
2007-12-17,4976.24,4857.29,4977.57,4855.17,37014522.0,0.0149,76935382700.0
2007-12-18,4827.26,4829.91,4883.0,4799.0,22930076.0,0.0092,47447352500.0
2007-12-19,4877.77,4946.29,4961.59,4865.35,32101858.0,0.0129,60379853500.0
2007-12-20,4968.03,5037.19,5048.06,4935.4,31319917.0,0.0124,59927497300.00001
2007-12-21,5016.46,5101.85,5103.77,5014.7,37251494.0,0.0147,73549811300.0
2007-12-24,5142.16,5207.13,5239.22,5129.6,50319967.0,0.019799999999999998,103969755900.0
2007-12-25,5217.56,5216.81,5244.03,5180.59,38973705.0,0.015300000000000001,79333659600.0
2007-12-26,5231.97,5265.03,5273.14,5194.75,41468115.0,0.0163,83694909400.0
2007-12-27,5286.98,5367.53,5367.53,5260.1,52345018.0,0.020499999999999997,109216836199.99998
2007-12-28,5379.52,5338.27,5391.67,5323.82,45361415.0,0.0178,95056654600.00002
2008-01-02,5349.76,5385.1,5404.93,5283.45,45668710.0,0.0176,98886433500.0
2008-01-03,5381.15,5422.03,5422.67,5315.95,64645878.0,0.024900000000000002,135983354900.0
2008-01-04,5430.63,5483.65,5499.09,5422.46,51746420.0,0.02,118866230600.0
2008-01-07,5480.44,5556.59,5569.15,5455.5,53485409.0,0.020499999999999997,123189550000.0
2008-01-08,5575.95,5528.05,5630.62,5485.23,64899501.0,0.024900000000000002,147975753700.0
2008-01-09,5507.12,5613.76,5614.68,5490.31,46796872.0,0.0179,108368103200.0
2008-01-10,5631.65,5672.15,5707.67,5602.59,64229893.0,0.0245,144316455600.0
2008-01-11,5688.56,5699.15,5702.57,5629.64,56167079.0,0.021400000000000002,122241534800.0
2008-01-14,5717.52,5731.76,5756.92,5679.29,49846010.0,0.019,109356398000.0
2008-01-15,5743.43,5696.45,5754.11,5652.04,50886608.0,0.0194,119673141900.0
2008-01-16,5642.57,5505.72,5642.57,5498.39,55774469.0,0.0213,126634977000.0
2008-01-17,5445.8,5365.62,5533.65,5226.64,61936933.0,0.0236,136052424600.00002
2008-01-18,5358.18,5414.47,5419.57,5307.5,43913005.0,0.0167,95080872899.99998
2008-01-21,5424.64,5145.73,5434.35,5122.46,47833617.0,0.0182,101540050200.0
2008-01-22,5015.43,4753.87,5032.25,4708.39,60772692.0,0.0232,126029341700.0
2008-01-23,4787.17,4975.11,4976.27,4751.5,55776385.0,0.0213,111006127500.0
2008-01-24,5034.53,5027.21,5079.8,4926.37,56605987.0,0.0216,114169075399.99998
2008-01-25,5022.9,5077.43,5121.41,4966.52,47142108.0,0.0179,100680076900.0
2008-01-28,5038.51,4731.88,5038.51,4711.28,41425283.0,0.015700000000000002,81460742900.0
2008-01-29,4742.9,4762.08,4845.66,4688.73,29062256.0,0.011000000000000001,58040616600.0
2008-01-30,4817.16,4710.65,4858.1,4606.14,34098976.0,0.0129,72219233300.0
2008-01-31,4693.61,4620.4,4733.7,4614.28,30852580.0,0.011699999999999999,64311666800.0
2008-02-01,4623.62,4571.94,4660.99,4414.12,35125528.0,0.013300000000000001,67941469300.0
2008-02-04,4695.55,4950.12,4951.25,4695.55,40953145.0,0.0155,85660385500.0
2008-02-05,4942.88,4921.83,4995.57,4878.12,32796356.0,0.012199999999999999,70626096600.0
2008-02-13,4858.81,4816.08,4883.24,4785.8,21475659.0,0.008,43271699300.0
2008-02-14,4858.85,4880.25,4913.32,4842.85,19837789.0,0.0074,40152821000.0
2008-02-15,4846.02,4813.31,4846.02,4742.1,24262601.0,0.009000000000000001,47298764900.0
2008-02-18,4875.21,4910.99,4944.88,4845.31,30590078.0,0.0113,61844630500.0
2008-02-19,4926.84,5020.75,5020.75,4885.69,36176965.0,0.0134,74207768900.0
2008-02-20,5032.78,4908.72,5062.26,4901.66,39557722.0,0.0147,84980855900.0
2008-02-21,4878.57,4876.03,4924.45,4796.1,33403616.0,0.0124,67932116500.0
2008-02-22,4850.88,4702.24,4850.88,4649.81,37918627.0,0.013999999999999999,77110349600.0
2008-02-25,4704.32,4519.78,4722.64,4510.69,33652001.0,0.0125,65323658099.99999
2008-02-26,4637.6,4515.53,4668.83,4394.59,33276390.0,0.0123,67625962800.0
2008-02-27,4543.1,4639.77,4660.41,4500.89,29592393.0,0.0108,60311456900.00001
2008-02-28,4651.16,4622.06,4670.17,4582.82,25398171.0,0.009300000000000001,50332555400.0
2008-02-29,4616.24,4674.55,4683.16,4597.63,23350858.0,0.0086,47275050900.0
2008-03-03,4648.73,4790.74,4803.9,4611.7,39258411.0,0.014199999999999999,79684960700.0
2008-03-04,4813.4,4671.15,4836.66,4657.38,45129777.0,0.0163,88557686700.0
2008-03-05,4650.52,4628.72,4689.97,4519.74,39417993.0,0.0143,73479598000.0
2008-03-06,4645.07,4685.03,4746.58,4592.62,44402268.0,0.0161,85710623000.0
2008-03-07,4641.75,4621.69,4693.21,4597.01,28690945.0,0.0104,60552444800.00001
2008-03-10,4588.77,4431.59,4588.77,4406.23,31780355.0,0.0115,61147375700.0
2008-03-11,4393.28,4441.18,4441.18,4315.18,26276592.0,0.0095,52344309100.0
2008-03-12,4534.81,4309.65,4553.34,4308.35,27145644.0,0.0098,55702634300.0
2008-03-13,4266.27,4198.96,4296.36,4121.27,34451307.0,0.0124,65769466300.0
2008-03-14,4179.44,4157.87,4212.41,4092.79,23427885.0,0.0084,45564248800.0
2008-03-17,4138.88,3965.28,4138.88,3958.29,28180961.0,0.0101,52376089100.0
2008-03-18,3924.87,3763.95,3996.96,3700.35,34523751.0,0.0123,58459478200.0
2008-03-19,3837.6,3888.86,3954.47,3776.3,37898477.0,0.013500000000000002,68823708400.0
2008-03-20,3833.21,4001.83,4044.69,3658.04,46212944.0,0.0165,82432595400.0
2008-03-21,3998.2,4037.83,4083.16,3958.97,42615163.0,0.0152,74985408700.0
2008-03-24,4086.07,3857.09,4103.57,3857.09,35842438.0,0.0128,63943570199.99999
2008-03-25,3780.46,3905.77,3937.67,3747.02,32245863.0,0.0115,58292419100.0
2008-03-26,3926.86,3914.37,4001.55,3888.02,28036763.0,0.01,52026059300.0
2008-03-27,3847.44,3748.92,3873.61,3745.88,32000668.0,0.011399999999999999,55151411000.0
2008-03-28,3712.98,3918.16,3925.86,3661.38,42096777.0,0.015,72726088800.0
2008-03-31,3802.21,3790.53,3891.66,3780.12,29440841.0,0.0105,51166600000.0
2008-04-01,3776.27,3582.86,3815.16,3566.21,35303462.0,0.0126,58962080500.0
2008-04-02,3621.39,3547.98,3698.53,3493.18,42765884.0,0.0152,70102758300.0
2008-04-03,3518.22,3650.7,3665.65,3457.62,32989493.0,0.011699999999999999,54233901200.0
2008-04-07,3611.96,3845.82,3854.07,3578.38,40484982.0,0.014199999999999999,70525926900.0
2008-04-08,3852.01,3891.06,3935.33,3820.1,44067922.0,0.0154,76485916300.0
2008-04-09,3857.27,3688.13,3911.7,3687.6,38997168.0,0.013600000000000001,64555767400.0
2008-04-10,3641.66,3754.72,3754.72,3608.32,28804396.0,0.01,47152258300.0
2008-04-11,3794.3,3783.73,3825.29,3755.01,26328590.0,0.0092,44418993000.0
2008-04-14,3699.14,3536.33,3710.79,3525.19,33427046.0,0.0116,54637417000.0
2008-04-15,3513.07,3583.3,3583.86,3417.25,30656886.0,0.0106,48997126600.0
2008-04-16,3573.66,3494.02,3583.81,3483.19,26528120.0,0.0092,42087715000.0
2008-04-17,3493.24,3386.63,3559.1,3340.88,29530618.0,0.0102,46829953200.0
2008-04-18,3356.56,3272.5,3390.55,3248.53,27888162.0,0.0097,42184118900.0
2008-04-21,3516.43,3267.55,3516.43,3223.89,41362307.0,0.0143,64657686500.0
2008-04-22,3207.88,3296.28,3301.55,3122.39,32537969.0,0.0113,47706441800.0
2008-04-23,3267.36,3453.73,3467.43,3245.3,44272553.0,0.015300000000000001,67718617100.0
2008-04-24,3739.32,3774.5,3781.48,3659.73,96574896.0,0.0329,149394569200.0
2008-04-25,3781.91,3803.07,3915.84,3737.98,84814491.0,0.028900000000000002,147098326800.0
2008-04-28,3740.95,3729.15,3791.77,3711.19,48831235.0,0.0165,85070654700.0
2008-04-29,3704.93,3776.94,3797.53,3702.02,44540440.0,0.015,78895825500.0
2008-04-30,3793.85,3959.12,3970.58,3793.85,69909777.0,0.0235,122637220700.0
2008-05-05,4015.21,4055.78,4061.47,3972.56,62534073.0,0.021,111004387200.0
2008-05-06,4021.07,4010.89,4075.58,3961.34,58459280.0,0.0195,106198405600.0
2008-05-07,3986.13,3821.32,4042.41,3821.11,54457706.0,0.0181,98465318600.0
2008-05-08,3774.04,3925.04,3926.0,3761.28,44055668.0,0.0146,77839103300.0
2008-05-09,3960.89,3878.92,3973.06,3806.52,53655929.0,0.0178,96377859500.0
2008-05-12,3804.99,3904.92,3952.79,3766.58,45382660.0,0.015,81691485400.0
2008-05-13,3786.53,3851.69,3923.17,3778.72,50338012.0,0.0167,79847321500.0
2008-05-14,3843.47,3975.78,3975.79,3843.47,50606901.0,0.0167,85230874900.0
2008-05-15,4006.66,3948.09,4038.85,3948.06,50772975.0,0.0167,81795877200.0
2008-05-16,3948.03,3936.12,3982.22,3882.9,39721752.0,0.0125,66279363900.0
2008-05-19,3926.31,3914.07,3936.28,3865.5,29709581.0,0.009300000000000001,49755651500.0
2008-05-20,3911.1,3710.82,3946.44,3698.55,39702629.0,0.0124,64572032500.0
2008-05-21,3668.18,3783.05,3801.07,3591.57,43596162.0,0.013600000000000001,69179112300.0
2008-05-22,3732.64,3711.44,3783.85,3704.16,40742717.0,0.0127,66281212000.0
2008-05-23,3697.89,3675.15,3741.06,3629.01,33440431.0,0.0104,52530762900.0
2008-05-26,3643.01,3559.22,3643.01,3555.76,28180190.0,0.0088,45524374400.00001
2008-05-27,3549.99,3576.2,3594.66,3533.47,24762693.0,0.0077,39856280200.0
2008-05-28,3583.28,3676.23,3698.0,3561.73,31034914.0,0.0096,49994772600.0
2008-05-29,3666.2,3580.87,3677.02,3578.73,29422740.0,0.0091,46589022200.0
2008-05-30,3585.61,3611.33,3620.23,3552.66,28590847.0,0.0089,46886682699.99999
2008-06-02,3600.23,3625.83,3650.48,3580.58,28253358.0,0.0088,41966896800.0
2008-06-03,3624.57,3614.11,3641.43,3585.12,34735141.0,0.010700000000000001,48796407600.0
2008-06-04,3601.06,3546.92,3605.06,3513.64,29417653.0,0.0091,42963714400.00001
2008-06-05,3529.98,3512.14,3542.24,3487.79,23989279.0,0.0074,36565913500.0
2008-06-06,3519.12,3489.5,3532.3,3470.56,20944229.0,0.006500000000000001,30298595299.999996
2008-06-10,3344.45,3206.56,3352.32,3188.8,32949961.0,0.0102,45818267300.00001
2008-06-11,3155.94,3140.3,3181.82,3097.4,29409735.0,0.0091,40596532600.0
2008-06-12,3123.64,3084.63,3148.74,3022.88,31454109.0,0.0097,42817386700.0
2008-06-13,3087.34,2979.12,3108.99,2975.66,25319837.0,0.0078000000000000005,33193994600.0
2008-06-16,2981.09,2952.24,3012.99,2900.08,26813794.0,0.008199999999999999,33731835299.999996
2008-06-17,2950.4,2842.68,2977.89,2820.64,26463778.0,0.008,32031255900.0
2008-06-18,2820.24,2991.27,3007.18,2759.11,42560095.0,0.0129,52826656400.0
2008-06-19,2967.4,2773.08,2967.4,2768.23,36319039.0,0.011000000000000001,45264911700.0
2008-06-20,2795.47,2849.67,2946.94,2691.87,51675905.0,0.015700000000000002,65259567900.0
2008-06-23,2798.43,2789.94,2845.48,2771.36,26631493.0,0.008,32382379600.0
2008-06-24,2775.69,2851.92,2865.9,2770.99,31792456.0,0.0096,38885761900.0
2008-06-25,2844.92,2969.54,2973.17,2834.95,42425261.0,0.0128,51619342900.0
2008-06-26,2964.52,2980.91,3010.28,2922.79,42599312.0,0.0128,52508562500.0
2008-06-27,2886.18,2816.02,2899.84,2787.25,40886556.0,0.0123,49324841000.0
2008-06-30,2782.84,2791.82,2834.27,2747.61,25295406.0,0.0076,31502446100.0
2008-07-01,2799.2,2698.35,2809.38,2690.18,28851585.0,0.0083,35242551800.0
2008-07-02,2702.63,2699.6,2745.94,2670.06,27916365.0,0.008,35126248100.0
2008-07-03,2654.48,2760.61,2807.68,2617.26,45660305.0,0.0131,58808144300.0
2008-07-04,2751.21,2741.85,2783.85,2716.02,37905010.0,0.0109,47363589900.0
2008-07-07,2747.61,2882.76,2890.99,2747.61,52732024.0,0.0151,63284782100.0
2008-07-08,2900.57,2901.84,2939.14,2841.07,54248078.0,0.015600000000000001,67887147500.0
2008-07-09,2927.0,3015.13,3015.27,2927.0,69356968.0,0.0199,85846257400.0
2008-07-10,2970.98,2973.73,3056.91,2950.2,61649554.0,0.0177,77643542700.0
2008-07-11,2962.86,2953.5,2988.2,2913.87,44287101.0,0.0127,55085357600.0
2008-07-14,2927.24,2975.87,2996.59,2917.02,34575043.0,0.009899999999999999,43920558800.0
2008-07-15,2987.06,2852.98,2997.67,2849.2,47292759.0,0.013500000000000002,57118257300.00001
2008-07-16,2818.76,2745.6,2824.88,2702.66,39403115.0,0.011200000000000002,45361333500.0
2008-07-17,2790.26,2718.07,2812.99,2705.81,32687335.0,0.009300000000000001,38054364900.0
2008-07-18,2746.54,2815.46,2818.06,2690.07,40203402.0,0.011399999999999999,47213298900.0
2008-07-21,2792.83,2911.05,2915.29,2780.28,45119577.0,0.0128,54938055500.0
2008-07-22,2905.28,2904.74,2931.45,2890.25,38814976.0,0.011000000000000001,47781613200.0
2008-07-23,2923.05,2883.32,2941.97,2879.19,38821233.0,0.011000000000000001,46949545100.0
2008-07-24,2905.04,2977.36,2979.75,2902.98,48538665.0,0.0137,60255657000.0
2008-07-25,2939.32,2939.2,2967.72,2916.68,40571081.0,0.0115,47706187699.99999
2008-07-28,2959.11,2960.85,2997.6,2946.49,39308640.0,0.0111,47089423700.0
2008-07-29,2921.25,2905.63,2921.25,2881.05,36036275.0,0.0102,42192023700.0
2008-07-30,2940.02,2884.38,2949.94,2866.03,29810800.0,0.0084,34223911900.0
2008-07-31,2894.25,2805.21,2899.07,2804.7,27940966.0,0.0079,31179208400.0
2008-08-01,2786.12,2840.79,2868.68,2748.75,34031491.0,0.0096,39748408700.0
2008-08-04,2816.94,2773.15,2832.9,2767.53,22782324.0,0.0064,27440273000.0
2008-08-05,2780.76,2703.08,2792.74,2695.37,30469235.0,0.0085,34770819700.0
2008-08-06,2723.52,2721.69,2749.1,2679.66,27404022.0,0.0077,31744599200.0
2008-08-07,2717.66,2720.44,2747.88,2683.41,23370439.0,0.0066,26661008800.0
2008-08-08,2719.38,2591.46,2719.38,2581.81,30894581.0,0.0087,33617694700.000004
2008-08-11,2579.8,2456.81,2580.72,2442.79,32120206.0,0.009000000000000001,32454532500.0
2008-08-12,2431.38,2444.16,2474.32,2413.6,24191944.0,0.0067,24459629800.0
2008-08-13,2427.5,2444.67,2466.09,2369.58,27551711.0,0.0077,27480615900.0
2008-08-14,2429.98,2443.51,2461.24,2410.49,20157236.0,0.005600000000000001,21156177500.0
2008-08-15,2440.39,2447.62,2479.15,2412.95,20422261.0,0.005699999999999999,21296936000.0
2008-08-18,2451.31,2313.4,2452.63,2312.95,23623106.0,0.006500000000000001,22662870900.0
2008-08-19,2285.51,2348.47,2356.19,2273.89,19477106.0,0.0052,18407578100.0
2008-08-20,2332.39,2532.94,2533.3,2312.18,45043415.0,0.0121,44564422699.99999
2008-08-21,2494.26,2443.98,2535.86,2438.86,37518040.0,0.01,39651327300.0
2008-08-22,2421.25,2404.93,2437.43,2362.63,26298241.0,0.006999999999999999,26183849100.0
2008-08-25,2408.03,2400.55,2439.91,2373.76,18643190.0,0.005,18965202100.0
2008-08-26,2370.53,2331.53,2390.66,2306.94,23741937.0,0.0063,22262896100.0
2008-08-27,2322.54,2325.29,2367.72,2291.35,23862584.0,0.0064,23579970700.0
2008-08-28,2325.26,2335.87,2363.56,2316.68,20400291.0,0.0054,21711091900.0
2008-08-29,2347.4,2391.64,2418.05,2339.52,28877845.0,0.0077,29000899600.0
2008-09-01,2372.64,2309.17,2372.64,2297.02,21152803.0,0.005600000000000001,21384882100.0
2008-09-02,2292.69,2285.41,2309.21,2268.0,18440498.0,0.0049,18645029600.0
2008-09-03,2279.6,2245.96,2296.03,2219.56,23749474.0,0.0063,24066625099.999996
2008-09-04,2238.65,2251.15,2270.41,2216.11,18984780.0,0.005,18548580300.0
2008-09-05,2193.04,2183.43,2221.09,2172.94,21654480.0,0.005699999999999999,19709566300.0
2008-09-08,2189.82,2126.52,2198.76,2119.12,22186554.0,0.0059,20114131900.0
2008-09-09,2135.22,2139.15,2150.99,2111.4,17624298.0,0.004699999999999999,15480632800.0
2008-09-10,2124.97,2143.18,2181.25,2099.23,22057844.0,0.0059,20307095400.0
2008-09-11,2135.45,2072.13,2142.0,2067.25,22176781.0,0.0059,20678010800.0
2008-09-12,2071.06,2077.85,2102.98,2066.44,19197020.0,0.0051,17652324500.0
2008-09-16,2050.32,2000.65,2050.32,1987.3,33563261.0,0.0089,28769300500.0
2008-09-17,1981.25,1929.14,2003.91,1923.55,32862242.0,0.0087,26988614900.000004
2008-09-18,1876.97,1895.99,1936.74,1804.77,47820263.0,0.0127,36844924100.0
2008-09-19,2065.78,2073.11,2073.11,2046.22,36525404.0,0.0096,32104719700.000004
2008-09-22,2228.37,2207.61,2258.42,2130.31,101993873.0,0.0268,98415575900.0
2008-09-23,2141.6,2123.48,2180.37,2118.92,78365617.0,0.0206,69516678100.0
2008-09-24,2072.65,2138.85,2139.22,2050.97,45328180.0,0.011899999999999999,40183637800.0
2008-09-25,2143.73,2223.53,2256.27,2139.62,74237912.0,0.0195,71758274900.0
2008-09-26,2234.46,2243.66,2257.16,2192.13,59429943.0,0.0155,59518096800.0
2008-10-06,2206.56,2128.7,2206.56,2128.27,45575264.0,0.011899999999999999,41827343300.0
2008-10-07,2043.92,2102.45,2136.12,2024.65,43065325.0,0.011200000000000002,41512001000.0
2008-10-08,2041.99,2022.88,2073.07,2000.52,36874700.0,0.0096,34689894700.0
2008-10-09,2059.59,1995.3,2063.3,1993.01,33582311.0,0.0088,31760285099.999996
2008-10-10,1913.27,1906.96,1938.22,1881.67,39151593.0,0.0102,32924106700.0
2008-10-13,1889.75,1985.49,1985.63,1841.53,43538120.0,0.0113,37606423800.0
2008-10-14,2054.41,1934.62,2060.49,1934.46,54331946.0,0.014199999999999999,48975116600.0
2008-10-15,1911.03,1914.36,1930.63,1892.02,31892398.0,0.0083,26555892300.0
2008-10-16,1833.48,1820.9,1866.9,1818.93,40529648.0,0.0104,32493846800.0
2008-10-17,1837.91,1833.26,1851.33,1805.67,28715420.0,0.0074,23017436100.0
2008-10-20,1828.41,1896.73,1899.35,1802.1,33277152.0,0.0086,28435447599.999996
2008-10-21,1901.24,1881.41,1928.19,1880.52,38908395.0,0.01,33588996400.0
2008-10-22,1854.6,1833.32,1887.31,1832.45,32968572.0,0.0085,26562835700.0
2008-10-23,1794.68,1834.78,1836.41,1779.13,35758654.0,0.0092,29078802700.0
2008-10-24,1831.46,1781.6,1840.88,1769.11,32980668.0,0.0084,27101012200.000004
2008-10-27,1746.67,1654.67,1746.67,1652.79,36441847.0,0.009300000000000001,27867517900.0
2008-10-28,1614.62,1705.82,1716.31,1607.67,46792804.0,0.012,36435875500.0
2008-10-29,1723.23,1658.22,1731.26,1657.65,38869488.0,0.01,31224265099.999996
2008-10-30,1669.97,1697.66,1723.93,1646.35,41284292.0,0.0106,32165805400.0
2008-10-31,1688.09,1663.66,1696.65,1655.09,28314534.0,0.0072,21281902700.0
2008-11-03,1648.56,1653.54,1684.56,1643.42,25381097.0,0.006500000000000001,19514009900.0
2008-11-04,1646.2,1627.76,1648.45,1606.73,26100165.0,0.0067,18984761500.0
2008-11-05,1641.26,1691.42,1714.66,1641.26,42418210.0,0.0108,31500415000.0
2008-11-06,1648.13,1649.78,1661.44,1638.34,30784179.0,0.0079,21547045099.999996
2008-11-07,1618.75,1677.83,1690.11,1612.74,31521590.0,0.008,23620464900.000004
2008-11-10,1714.12,1801.67,1803.12,1714.12,63948859.0,0.0163,47322292100.0
2008-11-11,1795.3,1781.36,1824.93,1778.33,66072851.0,0.0169,49194274300.0
2008-11-12,1758.48,1801.82,1806.23,1754.29,44087960.0,0.011200000000000002,34453792500.0
2008-11-13,1777.03,1874.08,1891.94,1765.64,83234552.0,0.0212,64988756200.0
2008-11-14,1893.31,1943.65,1943.65,1874.93,91168717.0,0.0232,73429585000.0
2008-11-17,1934.74,1987.23,1987.23,1919.97,87836626.0,0.022400000000000003,70919184200.0
2008-11-18,1974.38,1839.82,1994.82,1831.76,97278353.0,0.0248,76165748600.0
2008-11-19,1831.6,1953.16,1959.52,1823.27,82117408.0,0.0209,64838117200.0
2008-11-20,1916.7,1932.43,1976.95,1900.27,83187038.0,0.0212,66919038900.0
2008-11-21,1872.27,1920.74,1968.89,1835.09,83049329.0,0.021099999999999997,66124274800.00001
2008-11-24,1913.99,1837.64,1923.93,1835.86,50561517.0,0.0128,39794620400.0
2008-11-25,1870.06,1834.29,1883.1,1801.56,42814590.0,0.0109,34629652300.0
2008-11-26,1832.11,1843.5,1865.65,1815.02,45565635.0,0.0115,34732301400.0
2008-11-27,1961.89,1870.47,1969.02,1870.05,88008322.0,0.0223,71753358100.0
2008-11-28,1851.1,1829.92,1866.26,1815.45,51590660.0,0.0131,40648514400.0
2008-12-01,1823.77,1864.21,1864.3,1799.84,48386333.0,0.012199999999999999,38237160200.0
2008-12-02,1821.54,1868.63,1891.13,1814.9,61350235.0,0.0155,48151924100.0
2008-12-03,1884.6,1952.67,1952.67,1884.6,85019144.0,0.021400000000000002,67393273300.0
2008-12-04,1980.44,1982.93,2046.47,1978.14,119183441.0,0.03,98580218100.0
2008-12-05,1969.74,2013.18,2014.2,1965.09,74366326.0,0.0187,59950691700.0
2008-12-08,2040.47,2095.04,2095.47,2033.98,107607131.0,0.0271,89176050200.0
2008-12-09,2104.12,2040.85,2107.6,2038.07,92509814.0,0.0232,77546690100.0
2008-12-10,2028.51,2096.39,2096.39,2014.28,83271062.0,0.0209,70751388000.0
2008-12-11,2087.43,2046.34,2107.29,2043.62,73556236.0,0.018500000000000003,63777696200.0
2008-12-12,2027.07,1960.38,2038.19,1936.28,67387266.0,0.0169,54866552699.99999
2008-12-15,1991.55,1975.03,2006.23,1941.05,50451096.0,0.0127,40756443900.0
2008-12-16,1957.0,1994.45,1994.96,1919.87,47924878.0,0.012,38552247900.0
2008-12-17,2002.03,2001.42,2030.39,1995.65,58685150.0,0.0147,49120177400.0
2008-12-18,2001.05,2045.1,2045.94,1982.43,58429224.0,0.0146,48455152699.99999
2008-12-19,2037.37,2052.11,2075.38,2033.11,63311227.0,0.0158,53410396100.0
2008-12-22,2050.77,2017.55,2055.37,1993.33,52949464.0,0.0132,43843460400.0
2008-12-23,2019.23,1918.96,2019.23,1918.43,63590464.0,0.0159,50825766600.0
2008-12-24,1893.23,1887.08,1912.78,1872.65,44201831.0,0.011000000000000001,34210526700.0
2008-12-25,1891.53,1870.77,1902.71,1848.71,39916834.0,0.009899999999999999,30805996700.0
2008-12-26,1868.34,1862.1,1881.08,1850.5,34560888.0,0.0086,28536313700.0
2008-12-29,1852.41,1854.76,1861.3,1816.06,35986873.0,0.0088,29329563300.0
2008-12-30,1852.95,1833.44,1867.41,1824.53,37584627.0,0.0092,29628506800.0
2008-12-31,1835.11,1817.72,1844.42,1813.73,35631355.0,0.0087,27291914200.0
2009-01-05,1848.33,1882.96,1882.96,1837.84,48187020.0,0.0116,39217076800.0
2009-01-06,1880.67,1942.8,1948.49,1873.01,70974097.0,0.017,59262170599.99999
2009-01-07,1942.67,1931.18,1959.25,1930.87,59702167.0,0.0143,50143418300.0
2009-01-08,1894.66,1887.99,1902.8,1873.65,53446490.0,0.0128,47210802400.0
2009-01-09,1886.49,1918.37,1923.42,1886.49,47407216.0,0.011399999999999999,41511211400.0
2009-01-12,1911.74,1920.69,1947.08,1905.62,54234156.0,0.013000000000000001,46981492699.99999
2009-01-13,1892.66,1876.19,1908.2,1874.97,49818137.0,0.011899999999999999,40201464700.0
2009-01-14,1873.63,1955.24,1955.24,1873.63,59283231.0,0.014199999999999999,52658994900.0
2009-01-15,1935.39,1954.87,1977.19,1930.3,78943648.0,0.0189,67144772699.99999
2009-01-16,1965.44,1990.21,2026.65,1965.44,96538633.0,0.0231,84717648699.99998
2009-01-19,2010.58,2012.47,2052.19,1993.95,81948177.0,0.0196,69785530300.0
2009-01-20,2006.53,2025.19,2025.19,1986.06,53259262.0,0.0127,45640127699.99999
2009-01-21,1993.67,2021.71,2047.11,1988.24,64117428.0,0.015300000000000001,59914192100.0
2009-01-22,2034.29,2044.55,2048.48,2012.74,58861947.0,0.0141,53439127000.0
2009-01-23,2039.52,2032.68,2054.33,2025.19,57504109.0,0.0138,49887828200.0
2009-02-02,2052.44,2057.06,2059.34,2029.72,51453906.0,0.0123,46126546700.0
2009-02-03,2056.79,2108.91,2108.94,2049.89,87640302.0,0.0209,75554097800.0
2009-02-04,2118.56,2166.41,2166.41,2117.02,100888428.0,0.024,87192159400.0
2009-02-05,2164.55,2150.97,2211.18,2135.67,115100122.0,0.0274,101712444200.0
2009-02-06,2158.08,2237.28,2240.02,2158.08,106664904.0,0.0254,95640063100.0
2009-02-09,2271.59,2296.67,2307.91,2257.49,129523670.0,0.0308,119886790900.0
2009-02-10,2288.07,2326.75,2327.1,2263.53,116294548.0,0.0277,107891600900.0
2009-02-11,2287.23,2331.14,2381.19,2275.57,147576637.0,0.0351,144588095000.0
2009-02-12,2335.4,2318.34,2344.66,2248.48,119826218.0,0.0285,116050219800.0
2009-02-13,2321.56,2399.06,2402.44,2307.09,140409910.0,0.0333,134471079600.00002
2009-02-16,2421.19,2462.25,2462.39,2397.18,152346669.0,0.0361,147380378900.0
2009-02-17,2460.57,2385.29,2470.62,2384.79,141014991.0,0.0335,137971308100.0
2009-02-18,2331.66,2275.84,2369.05,2272.5,115422062.0,0.0274,112455677700.0
2009-02-19,2295.65,2298.41,2324.68,2259.59,90853928.0,0.0215,88398854000.0
2009-02-20,2300.81,2344.32,2344.77,2276.3,86632069.0,0.020499999999999997,85247213600.0
2009-02-23,2333.81,2410.48,2419.53,2307.92,109465403.0,0.0259,109379770700.0
2009-02-24,2376.7,2301.85,2411.91,2294.52,127017555.0,0.0301,127131165800.0
2009-02-25,2325.04,2304.25,2337.42,2226.44,107877528.0,0.0256,108878060700.0
2009-02-26,2295.43,2190.19,2332.35,2167.15,102200385.0,0.0242,101795386400.0
2009-02-27,2164.54,2140.49,2186.82,2117.06,87076415.0,0.0206,80337456300.0
2009-03-02,2123.37,2164.67,2177.29,2112.34,62746181.0,0.0146,60877953700.0
2009-03-03,2109.84,2142.15,2168.22,2100.64,66167314.0,0.0154,64109642400.0
2009-03-04,2150.24,2285.15,2290.94,2150.24,110750033.0,0.0258,105872088800.00002
2009-03-05,2314.08,2304.92,2340.37,2259.8,131987347.0,0.0308,128866644400.0
2009-03-06,2260.76,2286.58,2313.2,2255.82,85965450.0,0.02,85495320500.0
2009-03-09,2302.01,2202.53,2333.98,2198.54,86555948.0,0.020099999999999996,83758904300.0
2009-03-10,2175.31,2240.78,2241.24,2168.32,56660449.0,0.0132,55058099400.00001
2009-03-11,2288.05,2220.38,2292.4,2212.88,70838676.0,0.0165,70589122700.0
2009-03-12,2208.04,2215.7,2220.3,2156.6,55700111.0,0.013000000000000001,53843902600.0
2009-03-13,2229.25,2205.42,2250.24,2200.97,54083094.0,0.0126,54636247900.0
2009-03-16,2197.25,2241.61,2247.11,2180.05,48773854.0,0.0113,48128301300.0
2009-03-17,2244.11,2322.4,2329.3,2239.67,92980528.0,0.0216,94028682100.00002
2009-03-18,2335.42,2332.65,2370.56,2328.86,101870071.0,0.0236,103619595600.0
2009-03-19,2337.52,2382.56,2386.23,2331.26,97318766.0,0.0226,101348435399.99998
2009-03-20,2389.89,2379.84,2397.21,2343.27,109396738.0,0.0254,114786506800.0
2009-03-23,2384.67,2439.4,2448.35,2375.52,116313049.0,0.0269,127794033600.0
2009-03-24,2477.57,2451.78,2483.83,2440.53,111993525.0,0.0259,121593359500.0
2009-03-25,2435.63,2401.33,2472.94,2401.05,95816660.0,0.0222,105406227899.99998
2009-03-26,2407.76,2479.79,2479.83,2379.95,113249452.0,0.0262,118048783000.0
2009-03-27,2501.0,2498.93,2516.38,2481.69,135368546.0,0.0313,134140077400.0
2009-03-30,2501.31,2484.49,2508.14,2471.37,94151665.0,0.0217,100003474400.0
2009-03-31,2436.78,2507.79,2507.9,2423.57,95461752.0,0.0219,106631226400.0
2009-04-01,2519.89,2548.22,2566.54,2519.89,126307625.0,0.028999999999999998,137117558500.0
2009-04-02,2558.77,2576.4,2599.25,2558.26,135146806.0,0.0311,143708978300.0
2009-04-03,2597.92,2570.5,2612.37,2555.62,123655216.0,0.028300000000000002,131075730800.0
2009-04-07,2570.63,2576.95,2597.06,2543.65,86083257.0,0.0197,93919114200.0
2009-04-08,2563.72,2479.35,2573.09,2479.35,99328094.0,0.0227,107144419800.0
2009-04-09,2477.42,2517.67,2517.74,2457.42,74593703.0,0.017,82860990000.0
2009-04-10,2540.11,2595.53,2595.6,2530.62,104144408.0,0.023700000000000002,121859853100.0
2009-04-13,2621.98,2656.52,2668.28,2619.37,139014541.0,0.0316,156801973800.0
2009-04-14,2651.2,2676.87,2682.91,2637.38,110491304.0,0.0252,126839876800.0
2009-04-15,2662.73,2686.99,2690.64,2627.81,120665292.0,0.0275,133586130100.0
2009-04-16,2690.51,2687.11,2706.63,2643.32,123729613.0,0.0282,131609724600.00002
2009-04-17,2675.67,2650.69,2693.29,2628.63,101528808.0,0.023,116184839100.0
2009-04-20,2643.73,2707.67,2708.45,2640.99,95903694.0,0.0216,105081493400.0
2009-04-21,2670.28,2675.44,2697.72,2634.53,108185252.0,0.024399999999999998,118473952800.0
2009-04-22,2687.86,2576.28,2713.3,2563.36,124046413.0,0.027999999999999997,131945283400.0
2009-04-23,2555.53,2593.56,2604.16,2543.91,80887942.0,0.0182,84795657200.0
2009-04-24,2605.7,2572.89,2609.87,2570.38,73360969.0,0.0165,81956596000.0
2009-04-27,2566.92,2513.29,2576.52,2499.44,72039390.0,0.016,75040611400.0
2009-04-28,2490.53,2518.53,2531.54,2485.8,59264983.0,0.0132,66247490100.0
2009-04-29,2518.85,2605.37,2615.81,2514.14,81885006.0,0.0182,91496802700.0
2009-04-30,2616.49,2622.93,2640.02,2604.45,85809348.0,0.019,96903683500.0
2009-05-04,2635.13,2714.3,2715.19,2632.3,102916565.0,0.022799999999999997,113351099900.0
2009-05-05,2733.11,2727.01,2751.25,2713.23,102313722.0,0.0226,112641886100.0
2009-05-06,2721.82,2764.98,2771.21,2713.54,105806650.0,0.023399999999999997,118232079900.0
2009-05-07,2783.58,2767.08,2797.47,2731.8,122101161.0,0.027000000000000003,136965825100.0
2009-05-08,2751.5,2789.22,2800.22,2733.33,106724988.0,0.0236,120873172700.0
2009-05-11,2808.14,2725.32,2839.61,2725.27,125364452.0,0.0276,140455749900.0
2009-05-12,2702.74,2788.56,2788.61,2699.95,88695942.0,0.0195,93421458300.0
2009-05-13,2792.42,2814.0,2822.71,2775.57,107112856.0,0.0236,123637957600.0
2009-05-14,2781.05,2792.6,2804.48,2757.54,82639329.0,0.0182,96156100900.0
2009-05-15,2800.57,2796.12,2815.46,2773.32,64931431.0,0.0143,74973035100.0
2009-05-18,2782.59,2810.57,2813.76,2740.92,74835786.0,0.016399999999999998,88479091600.0
2009-05-19,2836.34,2840.08,2849.63,2821.95,97703617.0,0.0209,116543189400.0
2009-05-20,2843.54,2812.87,2849.64,2812.6,87939215.0,0.018799999999999997,105146163699.99998
2009-05-21,2795.83,2750.01,2808.29,2735.77,85535394.0,0.0183,102875828200.0
2009-05-22,2733.02,2740.68,2762.74,2719.12,61499012.0,0.0131,74407198700.0
2009-05-25,2684.21,2752.72,2761.39,2675.28,74091671.0,0.0158,91048816100.0
2009-05-26,2757.31,2719.76,2762.81,2718.55,72316012.0,0.015300000000000001,88894895700.0
2009-05-27,2734.42,2759.71,2768.57,2715.82,67976645.0,0.0144,78602246100.0
2009-06-01,2798.93,2858.34,2864.47,2798.93,108564883.0,0.0229,132967778100.0
2009-06-02,2878.53,2865.1,2892.78,2855.06,108338397.0,0.0229,130131778000.0
2009-06-03,2865.73,2939.39,2939.39,2864.71,112073310.0,0.0236,131606586400.0
2009-06-04,2924.27,2953.75,2961.04,2899.67,130127710.0,0.0274,153770741800.0
2009-06-05,2966.06,2939.31,2975.18,2937.18,108476324.0,0.022799999999999997,131347984400.0
2009-06-08,2937.64,2948.48,2978.23,2912.49,96116366.0,0.020099999999999996,114538935100.0
2009-06-09,2948.95,2960.56,2960.9,2892.72,91989886.0,0.0191,108747415600.0
2009-06-10,2972.42,2989.6,2995.7,2966.59,101790039.0,0.021099999999999997,116455491000.0
2009-06-11,2982.97,2961.63,3000.86,2951.27,87115997.0,0.0181,101890292000.0
2009-06-12,2955.57,2906.29,2976.86,2883.32,80067067.0,0.0166,92135559600.00002
2009-06-15,2911.42,2966.19,2967.1,2898.07,74352090.0,0.0154,92689634800.0
2009-06-16,2936.51,2961.22,2979.41,2929.04,70179242.0,0.014499999999999999,89928387200.0
2009-06-17,2957.58,3010.59,3017.41,2930.49,77293118.0,0.016,99945527400.0
2009-06-18,3014.44,3057.43,3061.75,3014.44,96281316.0,0.0199,122777117700.0
2009-06-19,3061.9,3080.0,3086.72,3047.27,102518069.0,0.0212,119434479000.0
2009-06-22,3106.39,3082.56,3116.16,3072.53,103952583.0,0.0215,122685100500.0
2009-06-23,3036.4,3083.9,3128.53,3028.45,111506734.0,0.023,127094783699.99998
2009-06-24,3079.5,3120.73,3121.21,3068.24,109424313.0,0.0225,132431167600.0
2009-06-25,3125.66,3117.92,3141.17,3103.87,82806887.0,0.017,107706587899.99998
2009-06-26,3126.23,3128.42,3137.08,3109.32,70500908.0,0.014499999999999999,88663497100.00002
2009-06-29,3132.11,3179.97,3182.42,3122.16,84997075.0,0.0174,107539212000.0
2009-06-30,3191.64,3166.47,3195.72,3159.63,86782347.0,0.0178,118926140399.99998
2009-07-01,3153.54,3237.9,3238.79,3150.65,96950565.0,0.0202,129830699700.0
2009-07-02,3248.2,3282.36,3285.09,3247.57,112989294.0,0.0235,152594570800.0
2009-07-03,3254.93,3327.14,3327.67,3249.11,105732592.0,0.0218,142531351800.0
2009-07-06,3333.1,3374.75,3378.05,3333.1,135264049.0,0.0206,175857353200.0
2009-07-07,3368.33,3340.49,3393.22,3327.35,129600799.0,0.0197,160450593400.0
2009-07-08,3306.43,3352.27,3368.07,3261.32,113867592.0,0.0173,147303052300.0
2009-07-09,3348.22,3396.3,3396.48,3334.68,113081523.0,0.0172,148249544300.0
2009-07-10,3398.91,3398.31,3428.03,3375.97,106174912.0,0.016200000000000003,140745850300.0
2009-07-13,3382.57,3361.01,3403.74,3358.52,99619651.0,0.0152,132301021199.99998
2009-07-14,3375.87,3454.75,3454.75,3375.87,107520425.0,0.0163,143258163900.0
2009-07-15,3467.13,3493.3,3497.51,3467.13,133483002.0,0.0203,176773125000.0
2009-07-16,3516.78,3501.24,3543.02,3489.56,129313329.0,0.0197,178974318299.99997
2009-07-17,3499.51,3519.81,3527.47,3482.87,106549704.0,0.016200000000000003,146140273300.0
2009-07-20,3532.52,3591.12,3594.87,3515.53,136468539.0,0.0207,189689538400.0
2009-07-21,3603.4,3539.83,3610.33,3533.16,130600961.0,0.019799999999999998,184934839300.0
2009-07-22,3532.63,3606.92,3607.37,3532.38,115238546.0,0.0175,168877710799.99997
2009-07-23,3613.6,3651.97,3653.84,3596.36,116381609.0,0.0177,160980372900.0
2009-07-24,3672.21,3667.56,3687.49,3591.88,127979352.0,0.0194,182205122600.00003
2009-07-27,3680.15,3743.63,3744.24,3669.51,138808040.0,0.021099999999999997,200824102000.0
2009-07-28,3745.55,3755.82,3756.78,3705.04,146267885.0,0.0222,210479421900.0
2009-07-29,3741.78,3558.51,3765.59,3453.64,167406126.0,0.0253,226560268700.0
2009-07-30,3587.05,3634.82,3656.92,3511.29,134968879.0,0.0204,185493784300.0
2009-07-31,3670.19,3734.62,3735.8,3635.55,132239834.0,0.02,184431882900.0
2009-08-03,3754.22,3787.03,3789.94,3716.57,136415899.0,0.0203,198440898500.0
2009-08-04,3803.06,3786.62,3803.06,3712.43,141035739.0,0.021,205134118100.0
2009-08-05,3781.4,3740.94,3789.13,3691.98,133444453.0,0.0199,194012131100.0
2009-08-06,3707.91,3663.12,3739.58,3602.58,118101525.0,0.0175,178406415799.99997
2009-08-07,3655.46,3555.1,3686.54,3539.7,100575751.0,0.0149,148656081500.0
2009-08-10,3589.72,3544.54,3613.46,3485.36,84870681.0,0.0126,126564928699.99998
2009-08-11,3558.65,3556.38,3569.15,3509.72,64497197.0,0.0095,95318920600.0
2009-08-12,3546.5,3397.4,3546.5,3390.36,92535386.0,0.0137,131867959000.0
2009-08-13,3398.89,3440.82,3448.86,3338.85,87081800.0,0.0129,123584066600.0
2009-08-14,3437.95,3344.46,3454.95,3334.73,88248627.0,0.0131,126573245800.0
2009-08-17,3283.44,3140.27,3319.8,3137.48,91723902.0,0.013500000000000002,121242721300.00002
2009-08-18,3110.71,3171.99,3186.81,3083.2,77343035.0,0.0113,100691271199.99998
2009-08-19,3178.28,3014.57,3183.01,2982.22,81604020.0,0.011899999999999999,104778744900.0
2009-08-20,3021.25,3144.39,3146.57,3021.25,79519216.0,0.0116,107656322600.0
2009-08-21,3135.37,3203.62,3221.17,3113.7,86616805.0,0.0127,113910783500.0
2009-08-24,3222.4,3229.6,3241.52,3178.86,80414068.0,0.011699999999999999,110907923699.99998
2009-08-25,3210.85,3109.83,3210.85,3019.12,97530139.0,0.014199999999999999,128446120900.0
2009-08-26,3082.68,3172.39,3203.79,3065.46,82036404.0,0.012,109792468800.00002
2009-08-27,3149.57,3156.3,3212.27,3116.89,80125201.0,0.011699999999999999,103604608400.0
2009-08-28,3152.04,3046.78,3168.19,3030.73,84017946.0,0.0123,108787276900.0
2009-08-31,3003.54,2830.27,3003.54,2825.77,84517311.0,0.0123,105568316000.0
2009-09-01,2804.58,2843.7,2901.28,2795.49,70535306.0,0.0103,87743214200.0
2009-09-02,2824.64,2890.93,2904.79,2813.62,60843386.0,0.0089,76293192900.0
2009-09-03,2898.45,3051.96,3059.99,2892.65,93157447.0,0.013600000000000001,118821388300.0
2009-09-04,3055.35,3077.14,3099.39,3038.99,86984715.0,0.0127,116181665600.0
2009-09-07,3097.79,3104.21,3153.23,3078.13,82790740.0,0.0121,113813192700.0
2009-09-08,3084.2,3170.97,3170.97,3047.3,83965634.0,0.012199999999999999,117969333600.0
2009-09-09,3188.31,3194.91,3207.39,3143.74,91191155.0,0.013300000000000001,131813702400.0
2009-09-10,3179.19,3162.91,3204.12,3150.17,66566007.0,0.0097,91467422600.0
2009-09-11,3152.81,3238.13,3253.45,3152.69,80689660.0,0.011699999999999999,108989361400.0
2009-09-14,3248.35,3293.39,3298.91,3240.53,87393883.0,0.0126,117064809200.0
2009-09-15,3298.81,3302.64,3325.74,3264.95,87092177.0,0.0126,116411498800.00002
2009-09-16,3290.39,3258.24,3296.94,3212.45,88244481.0,0.0127,123641482300.0
2009-09-17,3274.58,3320.1,3329.12,3274.58,91333404.0,0.0132,125325999700.0
2009-09-18,3325.06,3199.69,3330.43,3170.96,100488404.0,0.014499999999999999,131631978300.0
2009-09-21,3163.51,3208.6,3210.64,3090.61,72801974.0,0.0105,99685177000.0
2009-09-22,3196.01,3131.03,3237.22,3131.02,73425101.0,0.0106,101633736500.0
2009-09-23,3130.14,3060.07,3159.17,3041.42,66013716.0,0.0095,89049563900.0
2009-09-24,3041.82,3080.93,3122.05,2989.24,65152102.0,0.009399999999999999,86891307300.0
2009-09-25,3057.11,3058.53,3090.07,3028.41,45820492.0,0.0066,60733021000.0
2009-09-28,3066.37,2972.64,3088.08,2959.74,41918352.0,0.006,54593201700.0
2009-09-29,2975.53,2972.29,2998.55,2923.93,45932352.0,0.0066,56674417400.0
2009-09-30,2992.98,3004.8,3033.74,2988.29,42184524.0,0.0060999999999999995,54803607400.0
2009-10-09,3078.75,3163.71,3164.03,3071.27,56871040.0,0.008199999999999999,76061663000.0
2009-10-12,3181.58,3151.63,3193.59,3151.26,58961960.0,0.0085,81562328600.0
2009-10-13,3144.02,3198.52,3199.92,3140.5,50713704.0,0.0073,68577125599.99999
2009-10-14,3209.06,3227.4,3276.55,3204.31,80978120.0,0.0116,111183227100.00002
2009-10-15,3258.55,3239.64,3287.63,3227.09,60562010.0,0.0087,85391959100.0
2009-10-16,3250.1,3241.71,3268.43,3188.43,55636255.0,0.0074,78892050300.0
2009-10-19,3238.85,3329.16,3330.79,3231.81,77683143.0,0.0103,113841454100.0
2009-10-20,3355.36,3377.57,3379.63,3343.02,89426278.0,0.0118,128508372200.0
2009-10-21,3375.03,3369.28,3414.66,3358.55,83488940.0,0.011000000000000001,117445160700.0
2009-10-22,3364.15,3347.32,3381.15,3341.42,60936583.0,0.008100000000000001,87978516100.0
2009-10-23,3354.98,3413.25,3436.39,3354.98,86725429.0,0.0115,120908995100.0
2009-10-26,3421.7,3414.24,3432.9,3385.44,68442524.0,0.0091,97800974800.0
2009-10-27,3384.29,3314.72,3392.1,3314.32,74209551.0,0.0074,105228807300.0
2009-10-28,3303.77,3329.33,3337.17,3258.27,62594849.0,0.0062,86228533000.0
2009-10-29,3265.19,3247.05,3291.18,3239.0,61305354.0,0.0060999999999999995,84414939000.0
2009-10-30,3305.38,3280.37,3329.54,3276.32,60647062.0,0.006,84226415500.0
2009-11-02,3205.84,3392.8,3394.72,3198.31,81981158.0,0.008100000000000001,110679455300.0
2009-11-03,3402.53,3435.43,3447.48,3397.25,83791098.0,0.0083,115935434900.0
2009-11-04,3443.52,3453.89,3476.34,3415.22,86065273.0,0.0086,117780698800.00002
2009-11-05,3458.87,3464.32,3471.83,3432.26,80647784.0,0.008,103539079600.00002
2009-11-06,3491.08,3483.02,3506.03,3474.36,92190315.0,0.0092,124138421500.0
2009-11-09,3487.11,3495.79,3495.89,3452.61,78050904.0,0.0078000000000000005,108916000900.0
2009-11-10,3520.4,3503.78,3532.19,3501.5,84300987.0,0.0084,116073645900.0
2009-11-11,3500.59,3495.67,3514.83,3468.86,72626321.0,0.0072,100494402400.0
2009-11-12,3506.95,3499.99,3529.06,3487.68,79962661.0,0.0079,106569499600.00002
2009-11-13,3489.54,3518.72,3518.89,3445.36,91210171.0,0.009000000000000001,122356578900.0
2009-11-16,3541.05,3625.8,3625.89,3541.05,123157323.0,0.012199999999999999,170544813000.0
2009-11-17,3644.96,3628.35,3649.42,3619.99,97391368.0,0.0097,135058674700.0
2009-11-18,3633.85,3630.23,3652.81,3612.79,89226283.0,0.0088,119034890300.0
2009-11-19,3638.07,3642.44,3653.9,3604.61,94940095.0,0.009399999999999999,125514316300.00002
2009-11-20,3630.58,3631.01,3658.21,3597.31,94750751.0,0.009399999999999999,127585253400.0
2009-11-23,3636.53,3665.51,3666.27,3628.2,93990941.0,0.009300000000000001,135750450800.0
2009-11-24,3680.75,3548.08,3698.13,3538.86,147566822.0,0.0146,203721992200.0
2009-11-25,3541.51,3629.63,3630.3,3508.06,114602329.0,0.011399999999999999,157030857700.0
2009-11-26,3635.79,3485.77,3646.61,3472.95,127882379.0,0.0127,180809383900.0
2009-11-27,3440.34,3382.51,3480.93,3367.29,89294688.0,0.0088,125775998800.00002
2009-11-30,3415.08,3511.67,3511.76,3415.08,84415341.0,0.0083,117377393900.0
2009-12-01,3507.56,3560.83,3566.78,3485.52,101518639.0,0.01,138002623600.0
2009-12-02,3578.87,3597.33,3607.56,3570.29,98052033.0,0.0097,138929251800.0
2009-12-03,3596.95,3590.88,3603.12,3551.48,89978572.0,0.0089,128562629200.0
2009-12-04,3581.63,3643.49,3646.26,3530.06,134130901.0,0.0132,188843990600.0
2009-12-07,3644.63,3668.83,3672.8,3633.45,91225546.0,0.0089,131991687600.0
2009-12-08,3670.81,3624.02,3671.04,3590.94,82940864.0,0.008100000000000001,118750858900.0
2009-12-09,3579.28,3554.48,3603.7,3543.42,68521507.0,0.0067,97091971800.0
2009-12-10,3579.83,3577.24,3601.29,3544.9,57563738.0,0.005600000000000001,81151398800.0
2009-12-11,3589.41,3575.02,3614.95,3568.51,54550912.0,0.0053,74282930300.0
2009-12-14,3572.53,3612.75,3623.27,3495.64,83785021.0,0.008199999999999999,113441731800.0
2009-12-15,3594.51,3583.34,3620.32,3578.28,69186493.0,0.0068000000000000005,98783625800.0
2009-12-16,3568.28,3560.72,3610.69,3550.67,56963912.0,0.005600000000000001,81340897400.0
2009-12-17,3571.05,3480.15,3582.44,3475.84,63286201.0,0.0062,86756667100.00002
2009-12-18,3450.04,3391.74,3453.35,3385.68,66111015.0,0.006500000000000001,89137672400.0
2009-12-21,3386.33,3396.62,3404.64,3354.65,48329805.0,0.004699999999999999,69055779100.0
2009-12-22,3402.23,3305.54,3404.75,3296.76,53942685.0,0.0053,75498512000.0
2009-12-23,3303.73,3336.48,3342.99,3296.29,48064504.0,0.004699999999999999,67948267100.0
2009-12-24,3346.76,3438.82,3445.7,3339.3,64377823.0,0.0063,94811625100.0
2009-12-25,3434.33,3424.78,3441.96,3410.67,46914576.0,0.0046,68701833800.0
2009-12-28,3432.82,3478.43,3489.57,3432.82,55375390.0,0.0054,78965998300.0
2009-12-29,3481.9,3500.74,3501.25,3451.18,55535765.0,0.0054,78053673800.0
2009-12-30,3503.82,3558.86,3561.44,3498.38,88429370.0,0.0086,124684572899.99998
2009-12-31,3561.37,3575.68,3579.52,3542.38,69241890.0,0.0068000000000000005,98004030300.0
2010-01-04,3592.47,3535.23,3597.75,3535.23,66101080.0,0.0064,93419838900.0
2010-01-05,3545.19,3564.04,3577.53,3497.66,85809641.0,0.0083,128302442600.0
2010-01-06,3558.7,3541.73,3588.83,3541.17,78473125.0,0.0076,121045989900.0
2010-01-07,3543.16,3471.46,3558.56,3452.77,80350037.0,0.0078000000000000005,120436166300.00002
2010-01-08,3456.91,3480.13,3482.08,3426.7,60790253.0,0.0059,90190960000.0
2010-01-11,3593.11,3482.05,3594.53,3465.32,89980172.0,0.0085,134114001100.0
2010-01-12,3477.84,3534.92,3535.41,3437.66,93743278.0,0.0089,134071416400.0
2010-01-13,3448.29,3421.14,3490.11,3415.69,112457901.0,0.010700000000000001,159860384600.0
2010-01-14,3433.47,3469.05,3470.32,3411.81,83353252.0,0.0079,118107870100.0
2010-01-15,3472.52,3482.74,3500.07,3448.66,72543102.0,0.0069,104035175800.0
2010-01-18,3471.78,3500.68,3501.26,3458.04,82854307.0,0.0079,117884258500.0
2010-01-19,3506.81,3507.48,3528.39,3497.09,74883232.0,0.0070999999999999995,108023525500.0
2010-01-20,3512.25,3394.43,3515.45,3387.82,92495146.0,0.0088,128416164600.00002
2010-01-21,3397.04,3408.57,3425.18,3364.72,70595068.0,0.0067,100076607000.0
2010-01-22,3364.45,3366.2,3390.8,3293.19,88933404.0,0.0084,119197815800.0
2010-01-25,3340.01,3328.01,3372.43,3326.27,56849171.0,0.0054,76626626800.0
2010-01-26,3328.11,3242.8,3341.2,3222.14,61752231.0,0.0058,81586059200.0
2010-01-27,3243.04,3198.57,3255.12,3183.37,52691394.0,0.005,70540273200.0
2010-01-28,3195.29,3206.57,3220.31,3168.46,46990716.0,0.0045000000000000005,64082115700.0
2010-01-29,3190.31,3204.16,3249.46,3176.92,50262613.0,0.0048,68018118700.0
2010-02-01,3198.23,3152.71,3198.31,3116.44,57001380.0,0.0054,75982150500.0
2010-02-02,3170.78,3146.19,3211.94,3143.09,50130033.0,0.004699999999999999,68318412400.0
2010-02-03,3160.71,3230.72,3231.1,3094.57,64798894.0,0.0060999999999999995,87536250000.0
2010-02-04,3206.43,3218.8,3242.52,3190.44,58972726.0,0.005600000000000001,75466553000.0
2010-02-05,3147.72,3153.09,3177.42,3129.92,59105845.0,0.005600000000000001,73693132400.0
2010-02-08,3152.25,3150.99,3172.31,3133.81,37355951.0,0.0034999999999999996,47902429300.0
2010-02-09,3147.76,3169.19,3178.95,3144.48,35953158.0,0.0034000000000000002,45222660400.0
2010-02-10,3195.14,3214.13,3214.46,3182.83,34219894.0,0.0032,48152144600.0
2010-02-11,3216.69,3220.4,3238.35,3207.17,35791052.0,0.0034000000000000002,46999713000.0
2010-02-12,3232.88,3251.28,3253.2,3228.74,34058238.0,0.0032,46703220599.99999
2010-02-22,3248.95,3233.35,3261.95,3232.78,38283772.0,0.0036,49981333700.0
2010-02-23,3225.39,3198.63,3225.39,3152.93,42742898.0,0.004,62386076900.00001
2010-02-24,3177.08,3244.48,3244.82,3165.13,49989437.0,0.004699999999999999,64414097400.0
2010-02-25,3252.15,3292.13,3294.14,3249.33,67586617.0,0.0064,89485801600.0
2010-02-26,3286.1,3281.67,3301.15,3273.69,52107288.0,0.0049,70171666100.0
2010-03-01,3290.01,3324.42,3330.38,3287.56,60504520.0,0.005699999999999999,81205689000.0
2010-03-02,3327.1,3311.24,3339.89,3299.69,57034374.0,0.0054,76233992300.0
2010-03-03,3313.02,3335.08,3335.65,3293.92,60622732.0,0.005699999999999999,78442133000.0
2010-03-04,3338.67,3250.57,3345.91,3244.98,69346810.0,0.0066,89462913800.00002
2010-03-05,3253.16,3259.76,3276.4,3239.68,45629138.0,0.0043,59621178400.0
2010-03-08,3268.4,3286.18,3293.93,3258.03,41540876.0,0.0039000000000000003,54686555100.0
2010-03-09,3285.62,3305.86,3322.51,3255.98,54199486.0,0.0051,71971297700.0
2010-03-10,3304.04,3279.69,3321.08,3267.76,46421079.0,0.0044,61760429300.0
2010-03-11,3282.2,3276.71,3303.49,3251.7,47487754.0,0.0045000000000000005,63732658900.0
2010-03-12,3277.31,3233.13,3284.26,3232.12,39957344.0,0.0038,52611210800.0
2010-03-15,3231.22,3183.18,3234.82,3171.8,37844304.0,0.0036,49219898099.99999
2010-03-16,3183.77,3203.97,3204.29,3169.1,30847780.0,0.0029,41510426400.0
2010-03-17,3214.22,3273.92,3274.0,3207.27,45800934.0,0.0043,62587395400.0
2010-03-18,3277.88,3267.55,3295.37,3256.59,46948013.0,0.0044,62509130199.99999
2010-03-19,3270.98,3293.87,3296.41,3251.14,46062187.0,0.0043,62114230700.0
2010-03-22,3297.82,3302.63,3313.92,3288.51,49439462.0,0.004699999999999999,65652976800.0
2010-03-23,3305.55,3275.57,3309.12,3272.92,46539536.0,0.0044,62145531400.0
2010-03-24,3282.05,3276.67,3298.54,3271.03,44547966.0,0.0042,58330301200.0
2010-03-25,3270.39,3229.13,3270.39,3222.82,44984285.0,0.0042,58604759600.0
2010-03-26,3226.8,3275.0,3285.39,3220.59,47444965.0,0.0045000000000000005,61592843200.0
2010-03-29,3295.76,3358.54,3363.61,3293.67,84724910.0,0.008,110326973500.0
2010-03-30,3361.35,3366.71,3372.26,3350.31,56436980.0,0.0053,78682669400.0
2010-03-31,3369.19,3345.61,3369.9,3338.75,53124287.0,0.005,72120886300.0
2010-04-01,3349.88,3391.94,3392.48,3349.88,67772669.0,0.0064,92360495800.0
2010-04-02,3400.14,3407.35,3412.2,3391.81,69073452.0,0.006500000000000001,99040760100.0
2010-04-06,3422.85,3405.15,3436.29,3386.89,65191710.0,0.0060999999999999995,93985883900.0
2010-04-07,3403.09,3386.95,3404.58,3369.02,54011228.0,0.0051,76733159900.0
2010-04-08,3381.31,3346.74,3381.31,3336.16,62185322.0,0.0058,89317468600.0
2010-04-09,3348.77,3379.17,3379.4,3342.47,51280567.0,0.0048,75590356300.0
2010-04-12,3388.36,3351.48,3393.56,3330.3,74565150.0,0.006999999999999999,105996609600.00002
2010-04-13,3350.73,3391.72,3401.71,3324.05,79907695.0,0.0075,116440339300.0
2010-04-14,3394.64,3403.71,3404.52,3377.44,60306131.0,0.005699999999999999,90787568699.99998
2010-04-15,3407.02,3394.57,3412.94,3365.88,61051685.0,0.005699999999999999,88700235600.0
2010-04-16,3388.29,3356.33,3388.29,3348.78,47140368.0,0.0044,67235596700.0
2010-04-19,3313.5,3176.42,3313.5,3175.44,88416300.0,0.0083,118855972000.0
2010-04-20,3176.41,3173.37,3196.65,3130.96,64137859.0,0.006,88005965700.0
2010-04-21,3178.88,3236.68,3237.54,3164.76,66928331.0,0.0063,93373377800.0
2010-04-22,3222.68,3201.54,3231.99,3177.73,71081688.0,0.0066,98970386300.00002
2010-04-23,3198.78,3190.0,3224.74,3172.58,61252679.0,0.005699999999999999,92115670000.0
2010-04-26,3195.46,3172.0,3207.72,3168.37,50894199.0,0.0048,74959121100.0
2010-04-27,3163.1,3108.41,3163.1,3060.85,65296574.0,0.0060999999999999995,88058360600.0
2010-04-28,3080.32,3097.35,3122.12,3062.09,45995406.0,0.0042,65484924600.0
2010-04-29,3114.94,3060.06,3130.7,3059.8,48260971.0,0.0044,69250868100.0
2010-04-30,3060.12,3067.37,3068.13,3014.07,54477881.0,0.005,73190884000.0
2010-05-04,3005.49,3019.45,3056.08,2994.92,41248610.0,0.0037,54558607100.0
2010-05-05,2981.78,3036.39,3036.87,2943.36,59670441.0,0.0054,80835340400.0
2010-05-06,3014.91,2896.86,3014.91,2895.39,58770413.0,0.0053,81502262000.0
2010-05-07,2835.88,2836.79,2892.53,2817.15,61119399.0,0.0055000000000000005,79147499700.0
2010-05-10,2842.37,2858.23,2872.31,2798.52,50209173.0,0.0045000000000000005,64909188099.99999
2010-05-11,2916.34,2800.82,2922.13,2790.7,58363490.0,0.0053,73894666800.0
2010-05-12,2781.71,2818.16,2832.15,2756.42,53002271.0,0.0048,64693988200.0
2010-05-13,2818.58,2886.91,2886.97,2811.66,55145778.0,0.005,67486536600.0
2010-05-14,2865.58,2868.02,2888.09,2849.24,42498719.0,0.0038,55175291000.0
2010-05-17,2828.88,2714.72,2828.88,2712.44,52166847.0,0.004699999999999999,62395513500.0
2010-05-18,2711.41,2771.35,2781.85,2686.97,54509671.0,0.0049,62746245800.0
2010-05-19,2748.95,2762.17,2803.7,2723.3,45576221.0,0.0040999999999999995,54656401300.0
2010-05-20,2739.22,2726.02,2793.88,2721.07,42174803.0,0.0038,52677914900.0
2010-05-21,2656.42,2768.79,2769.09,2647.6,54475383.0,0.0049,63501808900.0
2010-05-24,2787.75,2873.47,2886.37,2787.75,74502338.0,0.0067,89961882800.0
2010-05-25,2851.26,2813.94,2855.33,2798.02,55168327.0,0.0049,67954988099.99999
2010-05-26,2814.44,2813.94,2839.03,2797.63,39858564.0,0.0036,48495603099.99999
2010-05-27,2808.05,2859.98,2866.87,2771.59,53445209.0,0.0048,65266773700.0
2010-05-28,2885.86,2850.3,2893.69,2835.07,51534989.0,0.0046,64342505400.0
2010-05-31,2835.33,2773.26,2857.42,2772.79,46216854.0,0.0040999999999999995,56695803600.0
2010-06-01,2755.28,2744.16,2782.29,2710.59,44851426.0,0.004,53230913800.0
2010-06-02,2729.33,2757.53,2757.91,2700.08,39587020.0,0.0034999999999999996,46364229500.0
2010-06-03,2769.1,2736.08,2787.51,2735.7,39587258.0,0.0034999999999999996,47143262900.0
2010-06-04,2721.36,2744.39,2748.48,2713.1,32746291.0,0.0029,39858363400.0
2010-06-07,2692.83,2695.72,2716.4,2673.34,39541993.0,0.0034999999999999996,47062703400.0
2010-06-08,2694.11,2699.34,2720.59,2672.06,35140182.0,0.0031,42677104300.0
2010-06-09,2711.64,2782.13,2787.83,2687.33,60209533.0,0.0053,70710080500.0
2010-06-10,2755.94,2750.02,2776.26,2746.11,42906334.0,0.0038,50312244300.0
2010-06-11,2766.2,2758.87,2782.1,2755.95,40558585.0,0.0036,48871478600.0
2010-06-17,2778.53,2742.73,2784.92,2742.64,32612356.0,0.0029,40293234000.0
2010-06-18,2739.03,2696.17,2755.84,2686.61,41808344.0,0.0037,50256350900.0
2010-06-21,2698.98,2780.66,2784.47,2686.32,55261482.0,0.0049,62809190500.0
2010-06-22,2772.89,2783.72,2795.32,2766.44,39096052.0,0.0034000000000000002,45207207800.0
2010-06-23,2768.7,2758.5,2788.22,2734.05,35600350.0,0.0031,41600240700.0
2010-06-24,2753.71,2757.5,2783.51,2739.81,29220682.0,0.0026,33772857000.0
2010-06-25,2744.12,2736.29,2759.45,2715.66,30671782.0,0.0027,34649179200.0
2010-06-28,2734.51,2716.78,2751.46,2710.09,27710044.0,0.0024,31198277100.0
2010-06-29,2717.47,2592.02,2724.23,2591.69,48758552.0,0.0043,50635969700.0
2010-06-30,2572.91,2563.07,2575.82,2546.84,35698794.0,0.0031,35809892300.0
2010-07-01,2557.92,2526.07,2574.1,2524.57,32857646.0,0.0028000000000000004,32478457400.000004
2010-07-02,2523.03,2534.11,2542.12,2462.2,44914100.0,0.0039000000000000003,43367318400.0
2010-07-05,2507.35,2512.65,2529.43,2476.49,32178574.0,0.0028000000000000004,30922299000.0
2010-07-06,2504.87,2562.9,2563.41,2502.93,39714762.0,0.0034000000000000002,38976836500.0
2010-07-07,2561.11,2580.48,2580.61,2548.56,35720909.0,0.0031,37059898500.0
2010-07-08,2591.51,2575.92,2602.23,2564.64,34056966.0,0.0029,35348760500.0
2010-07-09,2578.55,2647.1,2662.16,2557.26,58493045.0,0.0051,61470066900.00001
2010-07-12,2647.42,2676.22,2689.81,2636.65,58462491.0,0.0051,63462262500.0
2010-07-13,2649.66,2634.59,2649.66,2618.34,43228506.0,0.0037,45125109100.0
2010-07-14,2640.93,2653.61,2684.62,2640.54,46688860.0,0.004,49497106700.0
2010-07-15,2650.33,2608.52,2680.44,2607.79,40440459.0,0.0034999999999999996,41444710900.0
2010-07-16,2597.0,2616.13,2621.33,2573.79,35063302.0,0.003,35422326200.0
2010-07-19,2592.09,2682.47,2691.94,2585.01,53868070.0,0.0046,59826125800.0
2010-07-20,2685.46,2741.5,2746.24,2685.46,73128345.0,0.0063,80958216800.0
2010-07-21,2744.7,2747.34,2766.21,2733.72,70757092.0,0.006,73734684600.0
2010-07-22,2738.03,2781.29,2783.14,2734.07,61064806.0,0.0052,63576603000.0
2010-07-23,2787.52,2793.08,2806.98,2769.44,64518565.0,0.0055000000000000005,70423335000.0
2010-07-26,2798.76,2811.05,2811.95,2775.78,53580026.0,0.0046,59848905300.0
2010-07-27,2803.75,2795.72,2812.21,2785.37,49799884.0,0.0042,55963991500.0
2010-07-28,2796.48,2863.72,2866.4,2784.16,79985954.0,0.0068000000000000005,84516845800.0
2010-07-29,2866.77,2877.98,2888.6,2852.0,95965409.0,0.008100000000000001,92278224500.0
2010-07-30,2871.48,2868.85,2876.14,2844.68,62575591.0,0.0053,65224482400.0
2010-08-02,2868.28,2917.27,2922.61,2867.45,71743300.0,0.0060999999999999995,73569074400.0
2010-08-03,2925.25,2865.97,2929.61,2865.76,81748364.0,0.0069,86870574100.0
2010-08-04,2858.35,2876.43,2876.6,2818.25,71318039.0,0.006,75670144300.0
2010-08-05,2874.66,2850.83,2877.31,2833.67,67157581.0,0.005699999999999999,73038457600.0
2010-08-06,2848.16,2897.66,2898.53,2821.03,74914895.0,0.0063,82145150900.0
2010-08-09,2894.1,2918.24,2922.62,2888.04,74726391.0,0.0063,83431980800.0
2010-08-10,2920.4,2832.64,2925.3,2832.08,78435034.0,0.0066,84283699400.0
2010-08-11,2823.15,2850.21,2864.36,2823.15,54979133.0,0.0046,58786302200.0
2010-08-12,2822.79,2816.39,2860.37,2810.1,59893227.0,0.0051,65825613500.0
2010-08-13,2818.41,2855.55,2856.04,2799.22,58507721.0,0.0049,62923747800.0
2010-08-16,2851.22,2922.08,2927.69,2843.02,81068043.0,0.0068000000000000005,91427507600.0
2010-08-17,2927.26,2942.29,2949.73,2917.83,76452912.0,0.006500000000000001,86700542899.99998
2010-08-18,2945.98,2937.36,2962.75,2924.67,70747600.0,0.006,80832368100.0
2010-08-19,2940.77,2955.4,2975.19,2928.01,76924865.0,0.006500000000000001,91734587100.00002
2010-08-20,2943.33,2898.33,2951.96,2892.64,71663306.0,0.006,82298173100.0
2010-08-23,2895.71,2896.19,2920.54,2886.66,48915517.0,0.0040999999999999995,57772779300.0
2010-08-24,2892.13,2911.83,2933.12,2866.8,61093796.0,0.0051,65036592600.0
2010-08-25,2893.99,2843.02,2904.66,2842.25,63610621.0,0.0054,67048224400.00001
2010-08-26,2853.11,2850.09,2868.88,2836.13,48670442.0,0.0040999999999999995,51862922900.0
2010-08-27,2847.45,2858.57,2861.07,2833.42,40789582.0,0.0034000000000000002,46699343400.0
2010-08-30,2874.25,2915.01,2921.09,2872.92,65749882.0,0.0055000000000000005,77341616500.0
2010-08-31,2905.15,2903.19,2910.06,2889.81,65766104.0,0.0055000000000000005,79976347300.0
2010-09-01,2907.66,2884.04,2931.76,2859.17,76975578.0,0.006500000000000001,87931887200.0
2010-09-02,2917.74,2921.39,2931.55,2903.03,70700851.0,0.0059,88923142600.0
2010-09-03,2926.94,2920.21,2929.55,2891.88,72641027.0,0.0060999999999999995,87724829600.00002
2010-09-06,2935.89,2975.09,2980.42,2935.89,93855681.0,0.0079,110466116400.0
2010-09-07,2979.3,2983.11,2991.44,2959.9,73519361.0,0.0062,85488193900.0
2010-09-08,2970.0,2980.97,2982.72,2953.84,72872002.0,0.0060999999999999995,92660879100.0
2010-09-09,2986.87,2926.46,2986.87,2922.2,81395554.0,0.0068000000000000005,103248280100.0
2010-09-10,2928.0,2932.55,2940.79,2890.03,65086704.0,0.0055000000000000005,83743163800.0
2010-09-13,2933.59,2962.32,2977.08,2925.42,67279900.0,0.005600000000000001,87536179000.0
2010-09-14,2971.55,2965.01,2984.47,2954.51,70105903.0,0.0059,87204421700.0
2010-09-15,2965.54,2913.19,2965.54,2905.63,71619642.0,0.006,86445964300.0
2010-09-16,2908.32,2857.79,2917.85,2834.03,74074284.0,0.0062,84198375900.0
2010-09-17,2864.72,2861.37,2877.08,2847.68,51938867.0,0.0044,62466326700.0
2010-09-20,2865.04,2849.83,2872.22,2829.76,50283104.0,0.0042,57582985400.0
2010-09-21,2859.43,2857.48,2869.38,2844.13,35751881.0,0.003,44742025199.99999
2010-09-27,2869.93,2905.03,2905.53,2864.21,49071823.0,0.0040999999999999995,62611534200.0
2010-09-28,2900.54,2880.91,2900.54,2875.66,58660826.0,0.0049,80859749600.0
2010-09-29,2877.27,2874.81,2908.73,2866.85,56782236.0,0.004699999999999999,74516022000.0
2010-09-30,2859.06,2935.57,2935.6,2857.42,63000247.0,0.0052,80709727500.0
2010-10-08,2965.65,3044.23,3055.84,2963.24,99994720.0,0.0083,134986634600.00002
2010-10-11,3069.19,3132.9,3154.2,3069.19,158734904.0,0.0131,212607066600.0
2010-10-12,3121.64,3172.73,3173.85,3106.22,127361705.0,0.0105,178245219800.0
2010-10-13,3176.89,3217.58,3221.65,3165.58,144607773.0,0.011899999999999999,195444719899.99997
2010-10-14,3245.13,3224.14,3286.02,3215.03,179611838.0,0.0148,227654458600.0
2010-10-15,3204.72,3327.68,3327.68,3199.12,193414140.0,0.0158,245619296300.0
2010-10-18,3345.8,3306.16,3390.01,3288.78,217882051.0,0.0178,267884370300.0
2010-10-19,3300.52,3375.67,3375.87,3280.0,130441791.0,0.010700000000000001,165488914500.0
2010-10-20,3304.22,3396.88,3439.23,3301.01,166528460.0,0.013600000000000001,235372057500.0
2010-10-21,3404.72,3374.69,3418.09,3344.96,123883245.0,0.0101,175383712700.0
2010-10-22,3365.6,3378.66,3408.49,3346.11,116361857.0,0.0095,163153618500.0
2010-10-25,3386.85,3481.08,3481.35,3366.43,145433105.0,0.011899999999999999,208809404700.0
2010-10-26,3491.47,3466.08,3499.82,3436.46,142636999.0,0.0116,205216457200.0
2010-10-27,3451.43,3403.87,3490.22,3398.1,123761570.0,0.0101,177072552100.0
2010-10-28,3390.43,3397.69,3420.89,3371.44,98349456.0,0.008,141135882000.0
2010-10-29,3400.26,3379.98,3404.6,3351.6,100458970.0,0.008199999999999999,145528365900.0
2010-11-01,3390.41,3473.0,3473.0,3390.41,126269148.0,0.0103,186725762500.0
2010-11-02,3484.23,3463.13,3522.18,3449.72,154911450.0,0.0126,233976228500.0
2010-11-03,3462.74,3420.34,3474.71,3419.08,126359303.0,0.0103,178803329800.0
2010-11-04,3426.46,3480.5,3480.93,3419.64,116799481.0,0.0095,164721393800.0
2010-11-05,3538.99,3520.8,3554.47,3498.28,137688027.0,0.011200000000000002,196618041500.0
2010-11-08,3534.19,3548.57,3549.3,3506.38,126470759.0,0.0091,174067581800.0
2010-11-09,3547.44,3523.95,3547.44,3498.62,122454533.0,0.0088,170174876700.00003
2010-11-10,3507.2,3499.11,3508.27,3470.97,120078578.0,0.0086,176529783299.99997
2010-11-11,3490.74,3509.98,3557.99,3484.89,138976233.0,0.01,209121524800.0
2010-11-12,3484.61,3291.83,3497.06,3284.35,160733850.0,0.0116,224200791100.0
2010-11-15,3298.74,3314.89,3319.98,3241.76,102315724.0,0.0074,144492952400.0
2010-11-16,3311.62,3169.54,3311.62,3155.48,108307072.0,0.0078000000000000005,154278113300.0
2010-11-17,3124.11,3103.91,3168.93,3087.51,83258080.0,0.006,118981231600.0
2010-11-18,3134.94,3147.96,3158.63,3097.39,65697292.0,0.004699999999999999,94476115800.0
2010-11-19,3168.17,3178.85,3178.85,3076.21,83347654.0,0.0059,114672977300.0
2010-11-22,3148.22,3171.94,3200.47,3137.75,83212776.0,0.0059,114302974800.0
2010-11-23,3156.48,3107.18,3156.48,3061.62,77399591.0,0.0055000000000000005,105281461500.0
2010-11-24,3088.99,3177.04,3177.41,3088.99,75332083.0,0.0053,107688446600.0
2010-11-25,3197.97,3223.48,3227.05,3172.28,83442094.0,0.0059,116948295300.0
2010-11-26,3214.13,3194.85,3224.52,3170.36,64467824.0,0.0046,96226367200.0
2010-11-29,3183.54,3190.05,3206.76,3159.46,58994892.0,0.0042,88799074000.0
2010-11-30,3187.53,3136.99,3205.78,3060.44,85762355.0,0.006,120572328500.0
2010-12-01,3127.26,3136.02,3150.44,3111.65,48882668.0,0.0034000000000000002,69472579600.0
2010-12-02,3185.76,3155.06,3194.23,3154.32,61023908.0,0.0043,89764278100.0
2010-12-03,3161.93,3158.16,3171.38,3134.42,50475354.0,0.0034999999999999996,71387337300.0
2010-12-06,3168.88,3165.57,3185.33,3140.55,56362630.0,0.0039000000000000003,80043207900.0
2010-12-07,3152.73,3200.34,3214.69,3112.22,58483653.0,0.0040999999999999995,85548293100.0
2010-12-08,3194.9,3171.88,3215.28,3166.77,59515663.0,0.0040999999999999995,87056105000.0
2010-12-09,3156.0,3123.37,3175.05,3122.2,66152965.0,0.0046,83159036200.0
2010-12-10,3107.38,3161.98,3172.16,3101.08,57108105.0,0.004,78069117400.0
2010-12-13,3176.34,3261.06,3261.34,3173.56,95713739.0,0.0066,132088353600.0
2010-12-14,3270.2,3269.47,3279.37,3254.18,84104241.0,0.0058,114928736600.0
2010-12-15,3270.78,3247.64,3282.77,3242.52,72269785.0,0.005,104793174400.0
2010-12-16,3246.01,3230.67,3258.39,3224.12,56799625.0,0.0039000000000000003,79262377000.0
2010-12-17,3229.3,3225.66,3232.84,3212.58,44919147.0,0.0031,65697259700.0
2010-12-20,3239.02,3178.66,3249.76,3118.0,74759693.0,0.0052,107521977300.0
2010-12-21,3184.7,3249.51,3251.55,3168.89,79852420.0,0.0055000000000000005,112461675300.0
2010-12-22,3253.82,3215.45,3263.45,3201.67,69936258.0,0.0048,98309032400.0
2010-12-23,3210.67,3188.61,3237.64,3183.15,61315847.0,0.0042,84430476400.0
2010-12-24,3170.64,3162.96,3187.72,3139.45,55137767.0,0.0038,72989136200.0
2010-12-27,3176.11,3099.71,3219.66,3092.26,70017107.0,0.0048,99855478600.0
2010-12-28,3084.82,3044.93,3095.36,3041.33,56325749.0,0.0039000000000000003,74843956600.0
2010-12-29,3049.93,3061.83,3062.56,3025.22,45192775.0,0.0031,60134777200.0
2010-12-30,3063.05,3064.1,3079.91,3027.9,54281429.0,0.0037,70284275900.0
2010-12-31,3069.05,3128.26,3129.45,3067.11,62566078.0,0.0043,90545901199.99998
2011-01-04,3155.56,3189.68,3194.36,3143.6,85410440.0,0.0059,129159620800.0
2011-01-05,3170.18,3175.66,3193.78,3158.87,79268810.0,0.0055000000000000005,116943213900.0
2011-01-06,3177.84,3159.64,3198.05,3152.57,59681092.0,0.0040999999999999995,91568447000.0
2011-01-07,3156.36,3166.62,3209.9,3141.13,84093233.0,0.0058,113651250200.0
2011-01-10,3162.09,3108.19,3182.78,3102.43,65494406.0,0.0045000000000000005,87992881700.0
2011-01-11,3096.25,3124.92,3131.29,3084.51,56985917.0,0.0039000000000000003,74832449400.0
2011-01-12,3135.18,3142.34,3153.43,3099.41,58498518.0,0.004,71551421400.0
2011-01-13,3153.99,3141.28,3157.04,3127.16,51936988.0,0.0036,66925783700.0
2011-01-14,3129.67,3091.86,3129.67,3083.51,53351439.0,0.0037,71012100100.0
2011-01-17,3067.43,2974.35,3078.88,2968.61,66807562.0,0.0046,85454121100.0
2011-01-18,2965.42,2977.65,2984.47,2947.6,42964564.0,0.003,54652416500.0
2011-01-19,2978.46,3044.85,3045.61,2967.24,56571942.0,0.0039000000000000003,72772226900.0
2011-01-20,3037.86,2944.71,3037.86,2944.5,61046643.0,0.0042,76440116700.0
2011-01-21,2935.23,2983.46,3030.26,2935.14,73102966.0,0.005,85157790700.0
2011-01-24,2986.09,2954.23,2999.2,2943.92,65472545.0,0.0045000000000000005,75805236100.0
2011-01-25,2949.65,2938.65,2960.59,2919.16,48982689.0,0.0034000000000000002,57572819500.0
2011-01-26,2939.77,2978.43,2982.32,2939.36,43374979.0,0.003,51746038099.99999
2011-01-27,2953.59,3026.47,3037.16,2935.27,82585919.0,0.005699999999999999,96976029900.0
2011-01-28,3020.12,3036.74,3047.27,3011.38,63013589.0,0.0043,78241917700.0
2011-01-31,3035.42,3076.51,3076.55,3032.45,67105914.0,0.0046,83070309400.0
2011-02-01,3083.49,3077.28,3087.23,3062.83,49862530.0,0.0034000000000000002,65832698500.0
2011-02-09,3055.4,3040.95,3087.55,3031.75,60394145.0,0.0040999999999999995,78148356200.0
2011-02-10,3034.08,3104.16,3105.32,3024.35,66603662.0,0.0046,86967273699.99998
2011-02-11,3100.27,3120.96,3133.5,3092.58,75975553.0,0.0052,99001500800.0
2011-02-14,3123.25,3219.14,3227.43,3123.25,121302331.0,0.0083,155829380800.0
2011-02-15,3223.22,3217.67,3259.64,3215.62,109554438.0,0.0075,147747227900.0
2011-02-16,3211.14,3248.53,3248.85,3195.47,91334283.0,0.0062,125549596900.0
2011-02-17,3255.63,3245.91,3265.26,3218.91,88964695.0,0.0060999999999999995,127559673800.00002
2011-02-18,3240.05,3211.88,3242.37,3203.12,75378684.0,0.0051,104743371600.0
2011-02-21,3192.15,3257.91,3258.28,3189.85,79399776.0,0.0054,108055882400.0
2011-02-22,3267.62,3163.58,3269.05,3161.83,107863741.0,0.0074,147588609000.0
2011-02-23,3152.44,3174.74,3182.19,3145.99,71324854.0,0.0049,97251422700.0
2011-02-24,3170.24,3190.94,3195.69,3157.97,66486893.0,0.0045000000000000005,94908281500.0
2011-02-25,3190.87,3197.62,3213.79,3159.85,61619275.0,0.0042,88275899400.0
2011-02-28,3200.68,3239.56,3241.6,3178.83,76630663.0,0.0052,109249970800.0
2011-03-01,3241.71,3254.89,3273.51,3235.75,88566954.0,0.006,124040755800.0
2011-03-02,3237.12,3243.3,3257.42,3202.83,80910641.0,0.0055000000000000005,113592007500.0
2011-03-03,3248.16,3221.72,3271.64,3221.04,101219997.0,0.0069,131217797700.0
2011-03-04,3223.51,3270.67,3273.66,3217.48,80013915.0,0.0055000000000000005,107401810500.0
2011-03-07,3287.41,3334.51,3337.47,3287.41,118187197.0,0.008,170406772500.0
2011-03-08,3335.71,3337.46,3342.71,3311.72,84878655.0,0.0058,126306326100.0
2011-03-09,3344.1,3338.86,3355.49,3322.7,78026361.0,0.0053,113534090000.0
2011-03-10,3330.44,3280.26,3330.44,3279.33,78212642.0,0.0053,117952631000.0
2011-03-11,3263.08,3247.38,3290.7,3240.18,67208335.0,0.0046,100306077100.00002
2011-03-14,3238.91,3262.92,3263.91,3230.11,63689783.0,0.0043,94134688000.0
2011-03-15,3250.6,3203.96,3250.6,3147.96,96033979.0,0.006500000000000001,129603315200.0
2011-03-16,3204.92,3248.2,3250.88,3202.93,78859520.0,0.0053,111826095700.0
2011-03-17,3216.29,3197.1,3240.38,3185.08,85687114.0,0.0058,117295727600.0
2011-03-18,3228.92,3215.69,3239.96,3205.14,61340161.0,0.0042,86845200100.0
2011-03-21,3220.68,3207.11,3236.28,3194.15,59105037.0,0.004,84105739100.0
2011-03-22,3217.8,3222.96,3227.8,3175.93,57248684.0,0.0039000000000000003,80009792800.0
2011-03-23,3222.33,3264.93,3267.0,3216.65,72077585.0,0.0049,98540423699.99998
2011-03-24,3269.58,3251.36,3273.37,3250.02,61304244.0,0.0040999999999999995,88058905900.0
2011-03-25,3256.18,3294.48,3304.26,3254.68,86895979.0,0.0059,122021367000.0
2011-03-28,3307.41,3290.57,3328.07,3286.86,97684300.0,0.0066,139030083000.0
2011-03-29,3288.56,3257.98,3309.2,3256.34,105280164.0,0.0070999999999999995,132908076700.0
2011-03-30,3256.72,3256.08,3274.98,3233.11,78336337.0,0.0053,103271930300.0
2011-03-31,3257.16,3223.29,3264.96,3210.17,64503880.0,0.0044,86565372700.0
2011-04-01,3227.56,3272.73,3272.77,3220.91,63094722.0,0.0043,86711549900.0
2011-04-06,3269.19,3311.07,3315.3,3268.76,105823674.0,0.0070999999999999995,143030090900.0
2011-04-07,3313.47,3324.42,3330.8,3302.82,84681762.0,0.005699999999999999,112678585800.0
2011-04-08,3321.54,3353.36,3353.89,3314.09,73929210.0,0.005,107329316300.00002
2011-04-11,3363.37,3333.43,3380.53,3331.17,104420545.0,0.006999999999999999,141974385700.0
2011-04-12,3324.75,3326.77,3350.16,3307.48,101938506.0,0.0069,122863556100.0
2011-04-13,3311.32,3372.03,3372.03,3296.51,87036338.0,0.0059,108305234400.0
2011-04-14,3374.32,3353.56,3378.7,3347.49,88972241.0,0.006,107491228100.0
2011-04-15,3345.13,3358.94,3378.11,3323.56,78514874.0,0.0053,98934572600.0
2011-04-18,3346.15,3359.44,3372.9,3335.6,86582624.0,0.0058,107178227800.0
2011-04-19,3334.91,3295.81,3334.91,3290.74,85106933.0,0.005699999999999999,104368983000.0
2011-04-20,3300.42,3295.76,3311.73,3281.83,72343318.0,0.0049,93667138400.0
2011-04-21,3312.27,3317.37,3330.24,3301.94,73240424.0,0.0049,96739132600.0
2011-04-22,3317.08,3299.94,3325.46,3291.64,67171455.0,0.0045000000000000005,83528333300.0
2011-04-25,3292.48,3249.57,3292.48,3247.69,74421829.0,0.005,98455879600.00002
2011-04-26,3242.53,3230.96,3257.8,3216.21,59096417.0,0.0039000000000000003,76696858400.0
2011-04-27,3242.62,3209.5,3256.41,3189.04,62443567.0,0.0042,75111247100.0
2011-04-28,3224.41,3161.78,3237.19,3160.41,65050235.0,0.0043,79155830200.0
2011-04-29,3161.16,3192.72,3193.6,3147.14,53683065.0,0.0036,63455814300.0
2011-05-03,3192.85,3211.13,3212.05,3164.93,54998910.0,0.0037,64348987600.0
2011-05-04,3192.84,3129.03,3193.45,3120.96,66716340.0,0.0045000000000000005,83567655300.0
2011-05-05,3115.0,3126.12,3136.9,3105.85,52567747.0,0.0034999999999999996,63009373500.0
2011-05-06,3093.81,3121.4,3141.68,3083.91,55352186.0,0.0037,69747372700.0
2011-05-09,3126.26,3129.76,3149.94,3118.14,46027404.0,0.0031,57287412500.0
2011-05-10,3135.15,3153.22,3153.3,3121.75,40932995.0,0.0027,54931224800.00001
2011-05-11,3153.65,3145.09,3164.65,3127.49,47688533.0,0.0032,59507719500.0
2011-05-12,3123.16,3101.6,3142.4,3101.14,48799501.0,0.0032,61703080300.0
2011-05-13,3105.3,3128.09,3128.44,3080.19,46895951.0,0.0031,57757204900.0
2011-05-16,3120.44,3100.46,3137.6,3098.78,45194319.0,0.003,54238723400.0
2011-05-17,3097.07,3116.03,3136.23,3076.95,51203731.0,0.0034000000000000002,65417943700.0
2011-05-18,3109.29,3139.38,3145.7,3106.55,39641768.0,0.0026,49757174200.0
2011-05-19,3148.35,3120.64,3154.94,3118.62,43110782.0,0.0028000000000000004,52249679700.0
2011-05-20,3120.58,3121.6,3133.43,3113.27,38468012.0,0.0025,48967028400.0
2011-05-23,3115.31,3022.98,3115.31,3021.45,55902472.0,0.0037,66976426500.0
2011-05-24,3013.72,3026.22,3029.75,2999.89,41608944.0,0.0027,52971692400.0
2011-05-25,3020.32,2990.34,3030.99,2988.09,39289704.0,0.0026,48604397900.0
2011-05-26,3011.47,2978.38,3021.2,2977.6,37003747.0,0.0024,48346482400.0
2011-05-27,2980.72,2963.31,2996.61,2962.07,42770905.0,0.0028000000000000004,52019994100.0
2011-05-30,2956.58,2954.51,2982.58,2942.36,34671160.0,0.0023,42960260599.99999
2011-05-31,2958.61,3001.56,3001.73,2946.15,39689399.0,0.0026,50553386200.0
2011-06-01,2996.09,3004.17,3006.56,2985.71,38419327.0,0.0025,49060076500.0
2011-06-02,2970.63,2955.71,2984.49,2923.02,52617867.0,0.0034999999999999996,61748347000.0
2011-06-03,2951.58,2986.35,2993.9,2951.2,39076164.0,0.0026,49273759000.0
2011-06-07,2977.68,3004.26,3006.57,2974.36,36852332.0,0.0024,49859134900.0
2011-06-08,3003.58,3008.65,3012.81,2965.92,42908758.0,0.0028000000000000004,51123188099.99999
2011-06-09,3000.4,2951.89,3004.06,2951.89,47496636.0,0.0031,55381280400.0
2011-06-10,2947.93,2961.93,2964.08,2925.87,42201882.0,0.0028000000000000004,50942992900.0
2011-06-13,2940.39,2950.35,2957.52,2921.75,38351668.0,0.0025,46991283400.0
2011-06-14,2947.66,2993.56,3000.53,2943.53,55982815.0,0.0037,66158911400.0
2011-06-15,2984.96,2963.12,2999.15,2963.11,44390852.0,0.0029,54467701000.0
2011-06-16,2939.68,2917.58,2946.81,2915.4,41135482.0,0.0027,47067185500.0
2011-06-17,2916.41,2892.16,2934.06,2891.01,41176530.0,0.0027,51647156200.0
2011-06-20,2888.94,2874.9,2896.08,2862.41,37991982.0,0.0025,45416696800.0
2011-06-21,2883.35,2909.07,2909.57,2877.05,42038923.0,0.0027,50160678900.0
2011-06-22,2913.67,2908.58,2921.03,2894.18,37318802.0,0.0024,43263825700.0
2011-06-23,2899.01,2957.63,2966.54,2888.68,45941117.0,0.003,55276886300.0
2011-06-24,2946.61,3027.47,3047.94,2944.05,85459240.0,0.005600000000000001,104972923200.0
2011-06-27,3028.5,3036.49,3056.02,3019.24,65615771.0,0.0043,79044152700.0
2011-06-28,3040.18,3041.73,3046.8,3014.0,55766254.0,0.0036,70333384900.0
2011-06-29,3039.05,3000.17,3043.81,2999.95,53476848.0,0.0034999999999999996,61717623000.0
2011-06-30,3003.23,3044.09,3058.63,3003.23,62502549.0,0.0040999999999999995,73891668800.0
2011-07-01,3052.12,3049.75,3071.21,3034.07,56766653.0,0.0037,72614645400.0
2011-07-04,3064.94,3121.98,3124.58,3064.94,80464031.0,0.0053,102679821400.0
2011-07-05,3122.9,3122.5,3128.53,3105.09,67763335.0,0.0044,81999827900.0
2011-07-06,3116.12,3113.71,3116.12,3084.83,61555807.0,0.004,76556997000.0
2011-07-07,3123.29,3101.68,3140.1,3101.1,71810360.0,0.004699999999999999,92120550100.0
2011-07-08,3105.49,3109.18,3124.39,3093.37,51282593.0,0.0034000000000000002,65155542900.0
2011-07-11,3097.87,3113.21,3121.0,3086.26,47920660.0,0.0031,62237248800.0
2011-07-12,3089.14,3056.91,3090.1,3054.8,57107984.0,0.0037,71222640400.0
2011-07-13,3060.42,3106.25,3108.5,3060.42,54114367.0,0.0034999999999999996,68294830300.0
2011-07-14,3112.59,3115.75,3126.15,3092.47,60314935.0,0.0039000000000000003,79948505000.0
2011-07-15,3105.5,3128.89,3130.77,3097.34,61550322.0,0.004,79424849000.0
2011-07-18,3131.8,3122.6,3137.92,3113.67,60691311.0,0.0039000000000000003,78225031000.0
2011-07-19,3108.47,3095.13,3109.92,3088.38,53388709.0,0.0034000000000000002,68506068900.0
2011-07-20,3113.71,3091.57,3119.54,3071.85,44118331.0,0.0029,56930993000.0
2011-07-21,3092.27,3059.14,3099.28,3058.25,44084691.0,0.0028000000000000004,57942637400.0
2011-07-22,3066.19,3067.99,3083.19,3059.6,37257255.0,0.0024,49618948400.0
2011-07-25,3050.9,2968.29,3050.9,2958.88,67180996.0,0.0043,77513632300.0
2011-07-26,2965.72,2977.77,2980.86,2957.61,43515457.0,0.0028000000000000004,49560684500.0
2011-07-27,2961.58,3000.05,3002.69,2951.52,48385612.0,0.0031,58746220300.0
2011-07-28,2973.64,2981.0,2984.38,2956.71,48138984.0,0.0031,60678598000.0
2011-07-29,2981.02,2972.08,2995.97,2948.08,46298253.0,0.003,54358237300.00001
2011-08-01,2969.11,2977.72,2991.05,2958.83,33886949.0,0.0022,41203123000.0
2011-08-02,2958.85,2956.38,2958.85,2919.01,38978357.0,0.0025,48435295400.0
2011-08-03,2930.19,2954.87,2969.13,2927.1,38668362.0,0.0025,49593983800.0
2011-08-04,2962.91,2960.31,2983.01,2951.84,32985719.0,0.0021,41335656600.0
2011-08-05,2881.74,2897.42,2916.41,2868.16,49316854.0,0.0032,60240017400.0
2011-08-08,2864.51,2793.9,2888.77,2747.97,71517766.0,0.0046,83694787500.0
2011-08-09,2720.95,2798.19,2812.77,2697.06,69842676.0,0.0045000000000000005,79653278200.0
2011-08-10,2845.35,2824.12,2858.55,2820.12,58659312.0,0.0038,68580540599.99999
2011-08-11,2779.72,2866.92,2867.31,2777.76,58997689.0,0.0038,69223945400.0
2011-08-12,2881.55,2875.37,2894.22,2868.87,57197406.0,0.0037,63487643700.0
2011-08-15,2883.17,2917.88,2917.88,2870.19,59875476.0,0.0039000000000000003,61102226500.0
2011-08-16,2920.83,2897.58,2932.14,2888.33,50962681.0,0.0033,57496628300.0
2011-08-17,2893.85,2886.01,2910.84,2881.63,39178179.0,0.0025,41891853600.0
2011-08-18,2887.1,2834.25,2890.0,2832.27,40768883.0,0.0026,45784423200.0
2011-08-19,2789.35,2807.66,2814.1,2782.56,43259650.0,0.0028000000000000004,48442962000.0
2011-08-22,2809.33,2777.79,2829.69,2768.42,34209685.0,0.0022,40136538600.0
2011-08-23,2788.7,2821.0,2821.0,2777.29,32620514.0,0.0021,36441994500.0
2011-08-24,2834.58,2810.02,2845.47,2804.82,35301565.0,0.0022,41939778000.0
2011-08-25,2818.7,2903.84,2904.44,2815.91,72216845.0,0.0046,75745960100.0
2011-08-26,2889.38,2901.22,2907.4,2876.83,45604102.0,0.0029,51759427699.99999
2011-08-29,2875.78,2852.81,2875.78,2847.48,44267850.0,0.0028000000000000004,49892653200.0
2011-08-30,2875.14,2841.74,2901.73,2838.33,43137872.0,0.0027,48565790300.0
2011-08-31,2843.99,2846.78,2855.3,2823.77,32107899.0,0.002,37624544100.0
2011-09-01,2852.39,2834.53,2869.25,2825.96,30118702.0,0.0019,35143727300.0
2011-09-02,2828.84,2803.85,2836.62,2790.77,29317116.0,0.0019,31960598800.0
2011-09-05,2780.83,2743.82,2780.83,2743.38,32005660.0,0.002,36040312600.0
2011-09-06,2727.75,2723.3,2745.36,2711.07,29713982.0,0.0019,33746805099.999996
2011-09-07,2738.79,2779.09,2779.21,2730.05,33265381.0,0.0021,37096662200.0
2011-09-08,2788.83,2756.11,2789.11,2755.8,26838735.0,0.0017000000000000001,31209441100.0
2011-09-09,2770.15,2751.1,2796.35,2739.62,27073503.0,0.0017000000000000001,30348131100.0
2011-09-13,2712.44,2720.28,2726.19,2698.66,26713764.0,0.0017000000000000001,30034340000.0
2011-09-14,2729.26,2733.11,2736.91,2677.13,30424780.0,0.0019,32858416600.0
2011-09-15,2734.55,2729.05,2754.19,2728.91,31171925.0,0.002,32507109100.0
2011-09-16,2744.22,2733.99,2755.89,2729.0,27555932.0,0.0018,29743912000.0
2011-09-19,2718.32,2679.27,2718.32,2678.79,29090941.0,0.0018,29731416100.0
2011-09-20,2675.04,2689.85,2702.28,2664.1,25598681.0,0.0016,27274347400.000004
2011-09-21,2691.7,2771.01,2778.35,2677.35,56194171.0,0.0036,59146487200.0
2011-09-22,2745.15,2685.69,2754.92,2684.94,47102660.0,0.003,47793334100.0
2011-09-23,2644.29,2669.48,2681.23,2631.43,42592224.0,0.0027,45934334700.0
2011-09-26,2645.25,2610.92,2679.56,2603.11,39175124.0,0.0025,40495022500.0
2011-09-27,2634.93,2637.88,2652.56,2613.42,35021974.0,0.0022,37301310900.0
2011-09-28,2654.83,2610.59,2660.1,2602.63,34169555.0,0.0022,36195919600.0
2011-09-29,2593.56,2588.19,2615.14,2577.29,37093593.0,0.0024,37708584400.0
2011-09-30,2595.58,2581.35,2607.57,2572.19,32050822.0,0.002,32376678300.0
2011-10-10,2588.35,2557.08,2595.32,2552.28,28325122.0,0.0018,28149902100.0
2011-10-11,2625.16,2551.99,2635.69,2526.65,45029848.0,0.0029,47409892200.0
2011-10-12,2537.4,2644.76,2647.01,2523.34,65945680.0,0.0042,62822831800.0
2011-10-13,2636.86,2662.6,2672.91,2629.41,60426201.0,0.0038,56631043800.0
2011-10-14,2655.36,2653.78,2665.44,2629.88,38336948.0,0.0024,37326709600.0
2011-10-17,2658.95,2666.95,2687.1,2653.38,36158315.0,0.0023,38101620400.0
2011-10-18,2646.84,2592.21,2651.73,2589.21,39373448.0,0.0025,39453303400.0
2011-10-19,2599.92,2583.08,2617.41,2580.66,31116166.0,0.002,32114967100.0
2011-10-20,2566.6,2520.53,2570.1,2500.49,39842462.0,0.0025,39409600000.0
2011-10-21,2522.26,2507.88,2538.12,2504.69,29843503.0,0.0019,29090707000.0
2011-10-24,2517.06,2576.67,2581.13,2501.96,46345801.0,0.0029,44056731100.0
2011-10-25,2572.71,2625.43,2633.97,2560.05,57967375.0,0.0037,57533462200.0
2011-10-26,2613.27,2651.65,2679.66,2611.01,73098240.0,0.0046,69534363500.0
2011-10-27,2658.43,2657.48,2672.84,2647.3,48820391.0,0.0031,47403219300.0
2011-10-28,2694.54,2709.02,2729.14,2689.38,71643105.0,0.0045000000000000005,72908419700.0
2011-10-31,2704.53,2695.31,2709.32,2680.99,50407112.0,0.0032,52522499100.0
2011-11-01,2672.51,2697.53,2726.09,2669.05,55206651.0,0.0034999999999999996,56067605500.0
2011-11-02,2658.55,2742.39,2742.94,2653.72,64361584.0,0.0040999999999999995,65327476300.0
2011-11-03,2752.63,2744.3,2781.04,2743.2,84820760.0,0.0054,90502550000.0
2011-11-04,2770.57,2763.75,2781.99,2748.98,61958218.0,0.0039000000000000003,63500868600.0
2011-11-07,2750.99,2736.25,2769.3,2733.17,45375056.0,0.0029,47761935100.0
2011-11-08,2745.06,2727.71,2756.09,2723.69,47884252.0,0.003,47864912699.99999
2011-11-09,2739.15,2751.65,2755.81,2710.05,46877960.0,0.003,48484230100.0
2011-11-10,2720.84,2699.59,2729.57,2698.31,51173702.0,0.0032,51793948500.0
2011-11-11,2705.24,2695.0,2713.91,2685.1,36636696.0,0.0023,38724219300.0
2011-11-14,2717.54,2750.2,2751.88,2714.86,46390943.0,0.0029,51333489000.0
2011-11-15,2746.77,2744.68,2754.0,2732.91,41759864.0,0.0026,46980739000.0
2011-11-16,2745.86,2670.12,2746.29,2659.15,55949239.0,0.0034999999999999996,57844199000.0
2011-11-17,2671.95,2662.02,2687.83,2660.65,35247652.0,0.0022,37762635900.0
2011-11-18,2643.67,2606.5,2646.21,2601.18,42414718.0,0.0027,44949477100.0
2011-11-21,2608.56,2609.69,2613.26,2587.74,27971896.0,0.0018,31175406800.0
2011-11-22,2592.23,2609.48,2611.15,2580.78,29069078.0,0.0018,31886735099.999996
2011-11-23,2613.29,2584.01,2617.09,2578.16,28531412.0,0.0018,30958563500.0
2011-11-24,2565.69,2588.92,2604.24,2557.7,30319601.0,0.0019,31894726900.0
2011-11-25,2585.14,2569.97,2598.39,2563.65,23913766.0,0.0015,27509358500.0
2011-11-28,2578.34,2573.32,2589.35,2562.49,25666936.0,0.0016,29179539400.0
2011-11-29,2595.09,2608.57,2609.19,2580.29,30025878.0,0.0019,34962426000.0
2011-11-30,2600.1,2521.52,2601.9,2507.18,42352645.0,0.0027,42454205400.0
2011-12-01,2596.15,2583.61,2630.66,2577.72,63520252.0,0.004,66146809500.0
2011-12-02,2570.56,2557.31,2575.69,2543.53,32183703.0,0.002,33168419300.0
2011-12-05,2561.2,2521.39,2561.2,2517.18,32063388.0,0.002,32749927400.000004
2011-12-06,2515.04,2516.34,2525.67,2499.57,26297581.0,0.0017000000000000001,26310941600.0
2011-12-07,2517.34,2528.23,2534.53,2509.78,23261839.0,0.0015,23433730500.0
2011-12-08,2525.04,2525.0,2549.1,2494.69,27777744.0,0.0017000000000000001,27843683600.0
2011-12-09,2506.62,2503.46,2525.16,2496.97,24029059.0,0.0015,25477242000.0
2011-12-12,2497.92,2477.69,2502.05,2476.12,21901249.0,0.0014000000000000002,21200444100.0
2011-12-13,2467.02,2421.93,2472.66,2418.67,35717534.0,0.0022,33269154200.0
2011-12-14,2415.94,2397.48,2433.55,2392.3,25320109.0,0.0016,23753606400.0
2011-12-15,2382.44,2340.79,2384.47,2340.45,36750834.0,0.0023,33900402000.0
2011-12-16,2339.98,2390.13,2390.38,2332.14,36302339.0,0.0023,33652058800.0
2011-12-19,2370.42,2384.41,2387.89,2321.66,37909752.0,0.0024,33711371000.0
2011-12-20,2376.71,2377.07,2412.57,2373.86,32402327.0,0.002,29967658700.0
2011-12-21,2397.27,2339.11,2404.77,2337.69,31209525.0,0.002,30917839700.000004
2011-12-22,2325.27,2341.34,2358.47,2294.61,36683858.0,0.0023,31845455299.999996
2011-12-23,2337.38,2359.16,2382.71,2331.96,33161904.0,0.0021,29910296900.0
2011-12-26,2345.55,2335.7,2369.82,2334.79,28224087.0,0.0018,25033053100.0
2011-12-27,2332.83,2305.03,2346.38,2302.41,29277314.0,0.0018,26777021300.0
2011-12-28,2295.87,2307.93,2309.65,2267.11,32882020.0,0.0021,28839274200.0
2011-12-29,2297.29,2311.36,2323.49,2293.87,30887700.0,0.0019,26868223300.0
2011-12-30,2318.67,2345.74,2349.03,2318.67,35865243.0,0.0022,32362650299.999996
2012-01-04,2361.5,2298.75,2365.99,2298.3,34344567.0,0.0022,32572551300.0
2012-01-05,2290.78,2276.39,2316.66,2272.15,43016480.0,0.0027,37635272100.0
2012-01-06,2274.35,2290.6,2291.89,2254.57,35198992.0,0.0022,31079362300.0
2012-01-09,2291.18,2368.57,2368.89,2271.72,54727341.0,0.0034999999999999996,51478127000.0
2012-01-10,2365.77,2447.35,2449.96,2361.28,81154989.0,0.0052,75249157100.0
2012-01-11,2444.76,2435.61,2453.15,2423.32,58705674.0,0.0037,57587219300.0
2012-01-12,2426.82,2435.22,2464.38,2423.32,47121275.0,0.003,47877407300.00001
2012-01-13,2438.41,2394.33,2445.79,2374.54,45513997.0,0.0029,47228338600.0
2012-01-16,2376.95,2345.65,2394.5,2345.63,30527145.0,0.0019,34410385300.0
2012-01-17,2347.57,2460.6,2462.43,2329.25,64205648.0,0.0040999999999999995,64324131100.0
2012-01-18,2464.92,2422.19,2485.5,2414.53,63892358.0,0.0040999999999999995,67058838900.0
2012-01-19,2423.86,2468.35,2480.21,2414.99,55615726.0,0.0034999999999999996,56377653300.0
2012-01-20,2476.73,2504.09,2510.34,2462.59,54529783.0,0.0034999999999999996,57474475700.0
2012-01-30,2508.88,2460.72,2508.88,2460.4,43517148.0,0.0028000000000000004,44770885300.0
2012-01-31,2462.34,2464.26,2472.84,2447.77,30701501.0,0.0019,32694132100.0
2012-02-01,2458.23,2428.99,2481.66,2423.45,35015374.0,0.0022,37752320800.0
2012-02-02,2437.47,2486.24,2486.24,2429.71,42066985.0,0.0027,44126383700.0
2012-02-03,2478.34,2506.09,2514.65,2470.28,49949240.0,0.0032,51507546000.0
2012-02-06,2511.17,2504.32,2520.76,2488.71,45079905.0,0.0029,47541523500.0
2012-02-07,2489.03,2457.95,2489.03,2441.7,39679164.0,0.0025,40034277100.0
2012-02-08,2456.42,2528.24,2534.16,2451.0,56186456.0,0.0036,61721305000.0
2012-02-09,2525.59,2529.23,2546.02,2513.13,59299751.0,0.0038,63456204600.0
2012-02-10,2521.68,2533.62,2560.03,2521.16,61575877.0,0.0039000000000000003,60029482400.0
2012-02-13,2504.41,2531.98,2553.45,2496.3,51913973.0,0.0033,54282622400.0
2012-02-14,2528.97,2522.11,2533.26,2506.54,40430101.0,0.0026,43723682300.00001
2012-02-15,2515.83,2549.61,2562.07,2511.29,58090370.0,0.0037,60422394100.0
2012-02-16,2544.64,2536.07,2559.35,2519.04,54395431.0,0.0034999999999999996,55165633300.0
2012-02-17,2551.81,2537.09,2558.35,2522.86,38994716.0,0.0025,40458003400.0
2012-02-20,2571.91,2540.71,2574.75,2539.9,56153329.0,0.0036,56748912900.0
2012-02-21,2544.84,2562.45,2562.91,2520.79,47894808.0,0.003,47758225500.0
2012-02-22,2564.31,2597.48,2598.86,2560.34,76376656.0,0.0048,76421806900.0
2012-02-23,2595.78,2606.26,2614.54,2590.52,70377126.0,0.0045000000000000005,72612089300.0
2012-02-24,2607.34,2648.02,2648.02,2602.78,85999708.0,0.0055000000000000005,88058616700.0
2012-02-27,2658.12,2656.57,2693.84,2656.57,101514034.0,0.0064,106670207600.0
2012-02-28,2652.34,2662.46,2671.83,2641.46,77592536.0,0.0049,77213053000.0
2012-02-29,2655.86,2634.14,2666.65,2631.78,59120206.0,0.0037,64875221200.0
2012-03-01,2622.74,2633.35,2647.78,2621.86,42148441.0,0.0027,46524079700.0
2012-03-02,2637.96,2679.93,2679.93,2637.96,64122034.0,0.0040999999999999995,66981591400.0
2012-03-05,2687.74,2662.7,2694.61,2660.96,71395458.0,0.0045000000000000005,74973261100.0
2012-03-06,2654.8,2621.05,2657.96,2615.6,62447148.0,0.004,68852557800.0
2012-03-07,2596.48,2603.0,2628.59,2594.13,56948733.0,0.0036,63243293000.0
2012-03-08,2612.4,2635.79,2645.95,2612.4,57549413.0,0.0036,64458851000.0
2012-03-09,2644.1,2664.3,2664.41,2631.41,55258921.0,0.0034999999999999996,65963441700.0
2012-03-12,2663.24,2654.4,2666.43,2636.42,62327216.0,0.0039000000000000003,74367702000.0
2012-03-13,2653.68,2681.07,2681.33,2649.17,58404469.0,0.0037,66429764300.0
2012-03-14,2694.48,2605.11,2705.75,2595.34,108426540.0,0.0069,117080408699.99998
2012-03-15,2602.66,2585.55,2618.25,2575.44,72565960.0,0.0046,77042766500.0
2012-03-16,2591.8,2623.52,2624.32,2577.25,58091259.0,0.0037,67451822300.00001
2012-03-19,2617.66,2630.01,2631.04,2598.63,57646625.0,0.0036,68803938000.0
2012-03-20,2622.66,2584.45,2622.66,2584.02,58114065.0,0.0037,64263817200.0
2012-03-21,2597.38,2587.79,2613.27,2569.08,58002544.0,0.0037,66674920100.0
2012-03-22,2586.94,2583.75,2599.24,2570.45,44926777.0,0.0028000000000000004,50115505900.0
2012-03-23,2575.33,2552.94,2578.83,2544.52,43329256.0,0.0027,47812443000.0
2012-03-26,2551.43,2555.44,2562.93,2540.7,31816211.0,0.002,36356133900.0
2012-03-27,2565.55,2547.14,2571.9,2544.37,35944604.0,0.0023,47394454900.0
2012-03-28,2538.46,2474.9,2540.42,2471.03,50005790.0,0.0032,54993641000.0
2012-03-29,2463.69,2443.12,2476.48,2429.73,46131304.0,0.0029,48651595900.0
2012-03-30,2447.94,2454.9,2461.98,2438.49,37027086.0,0.0023,39139734900.0
2012-04-05,2449.21,2512.83,2517.39,2441.27,54331687.0,0.0034000000000000002,58049691000.0
2012-04-06,2509.45,2519.83,2525.53,2502.7,42368576.0,0.0027,47207795100.0
2012-04-09,2510.53,2495.15,2518.38,2491.59,35370986.0,0.0022,38180751800.0
2012-04-10,2490.28,2519.79,2519.81,2459.35,41335905.0,0.0026,44064833900.0
2012-04-11,2494.52,2520.04,2541.13,2489.33,42510310.0,0.0027,43627983900.0
2012-04-12,2522.83,2570.44,2570.84,2516.57,56488409.0,0.0036,59536950800.0
2012-04-13,2575.05,2580.45,2593.79,2570.03,53092643.0,0.0034000000000000002,61892977400.0
2012-04-16,2564.23,2574.04,2586.2,2559.78,40839700.0,0.0026,42650756400.0
2012-04-17,2572.36,2541.88,2578.76,2541.53,37815467.0,0.0024,38328417100.0
2012-04-18,2550.91,2599.91,2602.11,2546.0,58688408.0,0.0037,59361005900.0
2012-04-19,2598.33,2596.06,2606.86,2585.3,46448109.0,0.0029,55512931500.0
2012-04-20,2591.51,2626.84,2627.38,2589.35,61446379.0,0.0039000000000000003,63829908099.99999
2012-04-23,2624.75,2606.04,2632.09,2599.11,58664938.0,0.0037,62073949600.0
2012-04-24,2594.8,2604.87,2640.29,2559.46,71139558.0,0.0045000000000000005,73150514000.0
2012-04-25,2598.23,2625.99,2631.44,2593.33,62468053.0,0.0039000000000000003,63529458900.0
2012-04-26,2632.72,2631.49,2643.77,2617.09,58965667.0,0.0037,64377486700.0
2012-04-27,2630.55,2626.16,2637.92,2623.6,48233586.0,0.003,53345516000.0
2012-05-02,2660.67,2683.49,2697.95,2643.53,80148654.0,0.0051,92366092000.0
2012-05-03,2679.52,2691.52,2693.88,2675.81,59361090.0,0.0037,72337336400.0
2012-05-04,2689.62,2715.88,2716.03,2677.14,63218086.0,0.004,73699551100.0
2012-05-07,2699.45,2717.78,2717.78,2694.32,68547314.0,0.0043,82715668600.0
2012-05-08,2717.41,2709.12,2717.83,2683.56,63110840.0,0.004,73744498000.0
2012-05-09,2685.19,2657.51,2685.19,2655.32,58400283.0,0.0037,69482578600.0
2012-05-10,2657.87,2657.21,2667.68,2649.38,46962576.0,0.003,54056953600.0
2012-05-11,2652.31,2636.92,2666.57,2636.52,41006143.0,0.0026,49392898300.0
2012-05-14,2653.81,2615.53,2656.28,2613.35,52082484.0,0.0033,60331294500.0
2012-05-15,2597.64,2617.37,2618.18,2591.6,45767271.0,0.0029,51374761900.00001
2012-05-16,2610.16,2574.65,2612.63,2574.08,43280274.0,0.0027,47863536300.0
2012-05-17,2577.96,2613.94,2619.59,2571.2,43728389.0,0.0028000000000000004,49203910000.0
2012-05-18,2595.55,2573.98,2603.19,2567.3,43422124.0,0.0027,46907511800.0
2012-05-21,2572.37,2587.23,2604.22,2563.97,38602090.0,0.0024,44300405800.0
2012-05-22,2598.17,2627.52,2627.6,2597.6,42773529.0,0.0027,49392413000.0
2012-05-23,2621.79,2616.87,2635.78,2598.29,43719531.0,0.0028000000000000004,52563403300.0
2012-05-24,2613.1,2595.26,2630.41,2588.21,42844066.0,0.0027,50064439900.0
2012-05-25,2595.26,2573.1,2602.17,2565.65,39273004.0,0.0025,41420081800.0
2012-05-28,2562.6,2614.69,2614.85,2545.34,56339275.0,0.0034999999999999996,58412343000.0
2012-05-29,2615.15,2650.85,2658.25,2612.56,72135637.0,0.0045000000000000005,78681504600.0
2012-05-30,2646.37,2642.26,2655.16,2636.52,51855436.0,0.0033,56976275400.0
2012-05-31,2623.16,2632.04,2645.59,2617.23,44107469.0,0.0028000000000000004,49875041400.0
2012-06-01,2633.6,2633.0,2653.86,2623.29,44191056.0,0.0028000000000000004,53843404300.0
2012-06-04,2598.73,2559.03,2608.32,2558.92,52478502.0,0.0033,60615569500.0
2012-06-05,2565.19,2558.84,2573.89,2548.76,37779910.0,0.0024,43553303600.0
2012-06-06,2564.23,2557.4,2573.74,2547.33,33857694.0,0.0021,41316908600.0
2012-06-07,2579.43,2542.18,2584.04,2536.26,34841186.0,0.0022,42053000100.0
2012-06-08,2558.84,2524.33,2559.13,2520.41,43856426.0,0.0027,47638005900.0
2012-06-11,2529.6,2558.26,2565.43,2523.77,40098260.0,0.0025,43449657500.0
2012-06-12,2543.76,2540.18,2553.92,2529.95,37936676.0,0.0024,40259911500.0
2012-06-13,2546.79,2580.64,2581.12,2539.63,45014568.0,0.0028000000000000004,51291269500.0
2012-06-14,2573.33,2560.42,2584.71,2558.56,40247934.0,0.0025,46331822600.0
2012-06-15,2565.19,2568.05,2580.17,2538.57,42786078.0,0.0027,48868302900.0
2012-06-18,2576.63,2581.21,2593.22,2572.99,35693628.0,0.0022,40852450200.0
2012-06-19,2577.36,2558.62,2577.36,2556.1,32700553.0,0.002,37020041300.0
2012-06-20,2563.64,2552.61,2570.66,2549.44,29850639.0,0.0019,33573669800.0
2012-06-21,2547.05,2512.19,2547.05,2502.42,35396732.0,0.0022,38607959000.0
2012-06-25,2501.16,2456.52,2501.16,2455.01,40106735.0,0.0025,42503507200.0
2012-06-26,2442.56,2454.92,2465.12,2434.64,31734008.0,0.002,33896511700.0
2012-06-27,2452.67,2447.2,2470.76,2444.34,30007553.0,0.0019,31437597400.000004
2012-06-28,2451.66,2425.73,2459.19,2425.24,30543113.0,0.0019,34418793200.0
2012-06-29,2418.86,2461.61,2462.81,2417.49,37994941.0,0.0024,40976538400.0
2012-07-02,2473.54,2465.24,2473.97,2452.99,40510078.0,0.0025,45651476500.0
2012-07-03,2464.85,2468.72,2490.55,2457.45,38693354.0,0.0024,45004653900.0
2012-07-04,2474.53,2464.92,2481.34,2456.0,34452142.0,0.0022,37837659900.0
2012-07-05,2450.3,2430.37,2450.3,2420.0,34726145.0,0.0022,35946204400.0
2012-07-06,2435.06,2472.61,2477.23,2420.36,49610605.0,0.0031,56601778900.0
2012-07-09,2455.89,2416.04,2470.21,2414.95,49223302.0,0.0031,54601732500.0
2012-07-10,2411.0,2406.71,2426.53,2402.37,35549984.0,0.0022,38539025200.0
2012-07-11,2402.18,2425.57,2427.79,2402.15,37624312.0,0.0023,39851892200.0
2012-07-12,2420.04,2449.18,2460.56,2404.58,56717691.0,0.0034999999999999996,65137536900.00001
2012-07-13,2441.01,2450.63,2467.99,2438.98,36725256.0,0.0023,42013581200.0
2012-07-16,2452.6,2399.73,2452.6,2399.61,42771870.0,0.0027,45844882100.0
2012-07-17,2391.9,2414.2,2421.93,2391.28,33424329.0,0.0021,38285441600.0
2012-07-18,2412.06,2414.34,2420.78,2373.65,41751788.0,0.0026,44325492600.0
2012-07-19,2407.44,2424.32,2444.06,2401.29,46949052.0,0.0029,47704039000.0
2012-07-20,2415.71,2398.46,2423.8,2392.18,37619754.0,0.0023,36683624000.0
2012-07-23,2379.89,2365.43,2379.89,2357.51,32390369.0,0.002,33178928600.0
2012-07-24,2353.22,2375.99,2392.35,2352.8,30310079.0,0.0019,31149105800.0
2012-07-25,2368.38,2360.08,2381.04,2357.47,24896501.0,0.0015,25730598100.0
2012-07-26,2360.13,2347.49,2374.87,2344.7,31314094.0,0.0019,31326395000.0
2012-07-27,2353.94,2349.11,2364.98,2341.29,31090525.0,0.0019,33048182100.0
2012-07-30,2350.78,2335.79,2367.03,2334.0,30484851.0,0.0019,29907972300.0
2012-07-31,2336.88,2332.92,2350.07,2329.5,32099723.0,0.002,31196332500.0
2012-08-01,2332.13,2358.65,2371.12,2331.95,31420848.0,0.0019,31277764400.0
2012-08-02,2354.07,2334.88,2358.56,2325.61,31516159.0,0.0019,29751166600.0
2012-08-03,2340.25,2353.74,2354.16,2329.93,29769785.0,0.0018,31106947300.0
2012-08-06,2350.12,2385.61,2388.36,2348.12,41820665.0,0.0026,43686686300.0
2012-08-07,2383.26,2388.87,2390.78,2379.45,38285489.0,0.0023,40403711500.0
2012-08-08,2390.96,2389.79,2405.18,2382.83,37810451.0,0.0023,41340862200.0
2012-08-09,2388.43,2411.7,2412.14,2378.85,35658951.0,0.0022,43256096900.00001
2012-08-10,2409.94,2399.75,2413.42,2395.91,34702995.0,0.0021,40699222500.0
2012-08-13,2394.5,2351.93,2394.5,2350.81,44783546.0,0.0027,46249676200.0
2012-08-14,2352.66,2357.02,2357.85,2324.91,39850066.0,0.0024,42404687500.0
2012-08-15,2350.02,2331.62,2350.02,2330.15,30580176.0,0.0019,30332554800.0
2012-08-16,2327.91,2319.67,2335.4,2317.06,25902905.0,0.0016,27076003500.0
2012-08-17,2318.43,2313.48,2322.89,2295.16,26065717.0,0.0016,28629966800.0
2012-08-20,2294.9,2301.79,2307.41,2279.95,27402033.0,0.0017000000000000001,27174816900.0
2012-08-21,2301.93,2313.7,2327.38,2296.55,34895100.0,0.0021,34757869300.0
2012-08-22,2315.14,2295.59,2317.37,2285.75,31708412.0,0.0019,31547519200.0
2012-08-23,2298.18,2302.2,2311.65,2285.37,31335342.0,0.0019,33789603900.0
2012-08-24,2295.68,2275.68,2299.3,2274.57,31869591.0,0.0019,32986336500.0
2012-08-27,2268.49,2228.2,2268.49,2228.15,37386191.0,0.0023,35384156100.0
2012-08-28,2226.9,2238.41,2250.6,2222.0,33773615.0,0.0021,30331076300.0
2012-08-29,2230.2,2214.81,2240.11,2214.43,29010648.0,0.0018,27396186600.0
2012-08-30,2204.51,2211.37,2223.2,2188.72,35491310.0,0.0022,33867206100.0
2012-08-31,2205.57,2204.87,2218.87,2203.12,25964986.0,0.0016,23340891000.0
2012-09-03,2201.12,2228.37,2236.56,2197.71,38548592.0,0.0023,35299176700.0
2012-09-04,2231.72,2204.41,2234.88,2199.51,34852688.0,0.0021,33220203900.0
2012-09-05,2199.74,2199.88,2209.54,2186.96,34751824.0,0.0021,30445168200.0
2012-09-06,2204.44,2217.82,2218.68,2199.86,31695884.0,0.0019,26873315900.0
2012-09-07,2233.91,2317.18,2341.52,2233.91,94529764.0,0.0058,84302249200.0
2012-09-10,2320.56,2326.67,2334.5,2313.57,65330554.0,0.004,63252038500.0
2012-09-11,2316.53,2311.89,2316.53,2294.82,46260719.0,0.0028000000000000004,43389766000.0
2012-09-12,2325.93,2320.07,2337.2,2298.3,49622518.0,0.003,46485174500.0
2012-09-13,2316.68,2298.46,2325.53,2298.37,42049849.0,0.0026,38023998300.0
2012-09-14,2324.01,2315.54,2332.42,2298.83,61571814.0,0.0037,55438612900.0
2012-09-17,2312.05,2258.71,2314.99,2258.18,48984734.0,0.003,43753169700.0
2012-09-18,2249.43,2235.24,2253.14,2228.04,33228696.0,0.002,30171497200.000004
2012-09-19,2237.22,2246.24,2249.24,2229.49,34349706.0,0.0021,32607010900.0
2012-09-20,2236.19,2195.95,2236.19,2194.22,42545779.0,0.0026,38385856500.0
2012-09-21,2190.33,2199.06,2217.47,2186.53,38120593.0,0.0023,34043368100.0
2012-09-24,2183.97,2215.52,2225.8,2172.88,37501686.0,0.0023,33608761200.0
2012-09-25,2209.98,2210.15,2225.33,2202.38,27877019.0,0.0017000000000000001,26677064500.0
2012-09-26,2208.91,2184.89,2216.82,2181.08,27454626.0,0.0017000000000000001,24918916500.0
2012-09-27,2186.0,2251.72,2266.3,2185.77,53016900.0,0.0032,48210577800.0
2012-09-28,2235.06,2293.11,2297.03,2234.32,57875825.0,0.0034999999999999996,54431465900.0
2012-10-08,2291.96,2270.05,2305.18,2258.11,35534424.0,0.0021,33915840299.999996
2012-10-09,2281.75,2320.16,2327.73,2281.75,52548887.0,0.0032,48330196400.0
2012-10-10,2314.59,2324.12,2325.75,2304.61,42686238.0,0.0026,37873996200.0
2012-10-11,2315.9,2302.53,2321.35,2300.93,41300655.0,0.0025,36172963500.0
2012-10-12,2311.28,2304.53,2332.15,2287.01,36874145.0,0.0022,33205903800.0
2012-10-15,2306.01,2294.86,2307.88,2278.46,28651746.0,0.0017000000000000001,28569021600.0
2012-10-16,2293.24,2298.16,2315.45,2287.59,32059679.0,0.0019,32705140500.0
2012-10-17,2307.36,2300.8,2312.17,2280.82,33349409.0,0.002,31270899000.0
2012-10-18,2307.49,2336.08,2341.12,2305.88,50615100.0,0.0031,45050292500.0
2012-10-19,2335.11,2332.47,2342.53,2328.73,35927732.0,0.0022,33173031600.0
2012-10-22,2320.47,2341.59,2347.9,2315.9,34368286.0,0.0021,32815273300.0
2012-10-23,2340.89,2312.08,2344.04,2309.25,37221272.0,0.0022,33716876600.0
2012-10-24,2303.4,2307.78,2321.43,2302.17,37542445.0,0.0023,30392378000.0
2012-10-25,2306.73,2291.24,2322.92,2288.6,44351531.0,0.0027,33183528700.0
2012-10-26,2291.31,2247.91,2293.18,2237.06,40900519.0,0.0025,34530067100.0
2012-10-29,2241.8,2235.85,2248.14,2227.65,27581325.0,0.0017000000000000001,25328650700.0
2012-10-30,2236.32,2239.88,2257.95,2231.78,34083125.0,0.0021,29516628500.0
2012-10-31,2241.43,2254.82,2256.1,2233.68,37169795.0,0.0022,30634360200.0
2012-11-01,2256.61,2297.88,2305.63,2256.41,50761729.0,0.0031,45602138200.0
2012-11-02,2297.9,2306.77,2309.67,2284.72,39833288.0,0.0024,34893875800.0
2012-11-05,2302.74,2301.88,2318.23,2290.14,39510372.0,0.0024,33663152799.999996
2012-11-06,2301.98,2292.21,2304.05,2260.51,39280627.0,0.0024,34473382000.0
2012-11-07,2288.76,2287.5,2300.89,2277.02,33067403.0,0.002,30278449400.0
2012-11-08,2269.58,2245.41,2275.4,2245.4,35426475.0,0.0021,30411864800.0
2012-11-09,2241.76,2240.92,2252.2,2235.23,30506968.0,0.0018,24374277799.999996
2012-11-12,2242.96,2251.85,2254.7,2232.74,34721685.0,0.0021,29040821400.0
2012-11-13,2250.84,2212.44,2250.84,2208.72,34083704.0,0.002,28818451600.0
2012-11-14,2213.09,2223.11,2225.12,2206.0,26758790.0,0.0016,23592323500.0
2012-11-15,2210.75,2193.62,2220.99,2193.52,28319151.0,0.0017000000000000001,23778694900.000004
2012-11-16,2189.51,2177.24,2191.61,2162.98,30247786.0,0.0018,26118247400.000004
2012-11-19,2175.18,2174.99,2176.49,2149.54,26978666.0,0.0016,26737221700.0
2012-11-20,2180.21,2164.88,2184.33,2163.53,23948916.0,0.0014000000000000002,22999196200.0
2012-11-21,2165.41,2194.9,2195.46,2151.38,30508482.0,0.0018,27121949900.000004
2012-11-22,2181.18,2177.55,2185.58,2169.66,22912351.0,0.0014000000000000002,21536153000.0
2012-11-23,2184.41,2192.68,2202.47,2179.73,28667493.0,0.0017000000000000001,26307630099.999996
2012-11-26,2187.24,2175.6,2191.36,2172.1,24742696.0,0.0015,22231498400.0
2012-11-27,2168.59,2150.64,2173.46,2150.22,31946746.0,0.0019,26149735200.0
2012-11-28,2142.5,2129.16,2144.8,2126.03,30009339.0,0.0018,24423321700.0
2012-11-29,2128.8,2115.68,2140.88,2114.48,29670625.0,0.0018,24016256000.0
2012-11-30,2114.24,2139.66,2142.86,2109.96,36406911.0,0.0022,28552066200.0
2012-12-03,2136.7,2108.85,2152.61,2108.15,40186762.0,0.0024,34173653600.0
2012-12-04,2104.93,2131.47,2135.66,2102.14,36225915.0,0.0022,31732336900.0
2012-12-05,2128.39,2207.88,2219.09,2126.79,82487103.0,0.0049,69109050500.0
2012-12-06,2205.61,2203.6,2216.98,2191.23,48574689.0,0.0029,42758570199.99999
2012-12-07,2203.89,2246.76,2250.53,2198.11,76169748.0,0.0046,64996499300.0
2012-12-10,2254.92,2271.05,2276.28,2250.44,73375475.0,0.0044,61399772000.0
2012-12-11,2263.21,2258.5,2274.99,2254.3,51468703.0,0.0031,45087981900.00001
2012-12-12,2257.73,2267.77,2273.21,2247.95,45006454.0,0.0027,39182538200.0
2012-12-13,2260.6,2242.64,2266.72,2242.56,41942100.0,0.0025,36665684900.0
2012-12-14,2245.64,2355.87,2357.11,2245.64,110892562.0,0.0066,93934741100.0
2012-12-17,2359.2,2366.7,2380.0,2358.66,94088195.0,0.005600000000000001,85000820300.0
2012-12-18,2361.1,2368.12,2398.63,2347.08,85784849.0,0.0051,78802837300.0
2012-12-19,2362.8,2371.11,2387.14,2358.03,63292530.0,0.0038,61140748200.0
2012-12-20,2361.32,2384.82,2391.92,2346.55,65655462.0,0.0039000000000000003,63028692000.0
2012-12-21,2386.38,2372.0,2414.22,2365.03,68714158.0,0.0040999999999999995,66887708099.99999
2012-12-24,2368.01,2381.22,2396.73,2367.04,53087004.0,0.0032,54121541300.0
2012-12-25,2373.88,2448.4,2459.3,2365.41,95502350.0,0.005699999999999999,89877770399.99998
2012-12-26,2445.99,2457.62,2458.01,2441.64,71591828.0,0.0043,68406242100.0
2012-12-27,2464.78,2444.59,2479.79,2443.68,73255067.0,0.0044,69327603800.0
2012-12-28,2448.08,2480.05,2481.59,2444.38,67166321.0,0.004,66053288200.0
2012-12-31,2485.56,2522.95,2522.95,2485.56,82002293.0,0.0049,81149079600.0
2013-01-04,2551.81,2524.41,2558.53,2498.89,97988182.0,0.0059,95579245000.0
2013-01-07,2518.05,2535.99,2545.97,2511.6,75167993.0,0.0045000000000000005,73167512500.0
2013-01-08,2534.65,2525.33,2540.51,2502.49,71837100.0,0.0043,76498061800.0
2013-01-09,2518.1,2526.13,2534.24,2504.3,70231170.0,0.0042,74233597000.0
2013-01-10,2525.59,2530.57,2553.35,2513.73,71085862.0,0.0042,71159045500.0
2013-01-11,2533.5,2483.23,2539.79,2473.7,74239176.0,0.0044,72775922000.0
2013-01-14,2474.18,2577.73,2583.63,2474.0,93554091.0,0.005600000000000001,96853471400.0
2013-01-15,2579.13,2595.86,2605.41,2576.92,98620805.0,0.0059,101356961400.0
2013-01-16,2591.37,2577.09,2600.09,2540.52,93536084.0,0.005600000000000001,95564995000.0
2013-01-17,2570.71,2552.76,2575.06,2539.67,69915239.0,0.0042,71716118500.0
2013-01-18,2568.69,2595.44,2607.45,2553.45,77940303.0,0.004699999999999999,77435163500.0
2013-01-21,2605.65,2610.9,2611.2,2582.65,84133742.0,0.005,85357442100.00002
2013-01-22,2610.39,2596.9,2620.02,2578.18,105766275.0,0.0063,102261160399.99998
2013-01-23,2588.2,2607.46,2611.41,2576.36,75739444.0,0.0045000000000000005,72758926400.0
2013-01-24,2606.43,2582.75,2663.4,2564.21,111277172.0,0.0066,109537680300.0
2013-01-25,2580.88,2571.67,2591.51,2567.11,58487359.0,0.0034999999999999996,60689374000.0
2013-01-28,2577.27,2651.86,2651.97,2577.27,91274790.0,0.0054,98173275700.0
2013-01-29,2655.38,2675.87,2685.53,2646.15,101040229.0,0.006,108827009900.0
2013-01-30,2678.43,2688.71,2689.68,2662.06,99874990.0,0.006,100856652600.0
2013-01-31,2690.95,2686.88,2696.88,2671.33,96740101.0,0.0058,94476820600.0
2013-02-01,2677.19,2743.32,2744.32,2671.27,103879515.0,0.0062,110560933900.0
2013-02-04,2753.69,2748.03,2768.5,2731.08,127939179.0,0.0076,136119589800.0
2013-02-05,2727.93,2771.68,2779.95,2725.36,116130819.0,0.0069,112701171600.0
2013-02-06,2771.91,2775.84,2787.46,2765.74,82779271.0,0.0049,88989578100.0
2013-02-07,2771.53,2759.87,2775.97,2722.87,89978142.0,0.0054,95978595600.0
2013-02-08,2755.65,2771.73,2791.3,2747.95,77429644.0,0.0046,82903631800.0
2013-02-18,2784.06,2737.47,2787.74,2731.51,76438227.0,0.0045000000000000005,81001366800.0
2013-02-19,2735.04,2685.61,2740.74,2674.34,80626431.0,0.0048,82460808200.0
2013-02-20,2686.09,2702.64,2703.1,2665.23,70019377.0,0.0042,73636360700.0
2013-02-21,2675.74,2610.55,2675.74,2584.76,100657984.0,0.006,103619498800.00002
2013-02-22,2607.65,2596.6,2618.48,2591.15,60204852.0,0.0036,65899100199.99999
2013-02-25,2607.15,2604.96,2628.7,2590.79,53161942.0,0.0031,55614493300.0
2013-02-26,2587.38,2567.6,2631.09,2564.67,80003065.0,0.004699999999999999,83373960600.0
2013-02-27,2576.05,2594.68,2615.25,2569.38,63226743.0,0.0037,64612274200.0
2013-02-28,2611.94,2673.33,2673.71,2594.0,86922595.0,0.0051,92235377300.0
2013-03-01,2671.84,2668.84,2680.85,2627.0,73343753.0,0.0043,80342747700.0
2013-03-04,2619.42,2545.72,2619.57,2528.69,110619103.0,0.006500000000000001,112585043699.99998
2013-03-05,2547.89,2622.81,2623.17,2541.77,89661152.0,0.0053,92357133800.00002
2013-03-06,2634.87,2650.2,2658.14,2620.43,95829652.0,0.005699999999999999,95048891300.00002
2013-03-07,2639.78,2619.48,2658.97,2592.87,94082666.0,0.005600000000000001,96498096000.0
2013-03-08,2622.68,2606.93,2632.62,2601.96,59429557.0,0.0034999999999999996,63054592400.0
2013-03-11,2600.28,2592.37,2611.65,2574.17,50946436.0,0.003,52460900900.0
2013-03-12,2590.39,2555.62,2619.51,2530.25,71935141.0,0.0042,71675127600.0
2013-03-13,2551.73,2527.49,2556.77,2515.06,56430460.0,0.0033,56003723600.0
2013-03-14,2517.75,2534.27,2546.7,2514.46,47605756.0,0.0028000000000000004,49929775400.0
2013-03-15,2533.72,2539.87,2600.09,2504.46,81372185.0,0.0048,82749877400.0
2013-03-18,2526.08,2502.49,2544.62,2499.83,59812778.0,0.0034999999999999996,63093556700.0
2013-03-19,2507.4,2525.1,2532.07,2491.85,54536476.0,0.0032,55601012000.0
2013-03-20,2526.97,2610.17,2610.17,2526.83,90700622.0,0.0054,91271022200.0
2013-03-21,2611.58,2614.99,2626.54,2598.51,69552756.0,0.0040999999999999995,71642665500.0
2013-03-22,2612.26,2618.31,2625.53,2603.34,55647141.0,0.0033,55882142400.0
2013-03-25,2628.41,2613.1,2641.61,2607.61,56261402.0,0.0033,58004930900.0
2013-03-26,2601.96,2575.05,2607.36,2554.97,63962961.0,0.0038,65306571600.0
2013-03-27,2575.73,2583.53,2611.94,2566.35,56906517.0,0.0034000000000000002,58652246300.0
2013-03-28,2535.99,2499.3,2535.99,2495.08,87578405.0,0.0052,84725899100.0
2013-03-29,2502.78,2495.08,2509.11,2482.49,52402137.0,0.0031,52055540500.0
2013-04-01,2486.43,2493.19,2507.83,2483.73,47346022.0,0.0028000000000000004,47159820599.99999
2013-04-02,2495.84,2486.39,2524.46,2475.0,55684152.0,0.0033,55637391700.0
2013-04-03,2493.88,2483.55,2507.14,2474.93,45564221.0,0.0027,45156719400.00001
2013-04-08,2443.24,2472.3,2473.31,2429.5,53296772.0,0.0031,55249297699.99999
2013-04-09,2477.29,2489.43,2505.29,2477.29,52389824.0,0.0031,54947035599.99999
2013-04-10,2487.98,2485.31,2495.57,2466.19,47504913.0,0.0028000000000000004,51963820599.99999
2013-04-11,2502.5,2477.88,2508.59,2476.4,42989958.0,0.0025,43039949400.00001
2013-04-12,2476.32,2462.11,2489.12,2460.18,39917278.0,0.0023,40428047800.0
2013-04-15,2453.97,2436.82,2461.67,2430.15,46539734.0,0.0027,44084843300.0
2013-04-16,2419.51,2459.59,2461.05,2416.62,55280613.0,0.0032,53783255199.99999
2013-04-17,2457.88,2458.47,2465.2,2437.35,44692164.0,0.0026,46800831900.00001
2013-04-18,2440.71,2464.85,2478.41,2434.73,42860707.0,0.0025,46270137200.0
2013-04-19,2469.95,2533.83,2542.45,2469.32,75520876.0,0.0044,76723675300.0
2013-04-22,2525.11,2530.67,2539.05,2518.26,62511883.0,0.0037,63027024100.0
2013-04-23,2532.2,2449.47,2532.2,2448.2,60653982.0,0.0036,61576157900.0
2013-04-24,2452.78,2495.58,2511.2,2446.59,63050916.0,0.0037,62189421700.0
2013-04-25,2486.86,2467.88,2505.48,2456.57,60557927.0,0.0036,59891284500.0
2013-04-26,2477.72,2447.31,2488.59,2439.8,47123378.0,0.0028000000000000004,46351986700.0
2013-05-02,2434.6,2449.64,2453.75,2423.08,47016088.0,0.0028000000000000004,47200448200.0
2013-05-03,2457.54,2492.91,2521.12,2457.54,62330091.0,0.0037,63267042699.99999
2013-05-06,2502.98,2525.98,2533.86,2500.46,60418780.0,0.0034999999999999996,61767951100.0
2013-05-07,2519.36,2529.94,2539.3,2507.76,54490643.0,0.0032,59244949500.0
2013-05-08,2542.27,2542.8,2562.01,2531.25,59554294.0,0.0034999999999999996,60309148800.0
2013-05-09,2542.37,2527.79,2543.3,2507.79,60240145.0,0.0034999999999999996,64438292600.0
2013-05-10,2519.52,2540.84,2546.98,2515.16,48816728.0,0.0029,50896689200.0
2013-05-13,2542.41,2530.77,2547.6,2516.73,54092147.0,0.0032,55155093200.0
2013-05-14,2526.0,2493.34,2526.15,2479.87,54880064.0,0.0032,56144573500.0
2013-05-15,2493.97,2506.93,2507.43,2491.93,44189660.0,0.0026,47578585599.99999
2013-05-16,2501.12,2552.71,2553.06,2487.76,70796182.0,0.0040999999999999995,76830436300.0
2013-05-17,2550.45,2592.05,2598.71,2547.78,81850801.0,0.0048,83599367900.0
2013-05-20,2597.15,2609.61,2627.62,2590.05,86337803.0,0.0051,94059415800.0
2013-05-21,2607.39,2614.85,2617.4,2594.25,71505994.0,0.0042,75837813800.0
2013-05-22,2613.41,2618.03,2630.07,2603.75,74191817.0,0.0043,78224126400.0
2013-05-23,2604.93,2582.85,2624.08,2579.35,84825370.0,0.005,81359908200.0
2013-05-24,2591.42,2597.23,2608.35,2572.88,60739669.0,0.0036,62831235100.0
2013-05-27,2593.52,2599.59,2611.97,2589.74,64195080.0,0.0038,66701652800.0
2013-05-28,2600.63,2644.36,2644.36,2585.9,84196112.0,0.0049,86756736800.0
2013-05-29,2648.93,2642.56,2661.23,2640.88,79277709.0,0.0046,81953853200.0
2013-05-30,2633.96,2634.32,2647.44,2623.58,70146368.0,0.0040999999999999995,71045065900.0
2013-05-31,2638.71,2606.43,2645.56,2604.75,62528533.0,0.0036,65904433700.0
2013-06-03,2605.97,2602.62,2625.94,2596.05,59774468.0,0.0034999999999999996,63008705199.99999
2013-06-04,2600.5,2565.67,2600.5,2556.06,66315750.0,0.0039000000000000003,63139420000.0
2013-06-05,2565.33,2560.54,2570.03,2545.19,45637193.0,0.0027,47367057800.0
2013-06-06,2552.82,2527.85,2557.68,2525.31,52496529.0,0.0031,54448113400.0
2013-06-07,2526.91,2484.16,2538.89,2475.69,61030894.0,0.0036,61366173700.0
2013-06-13,2448.72,2399.94,2448.72,2375.2,69730066.0,0.0040999999999999995,64081598099.99999
2013-06-14,2404.42,2416.77,2420.36,2396.49,55964534.0,0.0033,53686779300.0
2013-06-17,2422.76,2403.84,2427.53,2394.39,50395711.0,0.0029,51983757500.0
2013-06-18,2413.09,2418.75,2424.2,2393.32,48630379.0,0.0028000000000000004,48792090500.0
2013-06-19,2408.28,2400.76,2408.28,2366.35,54346260.0,0.0031,52979991100.0
2013-06-20,2386.1,2321.47,2386.1,2320.23,55201020.0,0.0032,52171735100.0
2013-06-21,2283.15,2317.39,2332.84,2269.56,58705798.0,0.0034000000000000002,53486133000.0
2013-06-24,2308.07,2171.21,2308.07,2164.33,86597259.0,0.005,73731930500.0
2013-06-25,2146.05,2165.42,2169.21,2023.17,107554882.0,0.0062,87090394000.0
2013-06-26,2170.33,2168.3,2181.02,2131.86,79256426.0,0.0045000000000000005,67298430199.99999
2013-06-27,2172.85,2160.74,2200.21,2153.18,75406753.0,0.0043,62927082400.0
2013-06-28,2149.03,2200.64,2227.46,2139.37,79451327.0,0.0046,64106048700.0
2013-07-01,2187.09,2213.32,2213.97,2166.35,57726227.0,0.0033,51874735199.99999
2013-07-02,2211.8,2221.98,2226.11,2191.8,61838850.0,0.0036,59632902000.0
2013-07-03,2211.04,2203.83,2211.04,2169.14,65836022.0,0.0038,59536760199.99999
2013-07-04,2187.18,2221.98,2245.91,2176.08,72581145.0,0.0042,67189379200.0
2013-07-05,2227.35,2226.85,2252.03,2225.05,61821775.0,0.0034999999999999996,58424400599.99999
2013-07-08,2194.42,2163.62,2205.21,2162.19,54782493.0,0.0031,49288252000.0
2013-07-09,2160.7,2162.67,2174.79,2149.79,41494433.0,0.0024,37246189900.0
2013-07-10,2163.1,2224.06,2224.14,2157.47,61149781.0,0.0034999999999999996,54373757800.0
2013-07-11,2232.16,2326.69,2351.22,2232.16,125793192.0,0.0072,111329812800.0
2013-07-12,2319.02,2275.37,2331.99,2274.07,89733082.0,0.0051,82064555700.0
2013-07-15,2289.76,2307.3,2336.04,2274.67,74757884.0,0.0043,71796189700.0
2013-07-16,2300.83,2317.85,2317.85,2281.94,65624157.0,0.0033,62085631900.00001
2013-07-17,2311.44,2282.84,2326.93,2281.61,67655248.0,0.0034000000000000002,63229061700.0
2013-07-18,2272.95,2245.33,2282.44,2241.93,57144292.0,0.0028000000000000004,51937235100.0
2013-07-19,2248.13,2190.48,2257.92,2188.75,70535282.0,0.0034999999999999996,66179072699.99999
2013-07-22,2170.09,2202.19,2203.06,2159.81,53283495.0,0.0027,48872947300.00001
2013-07-23,2211.59,2265.85,2276.74,2206.76,74809731.0,0.0037,69255423100.0
2013-07-24,2253.38,2249.15,2265.58,2217.19,69592307.0,0.0034999999999999996,69279825800.0
2013-07-25,2255.22,2237.68,2268.84,2227.85,65774316.0,0.0033,60558362800.0
2013-07-26,2226.43,2224.01,2238.42,2209.81,48941098.0,0.0024,45636069900.0
2013-07-29,2205.08,2175.97,2205.08,2169.02,54600925.0,0.0027,49624613400.0
2013-07-30,2184.01,2189.39,2221.59,2162.98,55193623.0,0.0027,50907227300.00001
2013-07-31,2211.75,2193.02,2235.38,2187.21,48327055.0,0.0024,46723493400.0
2013-08-01,2206.0,2245.36,2245.56,2200.63,62603997.0,0.0031,58944765700.0
2013-08-02,2263.5,2247.26,2274.71,2244.25,60890893.0,0.003,58459999500.0
2013-08-05,2249.98,2278.33,2278.33,2243.22,55342151.0,0.0028000000000000004,53623068600.0
2013-08-06,2270.67,2293.64,2302.48,2256.72,73746895.0,0.0037,68993574800.0
2013-08-07,2292.38,2280.62,2313.88,2276.86,73048695.0,0.0036,69560482100.0
2013-08-08,2277.25,2276.78,2297.63,2267.07,53098430.0,0.0026,52710276700.0
2013-08-09,2288.51,2286.01,2301.59,2258.33,64600017.0,0.0032,62663979100.0
2013-08-12,2296.22,2352.79,2352.89,2293.18,97863216.0,0.0049,94038910300.0
2013-08-13,2352.88,2359.07,2360.83,2340.73,78393636.0,0.0039000000000000003,71178520200.0
2013-08-14,2362.62,2349.08,2386.6,2340.83,75942128.0,0.0038,71338219600.0
2013-08-15,2348.84,2321.58,2362.09,2319.78,61951853.0,0.0031,59411203600.0
2013-08-16,2314.26,2304.14,2423.08,2295.02,120369563.0,0.006,104026773400.0
2013-08-19,2286.2,2331.43,2340.19,2284.08,72483224.0,0.0036,67064925400.0
2013-08-20,2325.86,2312.47,2353.41,2303.67,73086345.0,0.0036,67589707200.0
2013-08-21,2320.58,2308.59,2321.64,2291.05,55007384.0,0.0027,50886495500.0
2013-08-22,2302.67,2303.93,2329.14,2297.02,55338104.0,0.0027,51686310599.99999
2013-08-23,2314.87,2286.93,2321.04,2251.92,68967133.0,0.0034000000000000002,65459845300.0
2013-08-26,2294.76,2335.62,2336.38,2288.5,70371043.0,0.0034999999999999996,66541009900.0
2013-08-27,2332.8,2340.88,2345.11,2322.46,65990333.0,0.0032,62575377600.0
2013-08-28,2326.1,2328.06,2345.36,2307.04,89256174.0,0.0044,80965562400.0
2013-08-29,2338.56,2318.31,2342.32,2308.15,66085415.0,0.0032,59719882400.0
2013-08-30,2315.91,2313.91,2334.41,2303.61,87654515.0,0.0043,76695994700.0
2013-09-02,2319.96,2320.34,2329.87,2297.45,79510249.0,0.0039000000000000003,73575869300.0
2013-09-03,2326.23,2354.5,2354.86,2321.3,80554005.0,0.004,72663978700.0
2013-09-04,2352.54,2350.7,2360.66,2345.44,78725763.0,0.0039000000000000003,68509013800.0
2013-09-05,2350.93,2341.74,2351.22,2336.75,62951383.0,0.0031,59606065199.99999
2013-09-06,2336.77,2357.78,2361.18,2335.93,73340116.0,0.0036,63916893600.0
2013-09-09,2374.26,2440.61,2449.25,2372.69,149889640.0,0.0073,127299546199.99998
2013-09-10,2446.45,2474.89,2475.2,2435.83,154855992.0,0.0076,130648129400.0
2013-09-11,2483.79,2482.89,2504.47,2471.62,166914974.0,0.008199999999999999,142830288500.0
2013-09-12,2480.47,2507.46,2527.38,2469.72,145173175.0,0.0070999999999999995,126115528300.0
2013-09-13,2502.54,2488.9,2515.78,2481.45,110775049.0,0.0054,98275004900.0
2013-09-16,2501.08,2478.39,2503.69,2467.13,105383282.0,0.0052,97043842300.0
2013-09-17,2480.81,2427.32,2481.71,2426.46,99459982.0,0.0049,93115107899.99998
2013-09-18,2426.04,2432.51,2439.63,2407.24,71040759.0,0.0034999999999999996,69341324600.0
2013-09-23,2441.52,2472.29,2473.16,2439.99,80128352.0,0.0039000000000000003,80920687900.0
2013-09-24,2470.72,2443.89,2470.75,2420.09,97853013.0,0.0048,96769831400.0
2013-09-25,2440.84,2429.03,2455.04,2423.28,90518418.0,0.0044,89119216700.0
2013-09-26,2422.63,2384.44,2422.63,2382.53,86236770.0,0.0042,84183923200.0
2013-09-27,2382.22,2394.97,2402.2,2379.86,65971508.0,0.0032,66383990199.99999
2013-09-30,2406.21,2409.04,2415.08,2397.22,59513992.0,0.0029,60990141900.00001
2013-10-08,2406.42,2441.81,2446.7,2392.57,84785506.0,0.0040999999999999995,84229908900.0
2013-10-09,2432.94,2453.58,2453.75,2424.77,76277645.0,0.0037,76128340900.0
2013-10-10,2455.64,2429.32,2455.98,2422.02,90329706.0,0.0044,89468020300.0
2013-10-11,2442.36,2468.51,2471.17,2439.63,93388261.0,0.0045000000000000005,91811541700.0
2013-10-14,2472.27,2472.54,2483.13,2462.55,100081301.0,0.0049,99109155900.0
2013-10-15,2475.32,2467.52,2479.13,2449.42,89173496.0,0.0043,86100822000.0
2013-10-16,2459.08,2421.37,2459.08,2409.72,88979834.0,0.0043,83150845000.0
2013-10-17,2432.65,2413.33,2440.92,2407.78,71222474.0,0.0034999999999999996,67722892400.0
2013-10-18,2415.12,2426.05,2435.71,2410.6,60291630.0,0.0029,59138754400.00001
2013-10-21,2431.92,2471.32,2472.78,2423.56,84909795.0,0.0040999999999999995,82223144800.0
2013-10-22,2470.25,2445.89,2470.25,2439.86,90703029.0,0.0044,83412053900.0
2013-10-23,2451.56,2418.49,2474.37,2412.48,91545355.0,0.0045000000000000005,83286778600.0
2013-10-24,2412.24,2400.51,2422.94,2395.47,64560821.0,0.0031,60427236000.0
2013-10-25,2400.52,2368.56,2413.33,2353.99,77070182.0,0.0037,70778094800.0
2013-10-28,2372.57,2365.95,2377.25,2351.86,62876152.0,0.0031,56602098400.0
2013-10-29,2369.22,2372.05,2408.62,2327.9,106737833.0,0.0052,91741559600.00002
2013-10-30,2371.85,2407.47,2407.85,2365.51,92178126.0,0.0045000000000000005,75735067200.0
2013-10-31,2398.4,2373.72,2398.4,2370.23,82736964.0,0.004,70393879800.0
2013-11-01,2373.96,2384.96,2395.0,2365.15,63055762.0,0.0031,57820026700.0
2013-11-04,2397.21,2380.45,2404.9,2376.36,51798461.0,0.0025,48959462000.0
2013-11-05,2366.88,2383.77,2385.69,2343.8,62084488.0,0.003,56935549900.0
2013-11-06,2371.32,2353.57,2383.54,2352.79,63776663.0,0.0031,59536872800.0
2013-11-07,2351.87,2340.55,2356.67,2328.25,54821747.0,0.0027,50942569600.0
2013-11-08,2329.08,2307.95,2342.67,2306.04,53788508.0,0.0026,48564999900.0
2013-11-11,2305.94,2315.89,2325.23,2295.0,45739457.0,0.0022,42566548200.0
2013-11-12,2319.36,2340.0,2342.53,2316.6,52687545.0,0.0026,49854763400.0
2013-11-13,2325.36,2288.12,2325.56,2287.55,59848831.0,0.0029,53183050100.0
2013-11-14,2291.27,2304.5,2305.7,2279.01,57310356.0,0.0028000000000000004,51945077800.0
2013-11-15,2306.55,2350.73,2377.21,2306.55,86391771.0,0.0042,83147858400.0
2013-11-18,2367.88,2428.9,2429.57,2361.04,110034633.0,0.0053,108549513000.0
2013-11-19,2427.93,2412.16,2427.93,2405.08,78648296.0,0.0038,79884936300.0
2013-11-20,2428.77,2424.85,2435.43,2406.42,72291801.0,0.0034999999999999996,67741428200.0
2013-11-21,2412.45,2409.99,2415.38,2382.88,87706677.0,0.0043,82220527000.0
2013-11-22,2415.29,2397.96,2419.0,2393.58,75000675.0,0.0036,70052206600.0
2013-11-25,2385.78,2388.63,2418.85,2380.69,66144734.0,0.0032,63811265000.0
2013-11-26,2387.83,2387.42,2399.02,2380.41,59185864.0,0.0029,53334204400.00001
2013-11-27,2386.36,2414.48,2422.81,2383.78,75294088.0,0.0037,70744775400.0
2013-11-28,2419.15,2439.53,2460.56,2417.24,90660406.0,0.0044,86852445399.99998
2013-11-29,2442.68,2438.94,2446.4,2432.39,61803746.0,0.003,61907374200.0
2013-12-02,2423.97,2418.79,2464.86,2397.01,119655123.0,0.0058,112921841100.0
2013-12-03,2410.69,2442.78,2448.33,2406.66,74455752.0,0.0036,72045234200.0
2013-12-04,2439.82,2475.14,2486.64,2434.69,102650235.0,0.005,94783931300.00002
2013-12-05,2476.45,2468.2,2481.75,2460.58,77708932.0,0.0038,72999931100.0
2013-12-06,2463.04,2452.29,2470.81,2445.62,66114089.0,0.0032,64843207900.0
2013-12-09,2460.03,2450.87,2468.95,2445.94,57164884.0,0.0028000000000000004,57634539100.0
2013-12-10,2456.23,2453.32,2466.66,2444.53,66941424.0,0.0032,61236728800.0
2013-12-11,2440.5,2412.76,2440.5,2400.74,68075144.0,0.0033,62808851000.0
2013-12-12,2406.77,2410.01,2423.31,2402.77,50147719.0,0.0024,47481447300.00001
2013-12-13,2388.66,2406.64,2416.26,2386.25,51501196.0,0.0025,47583527699.99999
2013-12-16,2408.68,2367.92,2412.73,2367.43,64581674.0,0.0031,62107893600.0
2013-12-17,2369.25,2356.38,2373.29,2351.18,48483891.0,0.0023,46306075599.99999
2013-12-18,2356.7,2357.23,2368.58,2350.45,40015207.0,0.0019,39675269800.0
2013-12-19,2366.21,2332.41,2370.99,2331.19,48095680.0,0.0023,45148866900.00001
2013-12-20,2335.05,2278.14,2338.88,2278.1,65204207.0,0.0032,60862129500.0
2013-12-23,2283.8,2284.6,2295.76,2259.58,45580285.0,0.0022,44415343000.0
2013-12-24,2291.13,2288.25,2312.83,2270.25,45599168.0,0.0022,45173191400.0
2013-12-25,2291.75,2305.11,2305.61,2281.6,44005326.0,0.0021,41202984200.0
2013-12-26,2299.97,2265.33,2301.49,2263.92,51497563.0,0.0025,48603013700.0
2013-12-27,2268.53,2303.48,2315.18,2264.39,53389157.0,0.0026,51197946400.0
2013-12-30,2313.38,2299.46,2316.62,2295.64,48414308.0,0.0023,46156442699.99999
2013-12-31,2289.01,2330.03,2333.07,2287.12,56631070.0,0.0027,57026486200.0
2014-01-02,2323.43,2321.98,2325.99,2310.65,45194291.0,0.0022,49012211100.0
2014-01-03,2311.97,2290.78,2314.84,2280.89,59782645.0,0.0029,57739709900.0
2014-01-06,2286.37,2238.64,2286.37,2229.33,66300403.0,0.0032,59979360100.0
2014-01-07,2222.31,2238.0,2246.79,2218.65,43753103.0,0.0021,42565648099.99999
2014-01-08,2240.64,2241.91,2262.58,2228.42,51348854.0,0.0025,50691488900.0
2014-01-09,2236.97,2222.22,2258.89,2220.8,55987041.0,0.0027,54399491300.0
2014-01-10,2216.52,2204.85,2224.49,2200.22,54169293.0,0.0026,47572309500.0
2014-01-13,2207.0,2193.68,2222.07,2183.6,50122772.0,0.0024,46123003800.0
2014-01-14,2192.84,2212.85,2214.12,2179.91,54049947.0,0.0026,46785099900.0
2014-01-15,2210.02,2208.94,2215.9,2193.8,48962395.0,0.0024,45755914300.0
2014-01-16,2209.45,2211.84,2227.26,2201.56,52298902.0,0.0025,49842784000.0
2014-01-17,2203.82,2178.49,2205.97,2175.88,50273155.0,0.0024,46268159200.0
2014-01-20,2173.65,2165.99,2182.46,2156.46,40560154.0,0.002,39157227500.0
2014-01-21,2168.42,2187.41,2197.92,2168.42,40306247.0,0.0019,38590992800.0
2014-01-22,2190.43,2243.8,2244.13,2187.53,70641375.0,0.0034000000000000002,64803357100.0
2014-01-23,2242.25,2231.89,2248.92,2228.06,56345951.0,0.0027,55726417400.0
2014-01-24,2225.76,2245.68,2257.36,2222.89,61167670.0,0.003,59563444900.0
2014-01-27,2233.01,2215.92,2233.23,2211.8,70344246.0,0.0034000000000000002,63503992500.0
2014-01-28,2220.78,2219.86,2233.26,2205.97,53269130.0,0.0026,49408754600.0
2014-01-29,2225.71,2227.78,2233.06,2219.93,50222717.0,0.0024,48788682800.0
2014-01-30,2223.16,2202.45,2223.16,2200.22,43632304.0,0.0021,43475960800.0
2014-02-07,2187.34,2212.48,2212.5,2177.12,50459315.0,0.0024,49597106400.0
2014-02-10,2221.54,2267.53,2270.19,2221.54,83065716.0,0.004,81103244100.0
2014-02-11,2267.74,2285.56,2296.52,2262.6,99229829.0,0.0048,92688969100.0
2014-02-12,2286.19,2291.25,2294.32,2276.44,76592161.0,0.0037,73487379700.0
2014-02-13,2288.45,2279.55,2307.47,2278.26,96217789.0,0.0046,87352124300.0
2014-02-14,2278.4,2295.58,2295.85,2274.43,67082997.0,0.0032,64613327699.99999
2014-02-17,2308.79,2311.65,2315.58,2293.55,87831666.0,0.0042,86871352600.0
2014-02-18,2310.31,2282.44,2310.31,2276.11,87049743.0,0.0042,88107268000.0
2014-02-19,2280.93,2308.66,2317.42,2274.15,99352561.0,0.0048,88341900399.99998
2014-02-20,2314.09,2287.44,2331.7,2286.2,106439533.0,0.0051,91771595700.0
2014-02-21,2284.03,2264.29,2287.87,2250.65,76368993.0,0.0037,69908188700.0
2014-02-24,2246.72,2214.51,2246.72,2194.16,89215939.0,0.0043,79599146400.0
2014-02-25,2216.51,2157.91,2225.21,2150.1,93237551.0,0.0045000000000000005,88306571700.0
2014-02-26,2147.74,2163.41,2164.7,2137.08,77993297.0,0.0038,68640581100.0
2014-02-27,2170.81,2154.11,2180.06,2150.14,90104296.0,0.0043,81587999700.0
2014-02-28,2149.45,2178.97,2180.47,2133.55,76668057.0,0.0037,70216799000.0
2014-03-03,2173.91,2190.37,2194.22,2167.91,82072314.0,0.0039000000000000003,69408739900.0
2014-03-04,2183.86,2184.27,2188.6,2161.59,73069250.0,0.0034999999999999996,64691438000.0
2014-03-05,2187.35,2163.98,2189.09,2159.6,61332015.0,0.003,55669679400.00001
2014-03-06,2159.4,2173.63,2181.43,2136.45,69093767.0,0.0033,61495023700.0
2014-03-07,2170.04,2168.36,2189.39,2161.44,64265177.0,0.0031,58693178000.0
2014-03-10,2149.68,2097.79,2149.68,2095.07,71416407.0,0.0034000000000000002,63086412600.0
2014-03-11,2092.61,2108.66,2118.79,2088.73,57621243.0,0.0028000000000000004,53075782500.0
2014-03-12,2102.8,2114.13,2130.59,2090.76,70069747.0,0.0034000000000000002,60115239200.0
2014-03-13,2119.55,2140.33,2149.44,2115.99,69226028.0,0.0033,59163094400.00001
2014-03-14,2129.87,2122.84,2140.38,2109.58,58617737.0,0.0028000000000000004,49805247500.0
2014-03-17,2132.79,2143.04,2143.2,2118.95,52409445.0,0.0025,47571288700.0
2014-03-18,2146.12,2138.13,2152.46,2134.92,55354132.0,0.0027,54188441400.0
2014-03-19,2131.28,2120.87,2131.28,2101.28,59303905.0,0.0029,55283944000.0
2014-03-20,2116.19,2086.97,2134.79,2086.5,67631285.0,0.0033,58951602000.0
2014-03-21,2079.87,2158.8,2163.23,2077.76,104024807.0,0.005,83560511800.0
2014-03-24,2161.9,2176.55,2186.73,2150.87,104491984.0,0.005,81203913700.0
2014-03-25,2170.78,2174.44,2191.49,2164.67,86877510.0,0.0042,67548473600.0
2014-03-26,2181.23,2171.05,2186.08,2165.22,58276176.0,0.0028000000000000004,50116023099.99999
2014-03-27,2168.34,2155.71,2186.89,2146.92,71275132.0,0.0034000000000000002,62175860400.0
2014-03-28,2154.51,2151.97,2172.67,2144.58,70086073.0,0.0034000000000000002,60123341100.0
2014-03-31,2156.05,2146.3,2165.25,2134.42,55457488.0,0.0027,48105020100.0
2014-04-01,2143.72,2163.12,2170.1,2141.15,48866403.0,0.0023,43659064300.0
2014-04-02,2166.07,2180.73,2182.68,2164.01,65039257.0,0.0031,56777151900.00001
2014-04-03,2188.64,2165.01,2196.14,2160.75,71536032.0,0.0034000000000000002,57708859700.0
2014-04-04,2157.98,2185.47,2186.15,2155.28,47945888.0,0.0023,43912624300.0
2014-04-08,2179.92,2237.32,2243.97,2178.91,97219117.0,0.004699999999999999,85692893400.0
2014-04-09,2239.79,2238.62,2246.79,2228.99,66357268.0,0.0032,61178630400.0
2014-04-10,2241.45,2273.76,2290.74,2229.51,114545405.0,0.0055000000000000005,101616815000.0
2014-04-11,2269.56,2270.67,2281.11,2261.13,90615897.0,0.0044,86154853800.00002
2014-04-14,2267.94,2268.61,2275.83,2255.46,62264998.0,0.003,60254151500.0
2014-04-15,2261.41,2229.46,2261.47,2225.69,68218130.0,0.0033,62599115599.99999
2014-04-16,2223.47,2232.53,2245.31,2221.15,51678010.0,0.0025,47770218200.0
2014-04-17,2238.78,2224.8,2241.62,2221.95,48333628.0,0.0023,45096433700.0
2014-04-18,2215.88,2224.48,2228.77,2203.05,50757995.0,0.0024,45709617100.0
2014-04-21,2209.94,2187.25,2231.71,2186.75,56278280.0,0.0027,51856112800.0
2014-04-22,2184.02,2196.79,2196.85,2165.08,57094694.0,0.0027,52351993099.99999
2014-04-23,2191.23,2194.67,2205.59,2187.39,47763531.0,0.0023,45191150800.0
2014-04-24,2192.77,2190.47,2209.45,2186.76,45058911.0,0.0022,41927012900.0
2014-04-25,2195.81,2167.83,2201.71,2167.64,60245383.0,0.0029,52092022400.0
2014-04-28,2165.77,2134.97,2171.39,2132.7,60485187.0,0.0029,49998809800.00001
2014-04-29,2134.41,2158.47,2159.38,2131.78,48204931.0,0.0023,41550353200.0
2014-04-30,2158.76,2158.66,2164.18,2153.12,45334624.0,0.0022,39493022300.0
2014-05-05,2152.59,2156.47,2161.7,2131.23,49344073.0,0.0024,41470449800.0
2014-05-06,2151.39,2157.33,2173.62,2150.11,48086519.0,0.0023,41486451600.0
2014-05-07,2151.47,2137.32,2153.72,2136.99,44607470.0,0.0021,37751019700.0
2014-05-08,2132.04,2135.5,2168.21,2128.32,48332452.0,0.0023,40729772000.0
2014-05-09,2138.84,2133.91,2141.56,2120.6,49181135.0,0.0024,40242745300.0
2014-05-12,2150.31,2180.05,2184.33,2139.48,83472560.0,0.004,66275508600.0
2014-05-13,2180.06,2174.85,2185.05,2167.77,64912518.0,0.0031,50241276100.0
2014-05-14,2175.09,2172.37,2184.22,2169.0,48514206.0,0.0023,39214123900.0
2014-05-15,2169.28,2144.08,2171.45,2142.34,46734032.0,0.0022,38938529200.0
2014-05-16,2143.93,2145.95,2150.5,2132.19,42253197.0,0.002,34987586800.0
2014-05-19,2139.36,2115.14,2139.36,2105.71,42893607.0,0.0021,37135950600.0
2014-05-20,2124.71,2115.77,2131.57,2110.72,37299683.0,0.0018,31576339000.0
2014-05-21,2106.76,2135.91,2136.1,2096.51,38946042.0,0.0019,32246808000.0
2014-05-22,2134.09,2130.87,2160.91,2128.86,46252736.0,0.0022,39227549700.0
2014-05-23,2130.77,2148.41,2148.58,2128.66,37623105.0,0.0018,32420020200.0
2014-05-26,2161.89,2155.98,2165.42,2147.45,39550656.0,0.0019,37788482700.0
2014-05-27,2154.4,2147.28,2160.03,2145.75,35897171.0,0.0017000000000000001,32374256500.0
2014-05-28,2147.47,2169.35,2171.17,2142.01,50056260.0,0.0024,45627619400.00001
2014-05-29,2171.26,2155.16,2178.09,2154.93,44891556.0,0.0021,41076912700.0
2014-05-30,2156.38,2156.46,2166.91,2146.22,43923863.0,0.0021,39769199800.0
2014-06-03,2157.64,2149.92,2169.0,2149.29,41982954.0,0.002,37906226100.0
2014-06-04,2149.41,2128.27,2149.45,2117.31,41817249.0,0.002,35607022800.0
2014-06-05,2126.61,2150.6,2150.93,2123.52,36477424.0,0.0017000000000000001,33050774700.000004
2014-06-06,2149.21,2134.72,2149.78,2123.98,35738058.0,0.0017000000000000001,32415599500.0
2014-06-09,2128.23,2134.28,2153.9,2126.67,39311060.0,0.0019,35326732100.0
2014-06-10,2138.67,2161.27,2161.53,2132.45,50507902.0,0.0024,44416141200.0
2014-06-11,2156.15,2160.77,2163.61,2152.08,42563718.0,0.002,37311080700.0
2014-06-12,2156.76,2153.41,2160.99,2148.41,43025843.0,0.0021,37252041700.0
2014-06-13,2150.99,2176.24,2183.65,2150.57,59252876.0,0.0028000000000000004,51765511500.0
2014-06-16,2176.44,2191.86,2196.34,2174.28,63296875.0,0.003,56904298400.0
2014-06-17,2185.68,2169.67,2185.68,2168.45,49933665.0,0.0024,46244977800.0
2014-06-18,2169.25,2160.24,2172.55,2158.5,49463897.0,0.0024,42538095500.0
2014-06-19,2161.43,2126.91,2166.41,2119.5,53162645.0,0.0025,46029744900.0
2014-06-20,2124.96,2136.73,2137.03,2120.81,42393719.0,0.002,35425712900.0
2014-06-23,2137.93,2134.11,2147.23,2132.45,41179258.0,0.002,37112428800.0
2014-06-24,2131.69,2144.82,2145.21,2130.29,40164356.0,0.0019,38778505300.0
2014-06-25,2141.73,2133.37,2141.73,2126.03,37666100.0,0.0018,33809315500.0
2014-06-26,2135.16,2149.08,2151.11,2134.89,44351166.0,0.0021,40601836600.0
2014-06-27,2146.37,2150.26,2159.53,2138.93,52722896.0,0.0025,45525673900.0
2014-06-30,2152.31,2165.12,2168.22,2152.31,54304188.0,0.0026,50277570800.0
2014-07-01,2169.2,2164.56,2171.15,2157.13,53323100.0,0.0025,49936284300.0
2014-07-02,2164.0,2170.87,2171.51,2155.61,59685501.0,0.0028000000000000004,53273658900.0
2014-07-03,2169.0,2180.19,2184.96,2164.84,63690690.0,0.003,56024939300.0
2014-07-04,2180.45,2178.7,2183.8,2174.07,52851106.0,0.0025,47990033400.0
2014-07-07,2178.55,2176.29,2186.2,2171.08,50242334.0,0.0024,47663876900.00001
2014-07-08,2174.83,2180.47,2180.78,2163.36,50743599.0,0.0024,46017266900.00001
2014-07-09,2178.14,2148.71,2178.51,2148.26,62022046.0,0.003,58980248400.0
2014-07-10,2146.6,2142.85,2151.77,2139.52,55732497.0,0.0027,50931668900.0
2014-07-11,2136.32,2148.01,2154.74,2134.79,61374274.0,0.0029,51551825599.99999
2014-07-14,2149.54,2171.76,2171.9,2145.28,66158863.0,0.0031,60467088900.0
2014-07-15,2170.09,2174.98,2176.27,2165.21,71815694.0,0.0034000000000000002,64304875100.0
2014-07-16,2172.82,2170.87,2183.25,2166.77,81560230.0,0.0039000000000000003,61126054500.0
2014-07-17,2166.83,2157.07,2166.93,2147.08,59453568.0,0.0028000000000000004,46354646300.0
2014-07-18,2147.66,2164.14,2176.33,2145.45,65473295.0,0.0031,53758919100.0
2014-07-21,2164.22,2166.29,2171.94,2158.96,54172260.0,0.0026,47731629600.0
2014-07-22,2162.44,2192.7,2197.59,2162.24,78542583.0,0.0037,66806114400.00001
2014-07-23,2191.39,2197.83,2210.28,2190.55,84213872.0,0.004,69177998100.0
2014-07-24,2199.83,2237.01,2239.81,2199.83,119435534.0,0.005699999999999999,99964367600.0
2014-07-25,2243.07,2260.45,2260.89,2239.07,98972838.0,0.004699999999999999,81994560100.0
2014-07-28,2272.38,2323.9,2331.47,2272.38,179869333.0,0.0085,145277424300.0
2014-07-29,2326.04,2331.37,2342.77,2316.22,134269641.0,0.0064,112176546300.00002
2014-07-30,2324.69,2322.01,2339.04,2316.06,123022832.0,0.0058,103362308900.0
2014-07-31,2321.97,2350.25,2350.55,2316.59,110987769.0,0.0053,93135567000.0
2014-08-01,2341.23,2329.4,2371.5,2328.97,126317390.0,0.006,106125190300.0
2014-08-04,2336.63,2375.62,2375.62,2332.14,116713754.0,0.0055000000000000005,101301888300.0
2014-08-05,2376.8,2369.35,2380.77,2353.79,111861789.0,0.0053,97906971199.99998
2014-08-06,2358.21,2363.22,2371.67,2334.33,116341829.0,0.0055000000000000005,96681298699.99998
2014-08-07,2363.61,2327.46,2369.2,2326.27,116729210.0,0.0055000000000000005,94254454000.0
2014-08-08,2329.18,2331.13,2339.27,2319.29,86739694.0,0.0040999999999999995,72605666100.0
2014-08-11,2338.01,2365.35,2367.0,2337.01,91601171.0,0.0043,82973900400.0
2014-08-12,2361.17,2357.05,2361.17,2344.72,91822608.0,0.0044,82973769600.0
2014-08-13,2358.46,2358.9,2370.51,2335.69,110447789.0,0.0052,94185266500.0
2014-08-14,2357.2,2335.95,2363.18,2334.08,97969493.0,0.0046,84251435900.0
2014-08-15,2337.99,2360.64,2366.9,2333.12,93592546.0,0.0044,81888217000.0
2014-08-18,2366.27,2374.56,2379.8,2361.2,104509554.0,0.005,90148909900.0
2014-08-19,2378.89,2374.77,2379.47,2358.97,115850020.0,0.0055000000000000005,102742760000.0
2014-08-20,2371.65,2366.14,2375.48,2360.84,101288088.0,0.0048,91374802700.0
2014-08-21,2365.73,2354.24,2367.46,2333.3,100690211.0,0.0048,92192063300.0
2014-08-22,2352.32,2365.36,2368.46,2350.99,89823938.0,0.0043,85642463800.00002
2014-08-25,2367.02,2342.86,2367.61,2338.46,97373717.0,0.0046,85182494000.0
2014-08-26,2339.6,2324.09,2350.39,2317.18,93844222.0,0.0044,83135033200.0
2014-08-27,2323.79,2327.6,2336.74,2322.89,67676221.0,0.0032,62448675199.99999
2014-08-28,2328.06,2311.28,2336.36,2309.64,70490655.0,0.0033,66195966900.00001
2014-08-29,2317.3,2338.29,2338.77,2313.26,63211423.0,0.003,58359967800.0
2014-09-01,2340.93,2355.32,2355.55,2338.53,77320870.0,0.0037,73362240600.0
2014-09-02,2359.86,2386.46,2387.66,2349.95,114436733.0,0.0054,106925790100.0
2014-09-03,2389.69,2408.84,2414.26,2389.68,129734204.0,0.0060999999999999995,123629189400.0
2014-09-04,2411.93,2426.22,2427.3,2404.08,111272298.0,0.0053,108294703200.0
2014-09-05,2433.17,2449.26,2450.63,2427.99,133551764.0,0.0063,123349320100.0
2014-09-09,2452.23,2445.22,2454.89,2437.08,118194344.0,0.005600000000000001,107795213500.0
2014-09-10,2435.59,2432.43,2437.08,2422.65,109175517.0,0.0052,97472683000.0
2014-09-11,2430.68,2423.45,2461.47,2417.27,132982583.0,0.0063,127203381700.0
2014-09-12,2418.75,2438.36,2438.36,2412.62,109160170.0,0.0052,96625765399.99998
2014-09-15,2433.0,2437.19,2439.25,2418.96,122247159.0,0.0058,112507690399.99998
2014-09-16,2440.34,2388.76,2442.92,2386.98,186742791.0,0.0088,147250169900.0
2014-09-17,2395.36,2401.33,2405.37,2379.09,125269028.0,0.0059,98039470100.0
2014-09-18,2396.38,2408.66,2414.95,2389.62,115926376.0,0.0055000000000000005,92105332000.0
2014-09-19,2409.31,2425.21,2430.15,2402.31,101813577.0,0.0048,88221038699.99998
2014-09-22,2419.33,2378.92,2419.33,2374.11,102240870.0,0.0048,88958056500.0
2014-09-23,2379.52,2399.46,2402.48,2379.52,84033341.0,0.004,75463683700.0
2014-09-24,2391.42,2441.86,2443.98,2387.07,142713530.0,0.0067,120389934600.00002
2014-09-25,2453.42,2436.97,2462.67,2429.59,138661891.0,0.006500000000000001,119612625700.0
2014-09-26,2430.81,2437.2,2439.65,2420.5,100299494.0,0.004699999999999999,87757377899.99998
2014-09-29,2443.91,2447.8,2453.67,2435.61,123401727.0,0.0058,111463779800.0
2014-09-30,2452.17,2450.99,2454.89,2444.2,115804229.0,0.0054,101906558800.00002
2014-10-08,2460.87,2478.38,2478.38,2445.27,121953604.0,0.005699999999999999,116500107800.0
2014-10-09,2480.2,2481.96,2488.11,2461.11,137923920.0,0.006500000000000001,120752628400.0
2014-10-10,2472.1,2466.79,2482.14,2457.68,147634307.0,0.0069,121924973000.0
2014-10-13,2457.41,2454.95,2460.39,2430.55,131593362.0,0.0062,112784478800.00002
2014-10-14,2451.09,2446.56,2467.9,2436.34,127393705.0,0.006,106356643100.0
2014-10-15,2444.54,2463.87,2465.5,2431.19,135801882.0,0.0064,114837290100.0
2014-10-16,2448.97,2444.4,2480.3,2441.82,158166603.0,0.0074,128340525500.0
2014-10-17,2443.22,2441.73,2456.11,2410.4,132759988.0,0.0062,112685625500.0
2014-10-20,2448.45,2454.71,2456.62,2441.9,91435401.0,0.0043,84843604900.0
2014-10-21,2453.41,2433.39,2459.25,2432.55,96241912.0,0.0045000000000000005,86622201900.0
2014-10-22,2434.89,2418.64,2447.47,2417.56,88656193.0,0.0042,82251744200.0
2014-10-23,2415.44,2395.94,2424.66,2392.53,103491839.0,0.0048,86045452800.0
2014-10-24,2397.85,2390.71,2404.99,2385.73,74974869.0,0.0034999999999999996,65601225199.99999
2014-10-27,2377.54,2368.83,2377.54,2361.68,73862447.0,0.0034999999999999996,65956480800.0
2014-10-28,2373.16,2416.65,2416.77,2373.16,101523055.0,0.0048,90529903100.0
2014-10-29,2423.81,2451.38,2461.27,2415.7,158584062.0,0.0074,134541723600.0
2014-10-30,2450.36,2468.93,2474.38,2443.76,189626353.0,0.0089,139157358000.0
2014-10-31,2473.5,2508.33,2512.19,2466.5,239172412.0,0.011200000000000002,181604617000.0
2014-11-03,2515.82,2512.55,2524.17,2502.06,205801228.0,0.0096,151406835100.0
2014-11-04,2511.04,2513.17,2517.46,2498.61,218247005.0,0.0102,155291882600.0
2014-11-05,2516.87,2503.45,2519.4,2499.23,190491862.0,0.0089,146130895100.0
2014-11-06,2505.17,2506.07,2510.99,2482.98,149651117.0,0.006999999999999999,118839203600.0
2014-11-07,2508.76,2502.15,2541.55,2489.42,208760911.0,0.0098,176868665300.0
2014-11-10,2529.83,2565.73,2565.73,2514.71,226599735.0,0.0106,187612569200.00003
2014-11-11,2578.44,2558.61,2602.37,2532.57,323711656.0,0.0151,265840509800.0
2014-11-12,2545.4,2594.32,2594.32,2539.6,184686261.0,0.0086,157847382800.0
2014-11-13,2597.39,2579.75,2607.52,2567.46,219815615.0,0.0103,192985452900.0
2014-11-14,2569.21,2581.09,2581.93,2557.67,165049965.0,0.0077,145409933900.0
2014-11-17,2613.51,2567.1,2614.09,2565.94,158478095.0,0.0074,147724645100.0
2014-11-18,2565.27,2541.42,2570.21,2534.93,142941356.0,0.0067,124246649400.0
2014-11-19,2538.23,2537.22,2550.5,2531.32,122146974.0,0.005699999999999999,113031721900.0
2014-11-20,2528.78,2537.1,2545.47,2522.84,106149864.0,0.005,98145538699.99998
2014-11-21,2537.54,2583.46,2585.36,2530.03,151028139.0,0.0070999999999999995,143750813300.0
2014-11-24,2614.16,2649.26,2667.67,2602.94,279839720.0,0.0131,264974912300.0
2014-11-25,2650.09,2685.56,2686.06,2643.84,222611699.0,0.0104,206879208500.0
2014-11-26,2695.26,2723.02,2723.36,2690.31,243962485.0,0.011399999999999999,239333899200.00003
2014-11-27,2737.03,2754.49,2754.49,2718.7,265464730.0,0.0124,261164877200.0
2014-11-28,2753.93,2808.82,2809.54,2740.37,375323662.0,0.0176,330256023200.0
2014-12-01,2825.61,2819.81,2855.33,2808.65,365487417.0,0.0171,338833084200.0
2014-12-02,2807.34,2923.94,2944.51,2804.29,361465322.0,0.0169,341185189099.99994
2014-12-03,2936.12,2967.55,3028.23,2912.25,466156685.0,0.0218,464857500400.0
2014-12-04,2975.4,3104.35,3104.89,2968.88,426812928.0,0.02,433875560200.00006
2014-12-05,3143.97,3124.89,3195.8,3011.94,524881260.0,0.0245,554362904900.0
2014-12-08,3108.27,3252.88,3270.88,3075.7,484462344.0,0.0227,515773683000.0
2014-12-09,3233.1,3106.91,3387.83,3074.52,632874567.0,0.0296,702150099200.0
2014-12-10,3120.21,3221.55,3229.05,3058.19,425018708.0,0.0199,477300103100.0
2014-12-11,3185.16,3183.01,3254.42,3158.44,367091691.0,0.0172,392944833600.0
2014-12-12,3182.92,3193.23,3239.45,3167.93,301065325.0,0.0141,337817437000.0
2014-12-15,3176.83,3217.23,3226.22,3143.3,290193834.0,0.013600000000000001,326668040800.0
2014-12-16,3221.36,3303.4,3303.4,3207.69,358123847.0,0.0167,425665729200.0
2014-12-17,3325.82,3360.6,3368.19,3275.74,448140770.0,0.021,527748938000.0
2014-12-18,3359.09,3345.93,3393.71,3322.23,355970207.0,0.0166,416260448900.0
2014-12-19,3345.63,3383.17,3397.18,3280.92,411211590.0,0.0192,435516864900.0
2014-12-22,3396.25,3394.48,3455.21,3357.66,549801671.0,0.025699999999999997,537021101800.0
2014-12-23,3358.8,3324.92,3431.78,3316.91,369736093.0,0.0173,377227774099.99994
2014-12-24,3332.15,3230.39,3340.36,3188.5,317449587.0,0.0148,339475799600.0
2014-12-25,3254.48,3335.42,3335.78,3226.32,309799547.0,0.014499999999999999,330128939900.0
2014-12-26,3343.64,3445.84,3453.34,3335.01,384614124.0,0.018000000000000002,438838427100.0
2014-12-29,3502.18,3455.46,3524.28,3405.84,425015037.0,0.019799999999999998,505004508400.00006
2014-12-30,3450.81,3457.55,3491.83,3422.17,328233873.0,0.015300000000000001,394607772400.0
2014-12-31,3462.39,3533.71,3542.34,3452.5,345934760.0,0.0161,403710888100.0
2015-01-05,3566.09,3641.54,3669.04,3551.51,451198098.0,0.021,519849817400.0
2015-01-06,3608.43,3641.06,3683.23,3587.23,420962185.0,0.0195,498529588300.0
2015-01-07,3620.92,3643.79,3671.19,3601.7,320191232.0,0.0148,398731720500.0
2015-01-08,3650.07,3559.26,3659.95,3552.1,295003045.0,0.0137,355831967299.99994
2015-01-09,3547.57,3546.72,3689.75,3536.4,349982672.0,0.016200000000000003,430210592299.99994
2015-01-12,3531.51,3513.58,3560.53,3461.32,266567175.0,0.0124,334257133100.0
2015-01-13,3506.45,3514.04,3550.16,3494.77,187153965.0,0.0087,250796676100.0
2015-01-14,3522.91,3502.42,3547.24,3471.56,196012510.0,0.0091,241285837500.0
2015-01-15,3501.72,3604.12,3604.12,3482.27,237812338.0,0.011000000000000001,303445351100.0
2015-01-16,3616.25,3635.15,3662.16,3601.26,282681614.0,0.0131,355568710700.0
2015-01-19,3414.01,3355.16,3497.25,3330.98,329505275.0,0.0152,366017532100.0
2015-01-20,3336.79,3396.22,3419.2,3325.68,297843232.0,0.0138,381917903800.0
2015-01-21,3420.49,3548.89,3557.79,3409.43,337928210.0,0.015600000000000001,425433704300.0
2015-01-22,3551.05,3567.61,3576.76,3520.05,268853599.0,0.0124,345026041000.0
2015-01-23,3582.09,3571.73,3627.81,3548.63,280172172.0,0.0129,361835546400.0
2015-01-26,3580.12,3607.99,3611.62,3559.38,239766203.0,0.0111,309585710100.0
2015-01-27,3614.04,3574.93,3616.26,3510.02,287669179.0,0.013300000000000001,357548249600.0
2015-01-28,3547.24,3525.32,3583.31,3512.39,216220214.0,0.01,278749164900.0
2015-01-29,3474.92,3481.8,3505.58,3453.9,211618860.0,0.0098,251897926400.0
2015-01-30,3496.89,3434.39,3514.22,3431.94,196479157.0,0.0091,237420793900.0
2015-02-02,3360.19,3353.96,3407.26,3347.09,195183699.0,0.009000000000000001,224837769899.99997
2015-02-03,3388.6,3437.45,3441.71,3360.72,192846096.0,0.0089,241100023200.0
2015-02-04,3446.14,3401.77,3476.82,3399.56,191304349.0,0.0088,244034297200.0
2015-02-05,3487.95,3366.95,3487.95,3366.86,250430609.0,0.0116,311523669200.0
2015-02-06,3352.33,3312.42,3374.05,3285.94,192664186.0,0.0089,221433183400.0
2015-02-09,3305.73,3345.92,3376.53,3298.6,172353820.0,0.0079,220766525000.0
2015-02-10,3345.08,3406.94,3407.18,3339.55,159309088.0,0.0073,199120680700.0
2015-02-11,3415.98,3434.12,3445.66,3412.14,144613772.0,0.0067,185979219700.0
2015-02-12,3435.36,3442.87,3453.58,3405.63,156081691.0,0.0072,191285873500.0
2015-02-13,3458.83,3469.83,3509.5,3452.08,201089971.0,0.009300000000000001,247076153299.99997
2015-02-16,3473.29,3499.48,3504.48,3466.61,165641343.0,0.0076,222799721200.0
2015-02-17,3511.54,3522.32,3536.82,3511.09,165328313.0,0.0076,214457267900.0
2015-02-25,3529.55,3478.73,3529.55,3463.96,165539351.0,0.0076,211739059300.0
2015-02-26,3473.71,3566.29,3569.33,3456.87,229328438.0,0.0105,279809075200.0
2015-02-27,3565.23,3572.84,3594.81,3560.46,222786438.0,0.0102,271861944600.0
2015-03-02,3603.45,3601.26,3608.69,3566.53,248176125.0,0.011399999999999999,325164897100.0
2015-03-03,3579.31,3507.9,3579.31,3504.2,261866489.0,0.012,335700118200.0
2015-03-04,3514.67,3530.82,3540.91,3497.17,199663981.0,0.0092,257468791000.0
2015-03-05,3513.25,3496.34,3517.08,3467.68,217508805.0,0.01,279030592400.0
2015-03-06,3501.18,3478.52,3516.24,3472.39,181518054.0,0.0083,233468244800.0
2015-03-09,3449.7,3537.75,3546.71,3417.49,233940411.0,0.010700000000000001,277860471600.0
2015-03-10,3523.64,3520.61,3551.21,3511.99,194267657.0,0.0089,245366625900.0
2015-03-11,3524.58,3524.65,3568.92,3512.22,188947825.0,0.0086,235772755500.0
2015-03-12,3557.69,3592.84,3603.34,3536.53,265664625.0,0.0121,322141249300.0
2015-03-13,3604.67,3617.66,3641.39,3594.74,246864768.0,0.011200000000000002,297298516500.0
2015-03-16,3641.77,3705.67,3705.74,3621.12,275438307.0,0.0125,358497570200.00006
2015-03-17,3733.96,3757.12,3762.58,3716.81,371625666.0,0.0169,455003825900.00006
2015-03-18,3769.09,3846.05,3846.05,3763.85,415190011.0,0.0189,484465529200.0
2015-03-19,3851.25,3839.74,3859.13,3809.71,391547630.0,0.0178,463212821599.99994
2015-03-20,3852.49,3892.57,3916.86,3832.42,401817552.0,0.0183,544468374300.0
2015-03-23,3923.08,3972.06,3972.3,3922.21,391119922.0,0.0178,519760220700.0
2015-03-24,3980.07,3973.05,3989.86,3883.78,468581312.0,0.0213,591066800600.0
2015-03-25,3961.58,3940.41,3980.72,3913.99,379968851.0,0.0173,501733891700.0
2015-03-26,3921.75,3950.0,3992.0,3892.88,346756315.0,0.015700000000000002,468538490800.0
2015-03-27,3957.54,3971.7,3993.03,3932.87,298756064.0,0.013600000000000001,393132347600.0
2015-03-30,3999.02,4088.18,4101.65,3999.02,428297020.0,0.0194,546211078900.0
2015-03-31,4138.88,4051.2,4166.02,4037.77,436065635.0,0.019799999999999998,598121732600.0
2015-04-01,4057.5,4123.9,4139.5,4046.94,329512853.0,0.015,466596904700.0
2015-04-02,4149.95,4124.78,4156.84,4068.65,339070487.0,0.0154,476617837700.00006
2015-04-03,4104.67,4170.54,4170.56,4092.38,321303766.0,0.0146,466965600600.0
2015-04-07,4213.89,4260.04,4260.47,4197.02,415362654.0,0.0189,564646323700.0
2015-04-08,4277.45,4295.8,4304.78,4204.83,458676715.0,0.0208,658308062800.0
2015-04-09,4316.96,4262.14,4332.17,4212.61,439699902.0,0.02,650419151500.0
2015-04-10,4249.38,4344.42,4351.69,4231.2,348190170.0,0.0158,509354291200.0
2015-04-13,4394.05,4421.07,4432.02,4361.59,434153036.0,0.0197,598518139900.0
2015-04-14,4432.13,4438.18,4474.35,4385.91,434432126.0,0.0197,602127441900.0
2015-04-15,4439.31,4380.51,4476.0,4379.61,472154131.0,0.0213,596822875600.0
2015-04-16,4355.49,4513.55,4513.77,4335.63,422603748.0,0.0191,564722844100.0
2015-04-17,4578.68,4596.14,4630.27,4553.9,552802663.0,0.024900000000000002,733953610100.0
2015-04-20,4615.03,4521.92,4671.17,4492.6,686439075.0,0.031,939264904100.0
2015-04-21,4520.46,4619.16,4620.06,4504.56,490314991.0,0.022099999999999998,685365027900.0001
2015-04-22,4637.06,4739.81,4740.93,4632.59,516213792.0,0.0233,769924803900.0
2015-04-23,4764.48,4740.89,4782.04,4693.97,497430954.0,0.022400000000000003,752258236200.0
2015-04-24,4682.63,4702.64,4730.43,4618.32,480152936.0,0.0216,721273097500.0
2015-04-27,4753.87,4807.59,4810.48,4735.31,513076548.0,0.0231,765910402300.0
2015-04-28,4811.32,4741.86,4839.08,4703.57,608638545.0,0.0274,860349875300.0
2015-04-29,4722.9,4774.33,4797.93,4695.79,395056980.0,0.0178,601676350600.0
2015-04-30,4788.41,4749.89,4818.73,4749.48,399727444.0,0.018000000000000002,612511415200.0
2015-05-04,4757.64,4787.74,4795.92,4699.4,377843853.0,0.017,565453373600.0
2015-05-05,4785.19,4596.84,4785.19,4572.98,460419626.0,0.0207,660020218500.0
2015-05-06,4626.23,4553.33,4700.91,4511.76,376073702.0,0.0169,586033987400.0
2015-05-07,4520.82,4470.09,4546.34,4467.46,297759203.0,0.0134,427189953200.0
2015-05-08,4515.55,4558.4,4559.06,4445.59,302407967.0,0.013600000000000001,452090694900.0
2015-05-11,4582.09,4690.53,4690.95,4535.15,373838420.0,0.0168,583260408800.0
2015-05-12,4692.12,4747.42,4748.0,4660.02,377053891.0,0.0169,607123299900.0
2015-05-13,4746.71,4718.44,4758.0,4678.85,370730424.0,0.0166,590479847800.0
2015-05-14,4717.96,4700.78,4735.28,4670.17,337725152.0,0.0151,513219655600.0
2015-05-15,4690.75,4617.47,4690.75,4592.05,328431166.0,0.0147,506695010200.00006
2015-05-18,4582.06,4575.14,4623.38,4565.06,269180489.0,0.012,434083129400.0
2015-05-19,4577.64,4731.22,4740.0,4577.64,314785952.0,0.013999999999999999,524232160100.0
2015-05-20,4751.57,4754.92,4843.1,4745.21,363180748.0,0.0163,589956273000.0
2015-05-21,4768.69,4840.98,4841.62,4746.03,305054537.0,0.0137,505346105500.0
2015-05-22,4895.92,4951.34,4951.99,4870.6,455846718.0,0.0204,719129953199.9999
2015-05-25,4949.11,5099.5,5099.84,4949.11,465736590.0,0.0209,757085825900.0
2015-05-26,5140.8,5198.92,5199.29,5063.15,487949359.0,0.0218,802295843500.0
2015-05-27,5216.17,5181.43,5226.84,5126.86,470798730.0,0.021099999999999997,777826309100.0
2015-05-28,5174.1,4834.01,5213.18,4831.33,571829047.0,0.0256,873207363700.0
2015-05-29,4839.53,4840.83,4924.3,4665.52,427878859.0,0.0191,636008152600.0
2015-06-01,4862.76,5076.18,5079.32,4835.77,417503741.0,0.018600000000000002,637843681500.0
2015-06-02,5091.27,5161.87,5162.56,5047.08,412973196.0,0.0183,658452859700.0
2015-06-03,5176.6,5143.59,5186.97,5059.5,414258270.0,0.0184,672056532200.0
2015-06-04,5156.01,5181.42,5194.23,4863.46,482767268.0,0.021400000000000002,735170669400.0
2015-06-05,5254.9,5230.55,5288.34,5104.18,545961196.0,0.0242,855224403100.0
2015-06-08,5259.41,5353.75,5370.61,5202.6,637313237.0,0.028300000000000002,949498014000.0
2015-06-09,5379.47,5317.46,5380.43,5251.21,570427263.0,0.0253,871431819599.9999
2015-06-10,5254.3,5309.11,5374.83,5209.68,442165676.0,0.0196,711509256800.0001
2015-06-11,5305.14,5306.59,5329.29,5248.16,392338755.0,0.0174,660584868000.0
2015-06-12,5329.28,5335.12,5351.65,5283.09,430131386.0,0.019,694213173300.0
2015-06-15,5354.01,5221.17,5362.45,5207.31,475745703.0,0.0207,766237730200.0
2015-06-16,5165.02,5064.82,5204.3,5015.27,411675638.0,0.0179,651522532200.0
2015-06-17,5072.31,5138.83,5158.37,4949.29,397124187.0,0.0172,589868366400.0
2015-06-18,5107.69,4930.55,5121.22,4926.43,364395814.0,0.0158,555646755700.0
2015-06-19,4847.06,4637.05,4910.45,4634.69,358104744.0,0.0155,519609575000.0
2015-06-23,4641.42,4786.09,4786.96,4455.33,365087944.0,0.0158,536984113000.0
2015-06-24,4811.6,4880.13,4883.73,4744.31,434638723.0,0.018799999999999997,615374085900.0
2015-06-25,4906.24,4706.52,4919.26,4667.22,446135982.0,0.019299999999999998,640246401400.0
2015-06-26,4573.87,4336.19,4650.19,4278.67,446639790.0,0.019299999999999998,612959478700.0
2015-06-29,4446.84,4191.55,4451.17,4000.93,525662482.0,0.0227,704014548800.0
2015-06-30,4161.07,4473.0,4475.77,4016.01,527045280.0,0.022799999999999997,716045824700.0
2015-07-01,4408.98,4253.02,4526.13,4235.7,431721411.0,0.018600000000000002,623330596900.0
2015-07-02,4287.73,4108.0,4312.19,4000.06,457062194.0,0.0197,593506685500.0
2015-07-03,4017.2,3885.92,4164.63,3785.9,429300850.0,0.018500000000000003,538216869700.0
2015-07-06,4218.27,3998.54,4218.27,3832.47,648094530.0,0.027999999999999997,779558044400.0
2015-07-07,3877.85,3928.0,3960.64,3743.62,679385007.0,0.029300000000000003,795962644500.0
2015-07-08,3651.06,3663.04,3762.62,3612.25,581467097.0,0.025,640122398900.0
2015-07-09,3621.68,3897.63,3930.26,3537.83,503870610.0,0.0217,564744043400.0
2015-07-10,3916.27,4106.56,4179.11,3887.55,500701802.0,0.0216,629079513000.0
2015-07-13,4132.23,4211.81,4278.16,4072.43,502092186.0,0.0216,659251724200.0
2015-07-14,4178.63,4112.15,4258.51,4062.5,454422009.0,0.0196,597521262500.0
2015-07-15,4068.88,3966.76,4114.24,3899.51,421956367.0,0.0181,514064532299.99994
2015-07-16,3949.64,3997.36,4067.02,3856.32,330531345.0,0.014199999999999999,410050894600.0
2015-07-17,4023.76,4151.5,4190.19,4000.23,331107131.0,0.014199999999999999,435597103700.0
2015-07-20,4157.06,4160.61,4221.69,4106.39,352673472.0,0.0151,483493894700.0
2015-07-21,4109.76,4166.01,4201.48,4081.7,318374945.0,0.0137,431695843800.0
2015-07-22,4148.56,4157.16,4187.43,4094.71,318945997.0,0.0137,441832505200.00006
2015-07-23,4158.93,4250.81,4262.06,4148.82,354471759.0,0.0152,483972220000.0
2015-07-24,4255.2,4176.28,4299.65,4154.62,392045373.0,0.0168,535901647200.0
2015-07-27,4097.8,3818.73,4156.31,3817.17,365054511.0,0.015600000000000001,477952010800.0
2015-07-28,3690.97,3811.09,3883.45,3627.42,383527216.0,0.016399999999999998,482654543300.0
2015-07-29,3839.96,3930.38,3934.0,3769.19,276972845.0,0.011899999999999999,372287868100.0
2015-07-30,3915.78,3815.41,3968.53,3802.88,271548665.0,0.0116,376351170600.0
2015-07-31,3777.16,3816.7,3863.62,3757.99,222376767.0,0.0095,299312543800.0
2015-08-03,3766.07,3829.24,3829.24,3742.58,245805030.0,0.0105,309631297700.0
2015-08-04,3827.37,3948.16,3948.45,3801.03,220236556.0,0.009399999999999999,288756503300.0
2015-08-05,3937.62,3866.9,3962.28,3858.66,200484269.0,0.0086,272693514000.0
2015-08-06,3802.93,3831.85,3888.69,3793.24,147278694.0,0.0063,195532363800.0
2015-08-07,3866.43,3906.95,3926.65,3857.91,183349153.0,0.0078000000000000005,246546119100.0
2015-08-10,3947.47,4084.36,4101.73,3932.84,306780540.0,0.0131,401702020600.0
2015-08-11,4083.59,4066.67,4110.13,4042.0,322034191.0,0.0138,416996541200.0
2015-08-12,4025.67,4016.13,4078.03,4015.35,255146196.0,0.0109,339799364900.0
2015-08-13,4010.01,4075.46,4075.7,3967.82,242836979.0,0.0104,319887603000.0
2015-08-14,4097.92,4073.54,4113.16,4056.73,253392996.0,0.0108,340076813300.0
2015-08-17,4058.11,4077.87,4081.77,4009.99,256939638.0,0.011000000000000001,336830563000.0
2015-08-18,4084.31,3825.41,4103.05,3816.55,319881070.0,0.0137,424924184400.0
2015-08-19,3748.27,3886.14,3898.74,3668.19,269049839.0,0.0115,340923470900.00006
2015-08-20,3848.4,3761.45,3880.82,3761.45,212167965.0,0.0091,270576698800.0
2015-08-21,3714.29,3589.54,3757.78,3578.17,217986403.0,0.009300000000000001,267498426400.0
2015-08-24,3454.6,3275.53,3468.15,3266.55,255436652.0,0.0109,273124228200.0
2015-08-25,3070.01,3042.93,3200.11,3019.56,276081306.0,0.0118,281160333700.0
2015-08-26,3062.57,3025.69,3192.93,2952.01,308270623.0,0.0131,312188248700.0
2015-08-27,3092.81,3205.64,3206.72,3028.4,267294930.0,0.011399999999999999,278769983400.0
2015-08-28,3246.24,3342.29,3353.24,3223.62,299498426.0,0.0128,318763482700.0
2015-08-31,3307.4,3366.54,3368.28,3205.54,280250403.0,0.011899999999999999,306610891100.0
2015-09-01,3296.53,3362.08,3370.5,3190.58,352458528.0,0.015,351387828300.0
2015-09-02,3220.85,3365.83,3387.02,3213.64,347789412.0,0.0148,348986389300.0
2015-09-07,3347.29,3250.49,3422.22,3240.24,204224431.0,0.0087,221756790300.0
2015-09-08,3221.79,3334.02,3340.22,3170.81,154599631.0,0.0066,168294750000.0
2015-09-09,3344.82,3399.31,3426.65,3330.29,220467421.0,0.009399999999999999,258815795000.0
2015-09-10,3349.28,3357.56,3398.32,3337.31,144882971.0,0.0062,168108269700.0
2015-09-11,3349.88,3347.19,3383.13,3315.48,108547508.0,0.0046,130262410900.0
2015-09-14,3367.64,3281.13,3373.92,3187.57,205457251.0,0.0087,226168550100.00003
2015-09-15,3208.74,3152.23,3240.08,3131.98,143555641.0,0.0060999999999999995,145989213800.0
2015-09-16,3149.16,3309.25,3345.92,3131.37,159709994.0,0.0068000000000000005,168269840300.0
2015-09-17,3287.66,3237.0,3354.91,3237.0,169401881.0,0.0072,190270181400.0
2015-09-18,3254.44,3251.27,3280.88,3227.83,106903481.0,0.0045000000000000005,121752531700.0
2015-09-21,3222.6,3308.25,3312.55,3211.93,122788668.0,0.0052,145323018200.0
2015-09-22,3312.37,3339.03,3371.41,3303.18,146221985.0,0.0062,172492862600.00003
2015-09-23,3290.07,3263.03,3315.94,3253.33,123171439.0,0.0052,136885975700.0
2015-09-24,3278.9,3285.0,3300.86,3255.9,102011238.0,0.0043,120820642500.0
2015-09-25,3272.67,3231.95,3290.86,3201.91,121419278.0,0.0051,137602168800.0
2015-09-28,3226.61,3242.75,3246.55,3186.51,74219468.0,0.0031,88007467000.0
2015-09-29,3197.22,3178.85,3208.42,3159.04,87150633.0,0.0037,96691510000.0
2015-09-30,3195.9,3202.95,3223.91,3186.77,78559349.0,0.0033,95881598699.99998
2015-10-08,3324.98,3296.48,3337.33,3294.61,132081768.0,0.005600000000000001,164120601400.0
2015-10-09,3302.36,3340.12,3352.38,3293.97,124352500.0,0.0053,144731343200.0
2015-10-12,3351.14,3447.69,3486.63,3347.25,221400468.0,0.009300000000000001,263706468500.0
2015-10-13,3422.48,3445.04,3452.05,3413.97,145433786.0,0.0060999999999999995,174978938000.0
2015-10-14,3431.14,3406.11,3458.7,3403.23,152173938.0,0.0064,174599255700.0
2015-10-15,3403.39,3486.81,3486.81,3402.32,171158299.0,0.0072,201881880400.0
2015-10-16,3508.52,3534.07,3537.54,3487.1,208964709.0,0.0088,252211491400.0
2015-10-19,3548.95,3534.18,3572.99,3502.5,207606744.0,0.0087,254890985100.00003
2015-10-20,3527.88,3577.7,3577.8,3510.44,179025108.0,0.0075,226525577200.0
2015-10-21,3580.84,3473.25,3601.24,3417.41,282076050.0,0.0118,326886985800.0
2015-10-22,3453.2,3524.53,3530.77,3442.31,184305580.0,0.0077,223583606500.0
2015-10-23,3536.84,3571.24,3581.84,3515.82,198294478.0,0.0083,247059685200.0
2015-10-26,3614.7,3589.26,3620.76,3561.19,204248863.0,0.0086,270489759100.0
2015-10-27,3569.45,3592.88,3601.05,3486.1,192056140.0,0.008100000000000001,239042538500.0
2015-10-28,3575.8,3524.92,3598.17,3517.21,170977098.0,0.0072,213303023800.0
2015-10-29,3539.98,3533.31,3561.81,3507.97,127010446.0,0.0053,161051885800.0
2015-10-30,3530.22,3534.08,3574.47,3497.57,139141914.0,0.0058,183317149500.0
2015-11-02,3489.23,3475.96,3543.45,3474.71,130002568.0,0.0055000000000000005,167455101900.0
2015-11-03,3484.72,3465.49,3501.7,3452.62,101401876.0,0.0043,132231502600.0
2015-11-04,3477.16,3628.54,3628.54,3477.16,205423865.0,0.0086,266955890000.0
2015-11-05,3630.78,3705.97,3781.41,3627.3,398046568.0,0.0167,495138171500.0
2015-11-06,3698.34,3793.37,3801.71,3694.66,298753076.0,0.0125,389779446700.0
2015-11-09,3796.38,3840.35,3891.77,3796.38,356804823.0,0.015,463161707600.0
2015-11-10,3806.67,3833.24,3876.49,3798.82,286519603.0,0.012,380910629400.0
2015-11-11,3828.45,3833.65,3843.11,3781.41,232234296.0,0.0097,307008336100.0
2015-11-12,3841.74,3795.32,3843.9,3771.27,217537647.0,0.0091,302446791900.0
2015-11-13,3756.2,3746.24,3793.71,3727.58,203489891.0,0.0085,281961129500.0
2015-11-16,3682.73,3764.13,3764.41,3680.07,161690901.0,0.0068000000000000005,227483711600.0
2015-11-17,3790.43,3758.39,3852.77,3750.16,248533071.0,0.0104,365138598400.00006
2015-11-18,3760.46,3715.58,3771.85,3706.31,185689495.0,0.0078000000000000005,254137953299.99997
2015-11-19,3725.62,3774.97,3775.23,3714.67,154631989.0,0.006500000000000001,204557607000.0
2015-11-20,3778.88,3774.38,3793.54,3757.03,186951689.0,0.0078000000000000005,242295089800.0
2015-11-23,3774.44,3753.34,3802.85,3743.41,175626812.0,0.0073,234640979600.0
2015-11-24,3745.76,3753.89,3754.17,3702.74,143383283.0,0.006,192495095100.00003
2015-11-25,3747.76,3781.61,3781.86,3735.72,151944941.0,0.0063,215125048000.0
2015-11-26,3795.25,3759.43,3805.84,3756.82,173525468.0,0.0072,239797205600.0
2015-11-27,3739.1,3556.99,3742.74,3534.39,208939358.0,0.0087,269758168500.0
2015-11-30,3554.89,3566.41,3587.97,3455.07,173201163.0,0.0072,220098287800.0
2015-12-01,3562.32,3591.7,3617.31,3536.12,136536554.0,0.005699999999999999,176598805600.0
2015-12-02,3587.76,3721.95,3725.85,3573.4,213538865.0,0.0089,260938692600.00003
2015-12-03,3709.55,3749.3,3758.45,3693.14,197762126.0,0.0083,236698987399.99997
2015-12-04,3719.73,3677.59,3726.12,3667.29,151199522.0,0.0063,196455597800.0
2015-12-07,3681.58,3687.61,3699.34,3658.58,113883150.0,0.0048,161220059800.0
2015-12-08,3668.84,3623.02,3668.84,3619.44,125781083.0,0.0053,163317229200.0
2015-12-09,3613.42,3635.94,3655.16,3611.49,113325422.0,0.004699999999999999,154319992100.0
2015-12-10,3634.37,3623.08,3678.32,3615.99,120215625.0,0.005,168622188299.99997
2015-12-11,3605.37,3608.06,3630.74,3578.15,110322481.0,0.0046,145248640200.0
2015-12-14,3573.88,3711.32,3712.5,3571.0,151769119.0,0.0063,203291513299.99997
2015-12-15,3707.73,3694.39,3717.36,3679.23,126481710.0,0.0052,186795461700.00003
2015-12-16,3703.95,3685.44,3713.09,3677.45,111342723.0,0.0046,160118243200.0
2015-12-17,3712.78,3755.89,3768.84,3709.85,177924075.0,0.0074,242543823400.0
2015-12-18,3754.96,3767.91,3810.22,3750.93,173465980.0,0.0072,232281458200.0
2015-12-21,3762.1,3865.96,3877.82,3759.99,217435275.0,0.009000000000000001,289905289200.0
2015-12-22,3872.1,3876.73,3880.47,3841.59,180303661.0,0.0075,243797366700.00003
2015-12-23,3877.87,3866.38,3926.69,3862.96,207017147.0,0.0086,294710770200.0
2015-12-24,3858.13,3829.4,3867.68,3787.08,147181397.0,0.0060999999999999995,203683543600.0
2015-12-25,3832.09,3838.2,3848.02,3813.2,119624013.0,0.005,163314511400.0
2015-12-28,3847.53,3727.63,3853.39,3727.63,153988440.0,0.0064,210026020500.0
2015-12-29,3723.05,3761.87,3762.05,3710.48,101885555.0,0.0042,140405054700.0
2015-12-30,3762.91,3765.18,3765.66,3726.28,105629955.0,0.0044,155744099300.0
2015-12-31,3760.9,3731.0,3772.62,3727.32,101873556.0,0.0042,145043696200.0
2016-01-04,3725.86,3469.07,3726.24,3468.95,115370674.0,0.0048,145968206100.0
2016-01-05,3382.18,3478.78,3518.22,3377.28,162116984.0,0.0067,196017085900.0
2016-01-06,3482.41,3539.81,3543.74,3468.47,145966144.0,0.006,160947198400.0
2016-01-07,3481.15,3294.38,3481.15,3284.74,44102641.0,0.0018,47130795599.99999
2016-01-08,3371.87,3361.56,3418.85,3237.93,185959451.0,0.0077,203498868299.99997
2016-01-11,3303.12,3192.45,3342.48,3192.45,174638387.0,0.0072,184464050200.0
2016-01-12,3214.82,3215.71,3242.25,3174.55,128225796.0,0.0053,142048909700.0
2016-01-13,3240.48,3155.88,3257.3,3155.88,120666494.0,0.005,130886082400.0
2016-01-14,3076.64,3221.57,3226.66,3072.04,134537671.0,0.0055000000000000005,144771580600.0
2016-01-15,3200.89,3118.73,3216.8,3101.05,124601779.0,0.0051,131882737300.0
2016-01-18,3068.23,3130.73,3165.62,3066.73,101128386.0,0.0042,109458287800.0
2016-01-19,3132.7,3223.13,3227.91,3119.22,127653893.0,0.0053,142907686300.0
2016-01-20,3204.22,3174.38,3225.95,3154.43,130650504.0,0.0054,143313337200.0
2016-01-21,3136.38,3081.35,3202.54,3081.35,111189733.0,0.0046,121856195399.99998
2016-01-22,3114.9,3113.46,3132.17,3053.96,89951087.0,0.0037,96885673800.00002
2016-01-25,3129.03,3128.89,3149.33,3105.1,81540061.0,0.0034000000000000002,85777891400.0
2016-01-26,3099.6,2940.51,3106.53,2934.65,126933921.0,0.0052,127250652500.0
2016-01-27,2953.18,2930.35,2963.54,2839.29,132229366.0,0.0054,126997670800.0
2016-01-28,2909.33,2853.76,2941.89,2841.84,99222756.0,0.0040999999999999995,95663874900.0
2016-01-29,2855.6,2946.09,2965.31,2854.37,113304259.0,0.004699999999999999,109462356700.0
2016-02-01,2939.04,2901.05,2944.52,2869.56,86795342.0,0.0036,82931453500.0
2016-02-02,2901.53,2961.33,2972.43,2901.51,88601963.0,0.0036,88740230399.99998
2016-02-03,2931.29,2948.64,2954.71,2909.9,77389000.0,0.0032,74817092300.0
2016-02-04,2960.33,2984.76,2999.21,2960.21,91779724.0,0.0038,91550346900.0
2016-02-05,2982.06,2963.79,2988.36,2962.85,76850808.0,0.0032,77443222300.0
2016-02-15,2888.43,2946.71,2961.49,2886.02,72919434.0,0.003,71285049100.0
2016-02-16,2962.19,3037.04,3042.09,2962.19,112579643.0,0.0046,112300492300.0
2016-02-17,3034.09,3063.32,3065.78,3027.05,128291607.0,0.0053,122279340200.0
2016-02-18,3079.53,3053.7,3093.51,3049.84,124401464.0,0.0051,122618612200.0
2016-02-19,3047.94,3051.59,3065.97,3032.63,87338012.0,0.0036,90849341800.0
2016-02-22,3083.93,3118.87,3128.21,3071.33,140946968.0,0.0058,141684080600.0
2016-02-23,3117.2,3089.36,3119.22,3061.43,112567391.0,0.0046,117476469100.0
2016-02-24,3077.61,3109.55,3109.55,3055.25,111782650.0,0.0046,112918607500.0
2016-02-25,3104.41,2918.75,3104.44,2905.46,157829752.0,0.006500000000000001,153493008200.0
2016-02-26,2942.1,2948.03,2964.39,2902.95,106949729.0,0.0044,102531571900.0
2016-02-29,2939.58,2877.47,2939.87,2821.21,129341020.0,0.0053,118440829600.00002
2016-03-01,2881.34,2930.69,2950.44,2863.32,116045918.0,0.0048,110491037800.0
2016-03-02,2933.92,3051.33,3054.72,2933.12,175972347.0,0.0072,164025161500.0
2016-03-03,3050.39,3058.42,3078.44,3040.25,173105744.0,0.0070999999999999995,165509087700.0
2016-03-04,3047.54,3093.89,3101.66,3032.42,219172534.0,0.009000000000000001,205520475500.0
2016-03-07,3109.0,3104.84,3130.9,3083.58,132462037.0,0.0054,127790344500.0
2016-03-08,3100.15,3107.67,3109.25,3001.83,136235742.0,0.005600000000000001,128758488100.0
2016-03-09,3045.92,3071.91,3072.92,3020.13,111466245.0,0.0046,106298652800.0
2016-03-10,3056.21,3013.15,3074.16,3012.69,76072197.0,0.0031,78180468600.0
2016-03-11,2990.21,3018.28,3026.44,2982.17,73333564.0,0.003,74367296500.0
2016-03-14,3039.57,3065.69,3106.8,3034.0,117108655.0,0.0048,123539094700.0
2016-03-15,3061.34,3074.78,3077.08,3028.58,98311941.0,0.004,101302845700.0
2016-03-16,3068.87,3090.03,3100.35,3064.52,124736448.0,0.0051,126128854000.0
2016-03-17,3096.81,3124.2,3147.84,3077.57,121661777.0,0.005,136603715800.0
2016-03-18,3136.22,3171.96,3197.67,3130.1,197302564.0,0.008100000000000001,210017810300.0
2016-03-21,3203.29,3249.44,3267.78,3198.36,233269464.0,0.0096,256836636300.0
2016-03-22,3231.61,3225.79,3249.68,3218.73,161020897.0,0.0066,194211983000.0
2016-03-23,3217.73,3236.09,3242.25,3202.98,125679286.0,0.0052,155567074600.0
2016-03-24,3211.5,3181.85,3221.91,3181.81,133131122.0,0.0055000000000000005,162436036400.0
2016-03-25,3176.81,3197.82,3204.44,3174.32,97395330.0,0.004,115195604400.0
2016-03-28,3206.95,3169.73,3229.62,3161.88,103441933.0,0.0042,123844044100.0
2016-03-29,3171.31,3135.41,3178.07,3122.76,97294747.0,0.004,113844280600.0
2016-03-30,3161.29,3216.28,3216.68,3161.29,117802512.0,0.0048,140721774500.0
2016-03-31,3229.2,3218.09,3241.93,3208.66,121552074.0,0.005,147267617400.0
2016-04-01,3213.67,3221.89,3222.61,3165.86,118122139.0,0.0048,127050098500.0
2016-04-05,3211.3,3264.49,3271.93,3205.21,146047772.0,0.006,159296543700.0
2016-04-06,3250.52,3257.53,3267.64,3236.2,120196305.0,0.0049,137206268600.0
2016-04-07,3266.29,3209.29,3270.82,3208.64,112409467.0,0.0046,128273067700.0
2016-04-08,3189.85,3185.73,3197.77,3163.3,101005625.0,0.0040999999999999995,113920716500.0
2016-04-11,3213.51,3230.1,3251.57,3213.51,125212709.0,0.0051,142759491300.0
2016-04-12,3227.37,3218.45,3232.26,3198.9,92869437.0,0.0038,99086558000.0
2016-04-13,3237.86,3261.38,3296.52,3237.86,195613866.0,0.008,200159601300.0
2016-04-14,3277.1,3275.83,3286.07,3252.05,113157327.0,0.0046,117989443500.0
2016-04-15,3279.86,3272.21,3282.98,3261.73,99807529.0,0.0040999999999999995,107963982300.0
2016-04-18,3252.67,3228.45,3252.67,3221.66,97090069.0,0.004,103956150100.0
2016-04-19,3243.97,3238.3,3250.73,3221.58,80871440.0,0.0033,90976236300.00002
2016-04-20,3244.14,3181.03,3248.42,3107.37,162207858.0,0.0066,172324694500.0
2016-04-21,3160.8,3160.6,3198.56,3150.94,104752651.0,0.0043,110324379000.0
2016-04-22,3142.56,3174.9,3175.38,3137.99,77078492.0,0.0032,82442921900.0
2016-04-25,3164.74,3162.03,3172.27,3137.11,67519351.0,0.0028000000000000004,74734848000.0
2016-04-26,3159.77,3179.16,3181.1,3150.4,59020734.0,0.0024,68871554200.0
2016-04-27,3181.93,3165.92,3188.83,3162.69,60004147.0,0.0025,70620406000.0
2016-04-28,3169.33,3160.58,3174.77,3135.64,69870660.0,0.0029,78876767200.0
2016-04-29,3153.54,3156.75,3171.29,3149.4,58029776.0,0.0024,70807704200.0
2016-05-03,3159.82,3213.54,3218.49,3151.4,98164835.0,0.004,115733867600.0
2016-05-04,3203.47,3209.46,3222.88,3198.29,90862408.0,0.0037,97797134800.0
2016-05-05,3204.17,3213.92,3217.28,3196.57,74733681.0,0.0031,83946496900.0
2016-05-06,3213.14,3130.35,3216.89,3130.15,108680240.0,0.0044,119265216100.0
2016-05-09,3115.43,3065.62,3115.43,3055.01,99230477.0,0.004,100409213500.0
2016-05-10,3055.21,3069.11,3084.72,3055.18,68849935.0,0.0028000000000000004,70650764100.0
2016-05-11,3080.64,3082.81,3102.88,3063.09,81794258.0,0.0033,87323408300.0
2016-05-12,3059.38,3090.14,3095.35,3035.02,78765726.0,0.0032,81418792600.0
2016-05-13,3081.68,3074.94,3103.1,3064.69,62629755.0,0.0026,65850995599.99999
2016-05-16,3064.53,3095.31,3095.56,3053.66,59461856.0,0.0024,64405200000.0
2016-05-17,3095.52,3086.02,3105.2,3073.46,65278125.0,0.0027,75389385500.0
2016-05-18,3071.53,3068.04,3072.61,3039.46,82715369.0,0.0034000000000000002,88458847100.00002
2016-05-19,3060.34,3062.5,3086.98,3058.15,60444166.0,0.0025,68679060400.0
2016-05-20,3047.78,3078.22,3078.53,3041.52,56080842.0,0.0023,65124251100.0
2016-05-23,3078.51,3087.22,3098.48,3076.5,59697216.0,0.0024,70337514500.0
2016-05-24,3083.24,3063.56,3083.26,3052.59,58734385.0,0.0024,61106015400.0
2016-05-25,3079.75,3059.23,3089.1,3054.87,56652803.0,0.0023,63316562500.0
2016-05-26,3056.6,3064.21,3072.52,3027.44,60392981.0,0.0024,65985183900.0
2016-05-27,3059.73,3062.5,3073.76,3052.18,60468750.0,0.0024,59371777100.0
2016-05-30,3056.31,3066.71,3075.26,3037.66,63098579.0,0.0026,63496565000.0
2016-05-31,3068.6,3169.56,3170.93,3068.6,138863111.0,0.005600000000000001,151398176000.0
2016-06-01,3172.96,3160.55,3181.79,3159.82,113148482.0,0.0046,131700821199.99998
2016-06-02,3158.03,3167.1,3168.82,3151.07,86003427.0,0.0034999999999999996,97093625300.0
2016-06-03,3172.95,3189.33,3201.75,3162.09,101491783.0,0.0040999999999999995,136332027100.00002
2016-06-06,3192.78,3178.79,3197.22,3168.55,76693751.0,0.0031,101176231400.0
2016-06-07,3182.44,3177.05,3186.62,3168.18,68928314.0,0.0028000000000000004,88711618400.0
2016-06-08,3171.81,3163.99,3174.97,3148.35,76291775.0,0.0031,97682790900.0
2016-06-13,3134.05,3066.34,3145.61,3065.77,92975947.0,0.0038,114091320000.0
2016-06-14,3058.44,3075.98,3078.75,3055.66,66279457.0,0.0027,78622305400.0
2016-06-15,3043.96,3116.37,3128.67,3042.23,87393257.0,0.0034999999999999996,106170177899.99998
2016-06-16,3104.36,3094.67,3112.48,3089.48,82974703.0,0.0034000000000000002,93496238900.0
2016-06-17,3096.09,3110.36,3131.05,3096.09,85402985.0,0.0034999999999999996,97953389300.0
2016-06-20,3114.91,3112.67,3118.73,3089.71,63587141.0,0.0026,74647802500.0
2016-06-21,3124.9,3106.32,3155.49,3097.94,87965345.0,0.0036,107233643600.0
2016-06-22,3100.45,3133.96,3134.06,3096.99,66487113.0,0.0027,81348715800.0
2016-06-23,3129.72,3117.32,3129.72,3102.48,67751738.0,0.0027,81732552200.0
2016-06-24,3110.65,3077.16,3130.54,3033.97,104792208.0,0.0042,118967441700.0
2016-06-27,3065.13,3120.54,3120.64,3064.97,83267259.0,0.0034000000000000002,104066083800.00002
2016-06-28,3107.4,3136.4,3139.43,3099.7,92024637.0,0.0037,117197791500.0
2016-06-29,3142.48,3151.39,3158.08,3139.13,103723668.0,0.0042,117958861199.99998
2016-06-30,3152.83,3153.92,3163.72,3148.2,79692617.0,0.0032,100627912899.99998
2016-07-01,3156.93,3154.2,3170.26,3148.29,71746283.0,0.0029,91215027700.0
2016-07-04,3136.39,3204.7,3210.6,3134.02,133310529.0,0.0054,149894780000.0
2016-07-05,3199.16,3207.38,3216.7,3198.0,130226895.0,0.0052,143899100400.0
2016-07-06,3197.63,3216.8,3217.52,3183.45,124897458.0,0.005,147232471500.0
2016-07-07,3206.55,3209.95,3220.54,3190.12,118595202.0,0.0048,140488833700.0
2016-07-08,3199.75,3192.28,3204.93,3183.96,89734855.0,0.0036,111063465399.99998
2016-07-11,3199.04,3203.33,3235.96,3197.63,138529511.0,0.0055000000000000005,155288151700.0
2016-07-12,3201.91,3273.18,3273.47,3200.3,172534217.0,0.0069,190853738900.0
2016-07-13,3274.02,3282.87,3300.99,3271.78,175196090.0,0.006999999999999999,196592300300.0
2016-07-14,3277.48,3276.76,3281.95,3259.07,107525798.0,0.0043,128090420900.0
2016-07-15,3278.84,3276.28,3285.03,3265.29,102665026.0,0.0040999999999999995,125179812899.99998
2016-07-18,3269.71,3262.02,3281.64,3251.77,110312518.0,0.0044,129785706199.99998
2016-07-19,3260.43,3248.23,3264.73,3226.2,88886861.0,0.0036,107108911199.99998
2016-07-20,3246.86,3237.61,3254.51,3232.26,72701255.0,0.0029,91367449000.0
2016-07-21,3238.34,3252.52,3271.37,3238.3,86004825.0,0.0034000000000000002,107464072500.0
2016-07-22,3251.24,3225.16,3253.77,3220.89,86029128.0,0.0034000000000000002,107416887300.0
2016-07-25,3220.17,3230.89,3243.79,3218.14,70203185.0,0.0028000000000000004,92015844000.0
2016-07-26,3228.23,3269.59,3269.75,3228.01,81051089.0,0.0032,103745762800.0
2016-07-27,3270.08,3218.24,3276.51,3157.41,160188665.0,0.0064,186928366500.0
2016-07-28,3204.46,3221.14,3235.78,3195.27,112779964.0,0.0045000000000000005,137295892800.0
2016-07-29,3217.19,3203.93,3225.42,3198.68,88044837.0,0.0034999999999999996,103787029700.0
2016-08-01,3196.43,3176.81,3199.98,3156.75,87003497.0,0.0034999999999999996,98818634400.0
2016-08-02,3173.76,3189.05,3189.05,3165.54,62167639.0,0.0025,70640763800.0
2016-08-03,3179.68,3193.51,3197.16,3173.54,72864102.0,0.0029,79754323300.0
2016-08-04,3190.55,3201.29,3201.55,3170.42,73504373.0,0.0029,86919591100.0
2016-08-05,3201.35,3205.11,3224.87,3192.86,77196366.0,0.0031,94429542400.0
2016-08-08,3199.57,3234.18,3234.48,3187.25,86676051.0,0.0034999999999999996,102638114600.00002
2016-08-09,3232.6,3256.98,3257.33,3229.17,91065259.0,0.0036,105924052400.0
2016-08-10,3255.18,3243.34,3261.86,3242.75,90430372.0,0.0036,106157448000.0
2016-08-11,3239.56,3233.36,3274.03,3232.61,101041213.0,0.004,116996159000.0
2016-08-12,3231.81,3294.23,3294.23,3231.14,116254044.0,0.0046,129354686400.0
2016-08-15,3303.47,3393.42,3417.91,3302.38,220543421.0,0.0088,258897463900.0
2016-08-16,3403.38,3378.25,3418.69,3372.02,196389740.0,0.0078000000000000005,226785231100.0
2016-08-17,3377.77,3373.05,3394.39,3356.92,138847688.0,0.0055000000000000005,167917530900.0
2016-08-18,3369.95,3364.49,3394.79,3349.69,142380169.0,0.005699999999999999,172256533000.0
2016-08-19,3358.55,3365.02,3374.04,3341.19,119961508.0,0.0048,135382706300.00002
2016-08-22,3364.68,3336.79,3372.83,3335.47,107951008.0,0.0043,128201783800.00002
2016-08-23,3332.62,3341.83,3359.65,3324.96,92924516.0,0.0037,108503692400.0
2016-08-24,3341.93,3329.86,3348.13,3323.73,81191429.0,0.0032,94012832200.0
2016-08-25,3314.08,3308.97,3315.08,3279.81,100589153.0,0.004,112578140000.0
2016-08-26,3312.5,3307.09,3328.95,3301.74,81530691.0,0.0032,93213205600.0
2016-08-29,3306.58,3307.78,3315.08,3297.07,77036333.0,0.0031,88011642000.0
2016-08-30,3310.32,3311.99,3325.12,3304.6,75725987.0,0.003,89513016700.0
2016-08-31,3310.57,3327.79,3333.97,3304.66,79570805.0,0.0032,99215044400.0
2016-09-01,3326.74,3301.58,3329.35,3301.21,84947219.0,0.0034000000000000002,100911462800.0
2016-09-02,3298.72,3314.11,3320.43,3295.76,82791803.0,0.0033,99396378600.0
2016-09-05,3321.01,3319.68,3338.42,3314.63,78292477.0,0.0031,87531089600.00002
2016-09-06,3322.02,3342.63,3347.95,3300.13,98283998.0,0.0039000000000000003,118366533400.0
2016-09-07,3344.07,3340.82,3357.36,3337.75,102940106.0,0.0040999999999999995,115119908600.0
2016-09-08,3338.01,3339.56,3343.4,3328.23,71916158.0,0.0029,83742346900.0
2016-09-09,3339.37,3318.04,3344.95,3318.04,82657036.0,0.0033,95471188699.99998
2016-09-12,3271.87,3262.6,3276.72,3234.57,122917682.0,0.0049,134456630900.0
2016-09-13,3265.34,3260.33,3269.22,3246.39,67180288.0,0.0027,76862644200.0
2016-09-14,3245.74,3238.73,3255.0,3231.34,70432697.0,0.0028000000000000004,79780746400.0
2016-09-19,3242.74,3263.12,3264.9,3242.74,58831082.0,0.0023,67678031600.0
2016-09-20,3264.66,3257.4,3265.04,3252.39,52784206.0,0.0021,61626150800.0
2016-09-21,3257.71,3266.64,3270.9,3254.32,59142979.0,0.0023,68957744000.0
2016-09-22,3281.47,3291.12,3303.2,3277.98,75753542.0,0.003,89991761700.0
2016-09-23,3292.28,3275.67,3293.92,3275.02,57993986.0,0.0023,68046257300.00001
2016-09-26,3267.69,3220.28,3267.69,3220.28,70452186.0,0.0028000000000000004,78700835100.0
2016-09-27,3214.87,3240.75,3240.78,3214.44,58460550.0,0.0023,66651130400.0
2016-09-28,3243.65,3230.89,3243.65,3228.0,44727498.0,0.0018,51996404800.00001
2016-09-29,3234.86,3244.39,3257.77,3234.8,55452556.0,0.0022,62220302300.00001
2016-09-30,3240.18,3253.28,3260.94,3239.04,44978022.0,0.0018,52655734600.0
2016-10-10,3265.36,3293.87,3294.64,3258.96,80519260.0,0.0032,89607989900.0
2016-10-11,3296.87,3306.56,3308.0,3292.88,87713163.0,0.0034999999999999996,88213421199.99998
2016-10-12,3299.14,3300.01,3302.56,3289.75,68669781.0,0.0027,72386912600.0
2016-10-13,3299.16,3302.65,3307.41,3292.4,81224198.0,0.0032,79923748600.0
2016-10-14,3298.73,3305.85,3306.69,3285.73,82316271.0,0.0033,81485597800.0
2016-10-17,3305.96,3277.88,3309.01,3271.54,86113509.0,0.0034000000000000002,88199418900.0
2016-10-18,3272.68,3321.33,3321.33,3272.68,102860714.0,0.0040999999999999995,104625044100.0
2016-10-19,3323.3,3316.24,3332.52,3309.83,101167725.0,0.004,96354442200.0
2016-10-20,3317.18,3318.6,3324.9,3312.17,79238871.0,0.0031,82481095300.0
2016-10-21,3315.72,3327.74,3341.56,3309.18,109785176.0,0.0043,107114926100.0
2016-10-24,3332.51,3367.58,3382.83,3330.97,153014345.0,0.0060999999999999995,150063007900.0
2016-10-25,3367.48,3367.45,3373.91,3356.59,111191693.0,0.0044,110576512899.99998
2016-10-26,3365.2,3354.8,3367.83,3349.57,98024786.0,0.0039000000000000003,104719318200.0
2016-10-27,3351.46,3345.7,3352.35,3335.13,77629851.0,0.0031,85241012400.0
2016-10-28,3347.14,3340.13,3370.75,3337.29,93133309.0,0.0037,104797971400.0
2016-10-31,3332.41,3336.28,3340.47,3317.33,71352863.0,0.0028000000000000004,80701821000.0
2016-11-01,3338.71,3359.05,3359.39,3334.46,74938199.0,0.003,84717683800.00002
2016-11-02,3350.71,3333.35,3356.4,3331.38,91197104.0,0.0036,100348995700.0
2016-11-03,3326.9,3365.09,3379.99,3324.84,126223504.0,0.005,137386468400.0
2016-11-04,3362.21,3354.17,3377.64,3348.43,104069655.0,0.0040999999999999995,110813764600.00002
2016-11-07,3353.44,3356.59,3362.74,3342.31,99877988.0,0.004,94370876800.0
2016-11-08,3367.7,3371.12,3383.92,3361.13,103148282.0,0.0040999999999999995,105138256100.0
2016-11-09,3370.6,3353.05,3373.1,3322.08,139110059.0,0.0055000000000000005,145186921700.0
2016-11-10,3374.91,3390.61,3403.02,3374.91,134705535.0,0.0053,133277399600.00002
2016-11-11,3387.95,3417.22,3422.67,3382.89,198781496.0,0.0079,190647270000.0
2016-11-14,3409.22,3430.25,3452.62,3408.14,213247105.0,0.0084,208353308600.0
2016-11-15,3428.87,3429.87,3434.92,3415.99,134566320.0,0.0053,135206770500.0
2016-11-16,3432.43,3429.59,3435.64,3419.24,129808511.0,0.0051,128944599200.0
2016-11-17,3423.47,3436.53,3437.67,3412.88,121561731.0,0.0048,121576882899.99998
2016-11-18,3437.49,3417.46,3443.12,3413.27,115951205.0,0.0046,117345607600.0
2016-11-21,3412.65,3441.11,3463.14,3412.08,146434529.0,0.0058,147542589300.0
2016-11-22,3443.22,3468.36,3469.22,3443.22,168523446.0,0.0067,167250665800.0
2016-11-23,3473.9,3474.73,3492.96,3465.76,162388504.0,0.0064,171247116200.0
2016-11-24,3468.81,3488.74,3508.16,3467.01,145746301.0,0.0058,165071453500.0
2016-11-25,3490.04,3521.3,3521.3,3463.95,153621506.0,0.0060999999999999995,166832181100.0
2016-11-28,3538.68,3535.08,3553.36,3528.32,207375483.0,0.008199999999999999,219859766800.0
2016-11-29,3525.9,3564.04,3583.72,3521.38,236918356.0,0.009399999999999999,248322816300.0
2016-11-30,3557.64,3538.0,3567.07,3527.02,178560178.0,0.0070999999999999995,190681227600.00003
2016-12-01,3543.96,3565.04,3575.97,3543.25,180170761.0,0.0070999999999999995,199637743000.0
2016-12-02,3559.77,3528.95,3562.55,3516.79,196355480.0,0.0078000000000000005,203742147500.0
2016-12-05,3473.69,3469.41,3496.88,3457.34,180852355.0,0.0070999999999999995,190175061700.00003
2016-12-06,3466.24,3459.15,3477.59,3456.81,115529090.0,0.0046,125727753200.0
2016-12-07,3458.37,3475.75,3475.75,3445.76,114345103.0,0.0045000000000000005,115282194200.0
2016-12-08,3481.81,3470.14,3484.34,3466.51,117383922.0,0.0046,119188508699.99998
2016-12-09,3464.87,3493.7,3507.93,3461.76,150303308.0,0.0059,152674867700.0
2016-12-12,3489.27,3409.18,3495.8,3400.79,187467751.0,0.0077,199163540799.99997
2016-12-13,3394.21,3405.04,3416.21,3370.6,121105097.0,0.005,124454188699.99998
2016-12-14,3399.41,3378.95,3412.28,3378.27,124007744.0,0.0051,126182669400.0
2016-12-15,3363.86,3340.43,3378.04,3327.14,114960660.0,0.004699999999999999,121507811500.0
2016-12-16,3335.36,3346.03,3356.29,3330.49,90775422.0,0.0037,98112206800.0
2016-12-19,3342.35,3328.98,3344.86,3325.0,81640678.0,0.0033,86095693800.00002
2016-12-20,3328.3,3309.06,3329.1,3289.27,87569592.0,0.0036,88527345900.0
2016-12-21,3313.75,3338.54,3342.48,3313.75,108254995.0,0.0044,106205485200.0
2016-12-22,3335.12,3335.67,3340.36,3322.72,92277249.0,0.0038,92564877600.0
2016-12-23,3333.4,3307.6,3334.89,3300.88,97444713.0,0.004,99575473200.0
2016-12-26,3293.22,3322.4,3322.42,3267.05,89793982.0,0.0037,95493219900.0
2016-12-27,3319.21,3316.39,3330.23,3315.83,75486359.0,0.0031,79617133000.0
2016-12-28,3315.75,3301.89,3320.55,3293.17,69000437.0,0.0028000000000000004,71759839600.0
2016-12-29,3297.04,3297.76,3312.11,3288.1,70087923.0,0.0029,75972960400.0
2016-12-30,3302.6,3310.08,3313.55,3295.75,71744116.0,0.0029,76921368800.0
2017-01-03,3313.95,3342.23,3345.26,3313.95,86567896.0,0.0034999999999999996,87612765800.0
2017-01-04,3340.56,3368.31,3369.57,3338.15,90050827.0,0.0037,98014355500.0
2017-01-05,3368.34,3367.79,3373.41,3361.46,88336357.0,0.0036,91189339600.00002
2017-01-06,3366.85,3347.67,3368.87,3346.89,87459114.0,0.0036,91072256700.0
2017-01-09,3345.75,3363.9,3366.22,3344.35,83707942.0,0.0034000000000000002,87916115200.0
2017-01-10,3361.64,3358.27,3370.51,3354.09,83819160.0,0.0034000000000000002,82533965100.0
2017-01-11,3355.8,3334.5,3366.63,3334.3,91071438.0,0.0037,86750457100.00002
2017-01-12,3332.69,3317.62,3343.13,3315.96,81239135.0,0.0033,75031886900.0
2017-01-13,3317.96,3319.91,3338.17,3309.37,84180589.0,0.0034000000000000002,84556101400.0
2017-01-16,3314.15,3319.45,3322.78,3264.21,157779135.0,0.0064,153262520100.0
2017-01-17,3305.6,3326.36,3327.38,3292.2,69453328.0,0.0028000000000000004,74754505700.0
2017-01-18,3323.34,3339.37,3350.96,3320.41,70623227.0,0.0029,75680677300.0
2017-01-19,3330.95,3329.29,3346.5,3324.68,66159808.0,0.0027,63869709200.0
2017-01-20,3326.98,3354.89,3358.41,3326.37,65300462.0,0.0027,70831324300.0
2017-01-23,3359.05,3364.08,3378.74,3355.85,75557498.0,0.0031,76492660200.0
2017-01-24,3363.14,3364.45,3371.32,3355.9,66194226.0,0.0027,66049651300.0
2017-01-25,3361.66,3375.9,3376.44,3357.22,58376931.0,0.0024,62483395800.0
2017-01-26,3378.26,3387.96,3395.88,3378.26,65316647.0,0.0027,66488818300.0
2017-02-03,3390.93,3364.49,3392.48,3362.57,55188861.0,0.0022,57113853300.0
2017-02-06,3368.11,3373.21,3381.33,3358.75,68521360.0,0.0028000000000000004,73408134800.0
2017-02-07,3371.77,3365.68,3376.71,3354.63,63754462.0,0.0026,69758179000.0
2017-02-08,3361.78,3383.29,3383.69,3347.43,75402879.0,0.0031,82869735800.0
2017-02-09,3381.9,3396.29,3406.59,3379.79,97558515.0,0.004,102134228699.99998
2017-02-10,3398.32,3413.49,3422.33,3398.03,123768720.0,0.005,121908580300.0
2017-02-13,3416.92,3436.27,3439.54,3416.87,120144538.0,0.0049,125332998800.00002
2017-02-14,3438.51,3435.8,3440.67,3424.4,94809465.0,0.0039000000000000003,98537165399.99998
2017-02-15,3435.39,3421.71,3448.03,3417.08,127643338.0,0.0052,124653179500.0
2017-02-16,3421.83,3440.93,3440.93,3418.35,108276962.0,0.0044,101809767500.0
2017-02-17,3443.62,3421.44,3457.56,3419.61,114600036.0,0.004699999999999999,118033129700.0
2017-02-20,3421.64,3471.39,3472.6,3421.64,132628862.0,0.0054,134681505200.0
2017-02-21,3475.06,3482.82,3490.09,3472.02,114842009.0,0.004699999999999999,120675429500.0
2017-02-22,3483.2,3489.76,3489.95,3473.52,102815994.0,0.0042,109232425800.0
2017-02-23,3487.57,3473.32,3492.96,3460.12,99536330.0,0.0040999999999999995,106555922500.0
2017-02-24,3468.96,3473.85,3473.85,3455.25,95535133.0,0.0039000000000000003,99875164800.0
2017-02-27,3471.13,3446.22,3472.84,3441.39,98672160.0,0.004,106830874500.0
2017-02-28,3445.03,3452.81,3460.91,3441.36,75215260.0,0.0031,81979307400.0
2017-03-01,3452.21,3458.44,3472.7,3449.11,103260354.0,0.0042,109317781300.00002
2017-03-02,3463.48,3435.1,3468.47,3434.0,89898077.0,0.0037,97876187899.99998
2017-03-03,3424.66,3427.86,3428.88,3412.83,80994652.0,0.0033,90009618800.00002
2017-03-06,3427.25,3446.48,3449.03,3425.9,83070882.0,0.0034000000000000002,95178548500.0
2017-03-07,3446.16,3453.96,3454.04,3440.06,80334720.0,0.0033,94483824200.0
2017-03-08,3452.2,3448.73,3457.04,3441.26,79587690.0,0.0032,89124904700.0
2017-03-09,3442.9,3426.94,3443.05,3414.68,84570381.0,0.0034000000000000002,90090049500.0
2017-03-10,3423.98,3427.89,3436.24,3423.94,70016199.0,0.0028000000000000004,82161714900.0
2017-03-13,3425.67,3458.1,3458.1,3412.69,91684124.0,0.0037,108489140900.0
2017-03-14,3456.66,3456.69,3465.39,3448.9,77077963.0,0.0031,95317564100.0
2017-03-15,3452.21,3463.64,3463.92,3445.27,79104954.0,0.0032,94056256700.0
2017-03-16,3472.27,3481.51,3492.13,3472.27,106333913.0,0.0043,124695573699.99998
2017-03-17,3485.31,3445.81,3488.5,3441.47,103755560.0,0.0042,122368918600.0
2017-03-20,3449.05,3449.61,3454.06,3429.83,88734322.0,0.0036,103769403900.0
2017-03-21,3449.77,3466.35,3466.7,3445.64,87707855.0,0.0036,113528201400.0
2017-03-22,3450.75,3450.05,3464.33,3433.5,104935894.0,0.0043,123865640399.99998
2017-03-23,3452.41,3461.98,3470.82,3435.69,94318062.0,0.0038,115813813699.99998
2017-03-24,3464.2,3489.6,3499.32,3461.11,125645833.0,0.0051,141752526700.0
2017-03-27,3488.76,3478.04,3505.98,3474.52,107015377.0,0.0043,124388012100.00002
2017-03-28,3480.25,3469.81,3482.29,3461.47,84194820.0,0.0034000000000000002,97495938800.00002
2017-03-29,3472.97,3465.19,3483.06,3455.55,104851706.0,0.0043,114663468300.0
2017-03-30,3461.62,3436.76,3467.3,3422.37,116376922.0,0.004699999999999999,122088021600.0
2017-03-31,3434.82,3456.05,3456.31,3430.82,91577491.0,0.0037,100984904800.0
2017-04-05,3476.42,3503.89,3504.54,3475.15,143399017.0,0.0058,160742981200.0
2017-04-06,3507.99,3514.05,3517.78,3495.72,136767004.0,0.005600000000000001,145221644200.0
2017-04-07,3514.45,3517.46,3526.81,3506.39,140293204.0,0.005699999999999999,144559675600.0
2017-04-10,3519.46,3505.14,3522.8,3502.08,141887380.0,0.005699999999999999,155747834600.0
2017-04-11,3503.83,3517.33,3520.13,3466.14,165945832.0,0.0067,189457268700.0
2017-04-12,3514.57,3509.44,3523.1,3498.0,181824537.0,0.0074,202154571400.0
2017-04-13,3500.28,3514.57,3518.44,3496.57,129981813.0,0.0053,133345929000.0
2017-04-14,3516.81,3486.5,3517.47,3476.95,135474078.0,0.0055000000000000005,130425385399.99998
2017-04-17,3475.74,3479.94,3480.57,3453.68,117164961.0,0.004699999999999999,123884371199.99998
2017-04-18,3474.89,3462.74,3489.08,3462.63,110927823.0,0.0045000000000000005,126790853400.0
2017-04-19,3452.99,3445.88,3459.35,3418.51,121349264.0,0.0049,127050362400.0
2017-04-20,3444.52,3461.55,3465.61,3440.72,114184208.0,0.0046,133977258300.0
2017-04-21,3461.39,3466.79,3475.56,3449.54,104419110.0,0.0042,115208831700.0
2017-04-24,3458.23,3431.26,3458.23,3403.98,114660791.0,0.0046,122778154300.0
2017-04-25,3427.73,3440.97,3449.67,3422.65,94072148.0,0.0038,107599357200.0
2017-04-26,3440.25,3445.18,3466.57,3439.15,111940029.0,0.0045000000000000005,131316579200.0
2017-04-27,3435.1,3446.72,3449.27,3399.54,123298425.0,0.005,134610947800.0
2017-04-28,3439.57,3439.75,3439.9,3417.24,101632351.0,0.0040999999999999995,113761006700.0
2017-05-02,3427.92,3426.58,3436.31,3418.67,92797462.0,0.0037,101635858600.0
2017-05-03,3421.76,3413.13,3432.22,3403.08,91669624.0,0.0037,97854119100.0
2017-05-04,3404.94,3404.39,3421.4,3391.28,103482075.0,0.0042,106985952600.0
2017-05-05,3393.48,3382.55,3395.45,3366.56,109895333.0,0.0044,117464939600.00002
2017-05-08,3369.11,3358.81,3374.16,3339.57,123749287.0,0.005,126885426500.0
2017-05-09,3342.6,3352.53,3358.05,3327.59,76771668.0,0.0031,85528831700.0
2017-05-10,3350.65,3337.7,3369.43,3336.0,92082628.0,0.0037,102194980800.0
2017-05-11,3322.95,3356.65,3359.6,3312.89,109252890.0,0.0044,111576379100.0
2017-05-12,3350.94,3385.38,3387.27,3349.17,93386466.0,0.0038,97522124600.00002
2017-05-15,3391.59,3399.19,3406.58,3391.59,82977611.0,0.0033,92183332800.0
2017-05-16,3390.93,3428.65,3428.85,3373.55,105242416.0,0.0042,112814103200.0
2017-05-17,3423.19,3409.97,3433.97,3408.15,99736837.0,0.004,110553451800.0
2017-05-18,3387.67,3398.11,3409.93,3383.94,85759589.0,0.0034999999999999996,88091166000.0
2017-05-19,3395.23,3403.85,3405.94,3392.38,71473525.0,0.0029,78397081600.0
2017-05-22,3400.59,3411.24,3424.18,3391.17,92539559.0,0.0037,99021121600.0
2017-05-23,3405.03,3424.19,3434.77,3401.53,116911033.0,0.004699999999999999,126767856000.0
2017-05-24,3409.72,3424.17,3424.17,3383.89,83553161.0,0.0034000000000000002,92620045500.0
2017-05-25,3414.4,3485.66,3490.42,3413.22,130721631.0,0.0052,136634020800.0
2017-05-26,3479.62,3480.43,3498.31,3473.04,103241153.0,0.0040999999999999995,112585907400.0
2017-05-31,3495.07,3492.88,3515.08,3474.92,104829744.0,0.0042,115968725300.0
2017-06-01,3485.22,3497.74,3499.81,3476.43,103127724.0,0.0040999999999999995,116088766199.99998
2017-06-02,3491.59,3486.51,3498.12,3470.2,82668010.0,0.0033,92850747200.0
2017-06-05,3480.17,3468.75,3484.12,3462.31,79738152.0,0.0032,85609467500.0
2017-06-06,3464.38,3492.88,3492.88,3460.45,64089388.0,0.0026,77868793700.0
2017-06-07,3493.88,3533.87,3537.09,3491.13,104419968.0,0.0042,124189288500.0
2017-06-08,3531.24,3560.98,3562.27,3528.18,90224905.0,0.0036,112035619700.0
2017-06-09,3561.24,3576.17,3590.89,3560.63,101188265.0,0.004,121700586700.0
2017-06-12,3570.22,3574.39,3603.69,3565.9,90381167.0,0.0036,117690802200.0
2017-06-13,3569.16,3582.27,3584.41,3559.21,75177138.0,0.003,94223084800.0
2017-06-14,3571.25,3535.3,3571.25,3530.27,83810783.0,0.0034000000000000002,106105319900.0
2017-06-15,3530.75,3528.79,3542.28,3508.95,82632535.0,0.0033,106053901100.0
2017-06-16,3522.97,3518.76,3536.14,3514.39,76452707.0,0.0031,91462286400.0
2017-06-19,3520.06,3553.67,3554.91,3520.06,79797141.0,0.0032,98572358300.0
2017-06-20,3560.79,3546.49,3563.7,3539.51,80509559.0,0.0032,98187595500.0
2017-06-21,3567.13,3587.96,3587.99,3545.57,87859824.0,0.0034999999999999996,117147797100.00002
2017-06-22,3583.56,3590.34,3635.53,3581.34,135526987.0,0.0054,169418803400.0
2017-06-23,3583.44,3622.88,3623.24,3569.32,105129134.0,0.0042,133975111800.0
2017-06-26,3627.02,3668.09,3671.94,3627.02,134637995.0,0.0054,170736842000.0
2017-06-27,3665.58,3674.72,3676.53,3648.76,97558702.0,0.0039000000000000003,123057231700.0
2017-06-28,3664.16,3646.17,3672.19,3644.03,97920858.0,0.0039000000000000003,124465947100.00002
2017-06-29,3649.25,3668.83,3669.13,3644.73,85589498.0,0.0034000000000000002,111847266900.0
2017-06-30,3654.73,3666.8,3669.76,3646.23,81510028.0,0.0033,102459982000.0
2017-07-03,3667.23,3650.85,3667.6,3633.78,88820860.0,0.0036,115214687899.99998
2017-07-04,3646.83,3619.98,3646.85,3611.69,95071413.0,0.0038,125350417600.0
2017-07-05,3611.9,3659.68,3660.73,3610.46,88232425.0,0.0034999999999999996,120351565399.99998
2017-07-06,3654.56,3660.1,3666.77,3629.56,102379245.0,0.0040999999999999995,132837126800.0
2017-07-07,3647.64,3655.93,3657.11,3631.87,103735497.0,0.0042,123465392600.0
2017-07-10,3647.94,3653.69,3667.85,3641.53,120591910.0,0.0048,141034626500.0
2017-07-11,3646.88,3670.81,3701.21,3645.99,118760826.0,0.0048,145084363300.0
2017-07-12,3672.63,3658.82,3691.58,3640.59,122287792.0,0.0049,143494599100.0
2017-07-13,3656.35,3686.92,3690.48,3652.57,125669549.0,0.005,146388679600.0
2017-07-14,3682.62,3703.09,3703.09,3672.74,105514005.0,0.0042,121021448900.0
2017-07-17,3700.62,3663.56,3716.47,3621.37,178821600.0,0.0070999999999999995,196217253800.0
2017-07-18,3648.49,3667.18,3667.54,3622.04,124622056.0,0.005,141472284000.0
2017-07-19,3660.87,3729.75,3731.05,3658.2,182477787.0,0.0073,198392451700.00003
2017-07-20,3725.14,3747.88,3750.19,3723.07,142410039.0,0.005699999999999999,169267149899.99997
2017-07-21,3738.18,3728.6,3751.69,3722.07,117941226.0,0.004699999999999999,141432633000.0
2017-07-24,3724.38,3743.47,3755.19,3719.85,134868722.0,0.0054,154701874700.0
2017-07-25,3742.64,3719.56,3752.16,3713.28,121672059.0,0.0048,133531656199.99998
2017-07-26,3722.88,3705.39,3738.53,3684.18,136325210.0,0.0054,146518004900.0
2017-07-27,3700.86,3712.19,3716.69,3672.5,145002904.0,0.0058,161631225300.0
2017-07-28,3703.49,3721.89,3725.54,3696.78,111411392.0,0.0044,125817861900.0
2017-07-31,3722.43,3737.87,3746.52,3713.66,148429039.0,0.0059,160890133200.0
2017-08-01,3738.74,3770.38,3770.4,3737.1,152546539.0,0.0060999999999999995,173127579000.0
2017-08-02,3768.19,3760.85,3784.35,3759.28,172293383.0,0.0068000000000000005,189336782800.0
2017-08-03,3755.11,3727.83,3766.35,3718.44,146153944.0,0.0058,164710461600.0
2017-08-04,3724.72,3707.58,3738.73,3707.0,157470060.0,0.0063,168292664600.0
2017-08-07,3701.22,3726.79,3730.78,3689.96,124231530.0,0.0049,134348537500.0
2017-08-08,3724.33,3732.21,3737.33,3718.81,137241928.0,0.0055000000000000005,146481868900.0
2017-08-09,3728.03,3731.04,3739.0,3713.57,124679989.0,0.005,137223598300.0
2017-08-10,3724.96,3715.92,3746.86,3688.18,130085128.0,0.0052,148005169400.0
2017-08-11,3687.93,3647.35,3700.49,3645.09,150387421.0,0.006,161083470400.0
2017-08-14,3651.38,3694.68,3698.37,3651.38,115308451.0,0.0046,140233894100.0
2017-08-15,3695.78,3706.06,3719.29,3692.28,106444857.0,0.0042,124790631000.0
2017-08-16,3701.13,3701.42,3707.14,3679.73,104134141.0,0.0040999999999999995,127282165900.0
2017-08-17,3707.07,3721.28,3722.62,3704.41,108656251.0,0.0043,137020002899.99998
2017-08-18,3707.19,3724.67,3733.49,3700.41,96561705.0,0.0038,123078163900.0
2017-08-21,3731.84,3740.99,3744.26,3728.62,100313073.0,0.004,123911716300.00002
2017-08-22,3745.75,3752.3,3758.29,3734.56,100292856.0,0.004,131131078400.0
2017-08-23,3747.61,3756.09,3772.46,3741.72,104961573.0,0.0042,124081155700.0
2017-08-24,3755.89,3734.65,3765.71,3729.09,89947372.0,0.0036,107736019100.0
2017-08-25,3736.29,3795.75,3795.97,3736.29,129940900.0,0.0052,150697083100.0
2017-08-28,3805.66,3842.71,3866.94,3805.66,185576325.0,0.0074,236446280900.0
2017-08-29,3839.18,3834.54,3847.93,3825.76,128227070.0,0.0051,158978683700.0
2017-08-30,3834.27,3834.3,3854.71,3827.86,141352857.0,0.005600000000000001,166235122000.0
2017-08-31,3835.84,3822.09,3840.2,3800.89,132944935.0,0.0053,157079216100.0
2017-09-01,3825.34,3830.54,3843.62,3818.16,158645511.0,0.0063,182770432000.0
2017-09-04,3828.54,3845.62,3847.09,3813.55,149566320.0,0.0059,175551068299.99997
2017-09-05,3845.55,3857.05,3865.29,3841.95,124964155.0,0.005,145779755300.0
2017-09-06,3846.75,3849.45,3858.25,3831.38,131398723.0,0.0052,155883314800.0
2017-09-07,3851.69,3829.87,3858.16,3828.84,123884181.0,0.0049,156113397100.0
2017-09-08,3830.07,3825.99,3843.02,3813.98,106036504.0,0.0042,134958584000.0
2017-09-11,3828.34,3825.65,3850.74,3817.51,123883997.0,0.0049,154793900800.0
2017-09-12,3832.24,3837.93,3849.39,3822.0,144190242.0,0.005699999999999999,187605312000.0
2017-09-13,3835.55,3842.61,3847.78,3822.94,95410785.0,0.0038,126254360900.0
2017-09-14,3843.57,3829.96,3854.49,3820.09,115358583.0,0.0046,143111639200.0
2017-09-15,3826.14,3831.3,3843.3,3818.52,122427006.0,0.0048,153477215200.0
2017-09-18,3832.96,3843.14,3862.36,3832.96,117934405.0,0.004699999999999999,152841028500.0
2017-09-19,3849.88,3832.12,3857.3,3820.29,112432987.0,0.0044,145528457500.0
2017-09-20,3830.15,3842.44,3850.94,3827.89,101129542.0,0.004,135041882400.0
2017-09-21,3843.26,3837.82,3860.8,3837.38,111098192.0,0.0044,144132893200.0
2017-09-22,3826.46,3837.73,3842.25,3816.82,100619802.0,0.004,128360894900.0
2017-09-25,3829.22,3817.79,3835.39,3811.12,103948976.0,0.0040999999999999995,135980239100.0
2017-09-26,3810.33,3820.78,3821.69,3808.38,81869407.0,0.0032,101036334800.0
2017-09-27,3818.96,3821.2,3832.57,3818.81,85655811.0,0.0034000000000000002,109299492200.0
2017-09-28,3821.59,3822.54,3827.33,3813.75,93544069.0,0.0037,115646338500.0
2017-09-29,3825.2,3836.5,3852.22,3825.2,93306028.0,0.0037,116056776600.0
2017-10-09,3910.12,3882.21,3918.84,3876.03,135535851.0,0.0054,171941460799.99997
2017-10-10,3883.0,3889.86,3900.74,3855.47,112532586.0,0.0044,157979737600.0
2017-10-11,3886.82,3902.69,3913.07,3885.5,104418151.0,0.0040999999999999995,144152740100.0
2017-10-12,3902.02,3912.95,3917.44,3897.55,94340921.0,0.0037,123147248600.0
2017-10-13,3912.98,3921.0,3927.17,3908.89,90142068.0,0.0036,114314854700.0
2017-10-16,3926.28,3913.45,3947.42,3913.32,121355033.0,0.0048,150823756600.0
2017-10-17,3910.79,3913.07,3924.61,3900.48,82241227.0,0.0032,106708451700.0
2017-10-18,3914.82,3944.16,3944.41,3914.82,100969841.0,0.004,126420379700.0
2017-10-19,3940.58,3931.25,3944.03,3923.65,106527252.0,0.0042,133189855200.0
2017-10-20,3918.53,3926.85,3928.96,3910.2,72980180.0,0.0029,94529636600.0
2017-10-23,3930.89,3930.8,3936.27,3920.66,81484980.0,0.0032,100280911400.0
2017-10-24,3926.23,3959.4,3959.5,3922.03,93058154.0,0.0037,120192150600.0
2017-10-25,3958.17,3976.95,3978.09,3954.0,88205458.0,0.0034999999999999996,106820309500.0
2017-10-26,3980.05,3993.58,4013.6,3973.55,129895465.0,0.0051,170488618600.0
2017-10-27,3992.55,4021.97,4024.46,3991.35,126672846.0,0.005,152974831100.0
2017-10-30,4022.16,4009.72,4033.34,3960.27,157387603.0,0.0062,193489838400.0
2017-10-31,3995.39,4006.72,4009.28,3983.26,109178779.0,0.0043,142897206900.0
2017-11-01,4007.91,3996.62,4032.46,3991.32,130417380.0,0.0051,166477138600.0
2017-11-02,3994.09,3997.13,3999.23,3971.38,126100579.0,0.005,151981363600.0
2017-11-03,3992.35,3992.7,3999.34,3963.03,129404439.0,0.0051,158142056600.0
2017-11-06,3989.18,4020.89,4021.64,3975.41,122081159.0,0.0048,158911861100.0
2017-11-07,4022.4,4054.25,4064.22,4021.36,152116663.0,0.006,193990974000.0
2017-11-08,4051.49,4048.01,4089.15,4040.58,150827719.0,0.006,200949740700.0
2017-11-09,4043.07,4075.9,4076.61,4038.4,121056335.0,0.0048,159247198200.0
2017-11-10,4070.28,4111.91,4116.71,4067.66,141817165.0,0.005600000000000001,198869833800.0
2017-11-13,4115.55,4128.07,4137.65,4115.55,151446309.0,0.006,205930794500.0
2017-11-14,4129.27,4099.35,4133.55,4086.89,143236936.0,0.005699999999999999,199605009000.0
2017-11-15,4084.21,4073.67,4102.81,4055.72,120635696.0,0.0048,177753075400.0
2017-11-16,4063.49,4105.01,4107.62,4062.27,121384414.0,0.0048,172903880600.0
2017-11-17,4094.08,4120.85,4122.38,4081.37,191784119.0,0.0076,253079314000.0
2017-11-20,4093.73,4143.83,4144.51,4060.96,137447258.0,0.0054,191589637500.0
2017-11-21,4131.85,4217.7,4220.26,4129.98,180350821.0,0.0070999999999999995,253302199600.0
2017-11-22,4228.37,4227.57,4260.64,4191.15,186477003.0,0.0074,254298361700.00003
2017-11-23,4213.38,4102.4,4214.19,4086.9,178147228.0,0.006999999999999999,237536704700.0
2017-11-24,4089.47,4104.2,4116.59,4057.49,130858040.0,0.0052,182912191400.0
2017-11-27,4088.93,4049.95,4088.93,4037.15,143455268.0,0.005699999999999999,183004551200.0
2017-11-28,4034.21,4055.82,4056.48,4010.3,102058095.0,0.004,135539647300.0
2017-11-29,4061.35,4053.75,4069.24,4004.69,124553642.0,0.0049,165743341300.0
2017-11-30,4034.01,4006.1,4052.8,3988.0,107983345.0,0.0043,145829948300.0
2017-12-01,4003.56,3998.14,4027.11,3984.38,97386913.0,0.0038,136010927600.0
2017-12-04,3989.05,4018.86,4032.99,3982.32,102647219.0,0.004,138223055500.0
2017-12-05,4007.94,4040.17,4045.93,4006.54,154087076.0,0.0060999999999999995,196337660300.0
2017-12-06,4027.12,4015.82,4031.75,3964.81,109286205.0,0.0043,144114954200.0
2017-12-07,4003.58,3971.06,4017.95,3955.99,90254045.0,0.0036,119651201500.0
2017-12-08,3962.83,4003.38,4014.14,3955.44,89282861.0,0.0034999999999999996,124371230300.0
2017-12-11,4006.88,4069.5,4069.5,4005.27,97148946.0,0.0038,148476588500.0
2017-12-12,4068.51,4016.02,4070.15,4015.45,84338718.0,0.0033,123515183200.0
2017-12-13,4013.83,4050.09,4052.69,4004.74,77546131.0,0.003,115006383400.0
2017-12-14,4050.9,4026.15,4057.62,4013.85,80768862.0,0.0032,115086944900.0
2017-12-15,4018.73,3980.86,4020.27,3974.93,89044389.0,0.0034999999999999996,118474144200.0
2017-12-18,3983.3,3985.29,4008.07,3967.93,77853375.0,0.003,111724349900.0
2017-12-19,3985.82,4035.33,4035.63,3985.82,77528985.0,0.003,115998204300.0
2017-12-20,4036.02,4030.49,4044.85,4015.63,90604503.0,0.0034999999999999996,126812878100.0
2017-12-21,4023.08,4067.85,4080.78,4014.65,96836089.0,0.0038,137819520900.0
2017-12-22,4064.91,4054.6,4076.8,4048.49,73473684.0,0.0029,104426496000.0
2017-12-25,4057.42,4041.54,4086.93,4026.45,91926962.0,0.0036,129938839200.0
2017-12-26,4040.62,4053.62,4056.86,4015.3,91118790.0,0.0036,119725100600.0
2017-12-27,4045.28,3991.21,4047.74,3986.74,105153577.0,0.0040999999999999995,140516907100.0
2017-12-28,3993.0,4018.9,4036.7,3980.24,118542886.0,0.0046,153636695800.0
2017-12-29,4022.88,4030.86,4043.14,4012.88,90486683.0,0.0034999999999999996,121257038500.0
2018-01-02,4045.21,4087.4,4087.78,4045.21,146935435.0,0.005699999999999999,178402032900.0
2018-01-03,4091.46,4111.39,4140.05,4088.73,151852218.0,0.0059,205726889600.0
2018-01-04,4114.12,4128.81,4137.64,4105.89,134543794.0,0.0052,174523556100.0
2018-01-05,4133.34,4138.75,4151.28,4123.28,149009872.0,0.0058,185206293200.0
2018-01-08,4140.85,4160.16,4166.32,4127.31,173877666.0,0.0068000000000000005,226403872900.0
2018-01-09,4157.54,4189.3,4191.28,4153.5,139034294.0,0.0054,181975079800.0
2018-01-10,4187.2,4207.81,4211.05,4175.14,151121666.0,0.0059,194850253900.0
2018-01-11,4197.11,4205.59,4211.8,4181.96,121578539.0,0.004699999999999999,170407305900.0
2018-01-12,4205.14,4225.0,4227.39,4199.02,111354794.0,0.0043,157606210600.0
2018-01-15,4229.84,4225.24,4262.93,4216.36,170907897.0,0.0066,234986586100.0
2018-01-16,4215.62,4258.47,4260.21,4213.13,161494963.0,0.0063,228271224800.0
2018-01-17,4261.78,4248.12,4283.34,4230.54,214311032.0,0.0083,284554359800.0
2018-01-18,4259.38,4271.42,4292.64,4246.68,172032846.0,0.0067,225289688900.0
2018-01-19,4281.94,4285.4,4316.57,4269.62,209490570.0,0.008100000000000001,258554725400.0
2018-01-22,4276.48,4336.6,4338.48,4275.9,174643195.0,0.0068000000000000005,233960223299.99997
2018-01-23,4346.89,4382.61,4383.57,4346.79,201867585.0,0.0078000000000000005,257113359899.99997
2018-01-24,4389.45,4389.89,4397.82,4349.09,219818889.0,0.0085,284470809500.0
2018-01-25,4381.98,4365.08,4392.2,4336.24,195374950.0,0.0076,250308091900.0
2018-01-26,4352.22,4381.3,4403.34,4351.49,177227237.0,0.0069,223331309100.0
2018-01-29,4387.06,4302.02,4395.91,4287.11,191100354.0,0.0074,256176323800.0
2018-01-30,4286.68,4256.1,4308.51,4251.57,139034730.0,0.0054,186650566200.0
2018-01-31,4234.11,4275.9,4287.86,4232.77,145210164.0,0.005600000000000001,194401798000.0
2018-02-01,4276.34,4245.9,4287.39,4214.29,190002934.0,0.0074,239230298900.0
2018-02-02,4213.94,4271.23,4271.76,4181.78,146066827.0,0.005699999999999999,191169867300.0
2018-02-05,4204.46,4274.15,4274.15,4200.14,161347799.0,0.0063,217360144500.0
2018-02-06,4182.33,4148.89,4211.52,4131.56,214910450.0,0.0083,279415083200.0
2018-02-07,4205.74,4050.5,4212.57,4048.42,203127493.0,0.0079,261507027399.99997
2018-02-08,4022.88,4012.05,4071.67,3974.68,159269985.0,0.0062,199061772000.0
2018-02-09,3896.17,3840.65,3911.29,3759.15,206349828.0,0.008,246774828400.0
2018-02-12,3846.27,3890.1,3907.84,3828.07,116182637.0,0.0045000000000000005,149858043600.0
2018-02-13,3925.6,3935.63,3986.98,3925.6,112565885.0,0.0044,144479354400.0
2018-02-14,3945.09,3966.96,3971.4,3923.13,71081338.0,0.0027,93110201400.0
2018-02-22,4020.97,4052.73,4058.79,4009.92,105811571.0,0.0040999999999999995,138334361700.0
2018-02-23,4061.75,4071.09,4085.2,4035.23,99458746.0,0.0038,128195835200.0
2018-02-26,4093.4,4118.42,4128.74,4048.98,137881001.0,0.0053,179013093600.0
2018-02-27,4120.87,4058.98,4120.87,4051.81,125934470.0,0.0048,169684901000.0
2018-02-28,4016.79,4023.64,4051.71,3991.71,109343593.0,0.0042,152493909300.0
2018-03-01,3994.87,4049.09,4061.03,3986.89,110199852.0,0.0042,146003456700.0
2018-03-02,4014.95,4016.46,4044.42,4006.94,96165000.0,0.0037,130931181199.99998
2018-03-05,4021.66,4018.1,4042.83,3995.87,87952548.0,0.0034000000000000002,118197859500.0
2018-03-06,4034.99,4066.56,4067.55,3998.93,138762444.0,0.0053,171370654100.0
2018-03-07,4063.5,4036.65,4089.7,4027.94,106952426.0,0.0040999999999999995,136572305600.0
2018-03-08,4038.95,4077.6,4078.23,4029.71,91155810.0,0.0034999999999999996,123634637100.00002
2018-03-09,4088.07,4108.87,4110.67,4076.45,113701808.0,0.0044,150024119700.0
2018-03-12,4130.71,4127.67,4139.53,4112.77,140906739.0,0.0054,190367593800.0
2018-03-13,4124.33,4091.25,4130.28,4087.56,111766430.0,0.0043,141174160600.0
2018-03-14,4076.06,4073.34,4089.09,4066.49,99013409.0,0.0038,131537959400.0
2018-03-15,4058.71,4096.16,4098.99,4058.71,88161156.0,0.0034000000000000002,126882452700.0
2018-03-16,4096.89,4056.42,4110.04,4055.82,84896188.0,0.0033,122125342000.0
2018-03-19,4054.62,4074.25,4074.52,4033.52,81502882.0,0.0031,118183815100.0
2018-03-20,4045.74,4077.7,4080.19,4040.31,80605280.0,0.0031,111980234000.0
2018-03-21,4097.02,4061.05,4110.12,4046.24,97609488.0,0.0037,139330411900.0
2018-03-22,4062.07,4020.35,4072.38,4003.72,89095259.0,0.0034000000000000002,127664338000.0
2018-03-23,3896.74,3904.94,3928.51,3834.94,180080449.0,0.0069,218905031300.0
2018-03-26,3862.69,3879.89,3883.9,3829.92,115139128.0,0.0044,156604527200.0
2018-03-27,3927.49,3913.27,3936.78,3881.87,113700711.0,0.0044,162291546600.0
2018-03-28,3865.05,3842.72,3907.28,3835.88,101494908.0,0.0039000000000000003,155848951100.0
2018-03-29,3854.59,3894.05,3913.96,3794.26,116629066.0,0.0045000000000000005,164996783000.0
2018-03-30,3893.75,3898.5,3915.35,3879.21,97512270.0,0.0037,137959280500.0
2018-04-02,3897.01,3886.92,3937.02,3882.89,111242666.0,0.0043,159356080000.0
2018-04-03,3850.15,3862.48,3878.15,3839.93,95137369.0,0.0036,132049936100.0
2018-04-04,3873.63,3854.86,3898.61,3852.5,88730609.0,0.0034000000000000002,131593067899.99998
2018-04-09,3851.95,3852.93,3870.67,3827.41,84105462.0,0.0032,118167273500.0
2018-04-10,3860.72,3927.17,3927.42,3851.8,106173722.0,0.0040999999999999995,137941300200.0
2018-04-11,3934.17,3938.34,3958.71,3924.96,111933021.0,0.0043,139989290600.0
2018-04-12,3935.67,3898.64,3937.78,3896.18,82699490.0,0.0032,108075565500.0
2018-04-13,3920.74,3871.14,3929.95,3866.19,71544203.0,0.0027,98921827000.0
2018-04-16,3862.47,3808.86,3869.16,3789.61,99217770.0,0.0038,131566866900.0
2018-04-17,3812.87,3748.64,3822.63,3745.44,90610790.0,0.0034999999999999996,126518752000.0
2018-04-18,3785.31,3766.28,3789.66,3708.11,106676706.0,0.0040999999999999995,143077676000.0
2018-04-19,3774.78,3811.84,3824.03,3767.8,99054060.0,0.0038,127520121600.0
2018-04-20,3801.21,3760.85,3815.44,3750.1,99282925.0,0.0038,123550664500.0
2018-04-23,3754.69,3766.33,3787.4,3735.18,90356291.0,0.0034999999999999996,111763031500.0
2018-04-24,3769.88,3843.49,3854.43,3769.88,114219525.0,0.0044,145700512800.0
2018-04-25,3824.59,3828.7,3838.69,3817.03,78172612.0,0.003,105750449500.0
2018-04-26,3823.39,3755.49,3828.71,3744.89,87150641.0,0.0033,125772304500.0
2018-04-27,3771.04,3756.88,3776.98,3714.64,89531726.0,0.0034000000000000002,142113627600.0
2018-05-02,3769.93,3763.65,3787.3,3744.55,83301035.0,0.0032,120083483300.0
2018-05-03,3756.17,3793.0,3797.53,3732.37,93961118.0,0.0036,122740168900.0
2018-05-04,3784.32,3774.6,3801.52,3770.94,71554288.0,0.0027,98315254600.00002
2018-05-07,3782.54,3834.19,3834.59,3776.03,87286195.0,0.0033,126354800800.0
2018-05-08,3834.61,3878.68,3892.07,3833.73,94215157.0,0.0036,135445862500.0
2018-05-09,3876.13,3871.62,3878.94,3855.74,66712966.0,0.0025,92322896300.00002
2018-05-10,3882.84,3893.06,3894.49,3867.31,70667809.0,0.0027,103255140600.0
2018-05-11,3902.15,3872.84,3903.34,3871.95,73356604.0,0.0028000000000000004,107715457000.0
2018-05-14,3886.87,3909.29,3919.3,3886.87,81975999.0,0.0031,122520048000.0
2018-05-15,3920.14,3924.1,3924.34,3892.92,76049555.0,0.0029,106091905800.0
2018-05-16,3909.82,3892.84,3923.34,3889.19,71913646.0,0.0027,106533930300.0
2018-05-17,3895.49,3864.05,3899.51,3858.85,59030123.0,0.0022,87104164700.0
2018-05-18,3860.16,3903.06,3903.06,3841.9,72613956.0,0.0028000000000000004,96823851800.0
2018-05-21,3925.54,3921.24,3937.46,3913.6,92641737.0,0.0034999999999999996,120528726000.0
2018-05-22,3918.82,3906.21,3918.82,3881.17,75368778.0,0.0029,102883344900.0
2018-05-23,3898.27,3854.58,3898.27,3854.58,83722319.0,0.0032,110684503200.0
2018-05-24,3853.29,3827.22,3859.1,3823.92,68345022.0,0.0026,93408219600.00002
2018-05-25,3823.74,3816.5,3841.12,3804.14,70836386.0,0.0027,95667543800.00002
2018-05-28,3816.26,3833.26,3846.55,3799.32,71521132.0,0.0027,100001639000.0
2018-05-29,3824.19,3804.01,3841.78,3800.67,81552662.0,0.0031,117288580600.0
2018-05-30,3755.18,3723.37,3767.89,3722.07,87913285.0,0.0033,115858975800.0
2018-05-31,3749.3,3802.38,3804.79,3742.53,92666894.0,0.0034999999999999996,130545422200.0
2018-06-01,3789.67,3770.59,3802.54,3753.84,77821813.0,0.0029,105934865900.0
2018-06-04,3785.19,3807.58,3813.41,3776.62,76624341.0,0.0029,115146468500.0
2018-06-05,3811.29,3845.32,3845.56,3800.93,78687360.0,0.003,121261467200.0
2018-06-06,3839.68,3837.35,3848.33,3830.9,73117237.0,0.0028000000000000004,107142041800.0
2018-06-07,3846.94,3831.01,3859.85,3827.69,80256147.0,0.003,112365710700.0
2018-06-08,3819.45,3779.62,3819.46,3759.27,83337335.0,0.0032,107818798300.0
2018-06-11,3770.21,3779.98,3792.55,3756.51,68709834.0,0.0026,105597924600.00002
2018-06-12,3783.19,3825.95,3830.47,3765.26,73206244.0,0.0028000000000000004,116217139600.00002
2018-06-13,3814.62,3788.34,3817.45,3782.07,66377970.0,0.0025,97185498900.0
2018-06-14,3774.64,3773.37,3808.16,3759.25,68471322.0,0.0026,99234015000.0
2018-06-15,3763.04,3753.43,3780.34,3737.43,85488893.0,0.0032,109534900800.0
2018-06-19,3702.67,3621.12,3712.82,3583.02,160706542.0,0.0060999999999999995,193848797300.0
2018-06-20,3602.55,3635.44,3649.34,3578.17,86718098.0,0.0033,112804812800.0
2018-06-21,3633.56,3592.97,3673.56,3589.49,93908552.0,0.0034999999999999996,115584149000.0
2018-06-22,3567.89,3608.9,3609.08,3542.46,75117864.0,0.0028000000000000004,89687282100.00002
2018-06-25,3625.8,3560.48,3631.03,3559.03,79877078.0,0.003,106690345300.0
2018-06-26,3521.59,3531.11,3541.78,3478.21,84985269.0,0.0032,108132167300.0
2018-06-27,3525.13,3459.26,3537.66,3441.78,81491817.0,0.0031,107628896600.0
2018-06-28,3434.94,3423.53,3477.06,3416.95,75918051.0,0.0029,98570527300.0
2018-06-29,3431.96,3510.98,3512.38,3425.22,77257031.0,0.0029,97616367300.0
2018-07-02,3504.46,3407.96,3506.9,3383.5,84351449.0,0.0032,107601540700.0
2018-07-03,3410.48,3409.28,3422.04,3319.29,95278693.0,0.0036,129898019300.0
2018-07-04,3398.78,3363.75,3418.33,3359.09,75157997.0,0.0028000000000000004,93648559100.0
2018-07-05,3365.55,3342.44,3398.49,3330.71,81587981.0,0.003,97544619600.00002
2018-07-06,3347.06,3365.12,3396.25,3295.73,86097579.0,0.0032,109481942500.0
2018-07-09,3378.91,3459.18,3459.32,3378.91,76601545.0,0.0029,100918863699.99998
2018-07-10,3464.91,3467.52,3474.14,3437.27,69548823.0,0.0026,90127445700.0
2018-07-11,3398.93,3407.53,3427.57,3375.14,72040950.0,0.0027,89661507100.00002
2018-07-12,3403.33,3481.06,3499.1,3403.33,96353564.0,0.0036,117805514800.0
2018-07-13,3488.5,3492.69,3499.76,3474.91,72955897.0,0.0027,99800184900.0
2018-07-16,3488.97,3472.09,3506.24,3459.73,68281999.0,0.0025,90754288100.0
2018-07-17,3466.42,3449.38,3467.19,3420.97,61983076.0,0.0023,85720563699.99998
2018-07-18,3456.61,3431.32,3479.26,3430.16,66530330.0,0.0025,88556873200.0
2018-07-19,3444.8,3428.34,3466.51,3417.96,68477716.0,0.0025,88804907800.0
2018-07-20,3426.46,3492.89,3505.93,3398.95,101984727.0,0.0038,122196953800.00002
2018-07-23,3471.86,3525.75,3527.53,3464.65,119036627.0,0.0044,143960930700.0
2018-07-24,3530.66,3581.71,3596.51,3530.66,156912435.0,0.0058,177448954000.0
2018-07-25,3589.51,3577.75,3589.98,3566.31,96758501.0,0.0036,112176694200.0
2018-07-26,3583.32,3536.25,3593.92,3528.64,90349641.0,0.0034000000000000002,105577285200.0
2018-07-27,3533.77,3521.23,3545.41,3512.7,70178104.0,0.0026,81192174900.0
2018-07-30,3520.85,3515.08,3550.9,3489.55,82116995.0,0.003,96183097600.0
2018-07-31,3510.47,3517.66,3528.15,3493.15,67980817.0,0.0025,80022152100.0
2018-08-01,3530.03,3447.39,3543.61,3446.78,90348617.0,0.0034000000000000002,107477214900.0
2018-08-02,3434.35,3370.96,3434.35,3322.1,101308727.0,0.0038,122401283600.0
2018-08-03,3366.66,3315.28,3381.34,3315.2,70796910.0,0.0026,91395987200.0
2018-08-06,3312.82,3273.27,3344.25,3257.69,77975083.0,0.0029,97517991000.0
2018-08-07,3284.98,3368.87,3368.96,3263.5,91783916.0,0.0034000000000000002,107512224000.0
2018-08-08,3362.15,3314.51,3368.16,3311.77,79284865.0,0.0029,90958912000.0
2018-08-09,3303.48,3397.53,3408.39,3299.62,91957572.0,0.0034000000000000002,108802315200.0
2018-08-10,3398.41,3405.02,3424.04,3380.57,68967299.0,0.0026,85634522100.00002
2018-08-13,3369.98,3390.34,3396.19,3336.7,76191532.0,0.0028000000000000004,90869290900.0
2018-08-14,3386.48,3372.91,3391.73,3356.61,60651446.0,0.0023,72121992600.0
2018-08-15,3371.96,3291.98,3372.14,3288.71,68174055.0,0.0025,83402193900.0
2018-08-16,3251.86,3276.73,3315.2,3231.56,76547366.0,0.0028000000000000004,89269175700.0
2018-08-17,3305.9,3229.62,3311.57,3224.1,67395413.0,0.0025,84452452500.0
2018-08-20,3238.22,3267.25,3267.25,3209.01,70904228.0,0.0026,88963382600.0
2018-08-21,3271.84,3326.65,3331.71,3270.03,75205583.0,0.0028000000000000004,97925840399.99998
2018-08-22,3328.97,3307.95,3328.97,3299.39,50787057.0,0.0019,66548536200.0
2018-08-23,3308.46,3320.03,3336.11,3285.81,61112334.0,0.0023,80212785600.0
2018-08-24,3308.48,3325.33,3353.04,3291.87,63765897.0,0.0024,77197847900.0
2018-08-27,3339.39,3406.57,3406.57,3339.26,94270082.0,0.0034999999999999996,114960964600.00002
2018-08-28,3408.15,3400.17,3416.59,3388.81,75445363.0,0.0028000000000000004,94945949800.0
2018-08-29,3393.05,3386.57,3398.71,3377.12,67020404.0,0.0025,79072300200.0
2018-08-30,3385.81,3351.09,3402.56,3349.47,68385290.0,0.0025,80226052700.0
2018-08-31,3333.38,3334.5,3356.58,3310.87,76205630.0,0.0028000000000000004,96091892899.99998
2018-09-03,3320.69,3321.82,3325.61,3291.78,66429855.0,0.0025,81305681500.0
2018-09-04,3324.19,3363.9,3370.96,3307.96,67088807.0,0.0025,85892034900.0
2018-09-05,3349.7,3298.14,3354.2,3298.14,64301888.0,0.0024,80656675200.0
2018-09-06,3286.66,3262.88,3311.5,3253.76,62300288.0,0.0023,79373138200.0
2018-09-07,3273.89,3277.64,3316.62,3253.73,63947408.0,0.0024,81263440000.0
2018-09-10,3271.38,3230.07,3277.88,3227.85,63817051.0,0.0024,76175580300.0
2018-09-11,3229.71,3224.21,3245.62,3209.11,58491305.0,0.0022,67722118900.0
2018-09-12,3216.99,3202.02,3225.6,3194.98,54627899.0,0.002,68887020100.0
2018-09-13,3239.69,3236.57,3249.59,3191.4,67290327.0,0.0025,85887962100.00002
2018-09-14,3242.83,3242.09,3254.1,3227.94,60130640.0,0.0022,76481212000.0
2018-09-17,3224.93,3204.92,3230.79,3200.51,52259547.0,0.0019,60650940900.0
2018-09-18,3193.64,3269.43,3270.11,3193.64,70425035.0,0.0026,83899137600.0
2018-09-19,3262.0,3312.48,3335.99,3258.31,89170666.0,0.0033,109395423800.00002
2018-09-20,3314.88,3310.13,3332.31,3303.07,64561057.0,0.0024,76660845200.0
2018-09-21,3320.7,3410.49,3410.49,3307.77,108416005.0,0.004,123573117899.99998
2018-09-25,3375.97,3379.8,3394.38,3367.03,69054693.0,0.0026,82870029900.0
2018-09-26,3388.56,3417.24,3448.26,3383.24,93173343.0,0.0034000000000000002,119113319100.0
2018-09-27,3415.95,3403.59,3423.71,3394.73,69765241.0,0.0026,87573300800.0
2018-09-28,3409.96,3438.87,3444.99,3404.7,84377756.0,0.0031,94880274600.00002
2018-10-08,3361.56,3290.9,3364.46,3285.25,97888989.0,0.0036,114164218400.0
2018-10-09,3290.17,3288.69,3309.8,3276.13,66723274.0,0.0025,78372941300.0
2018-10-10,3295.43,3281.6,3315.73,3256.58,64492828.0,0.0024,79166808600.0
2018-10-11,3179.54,3124.11,3209.52,3099.04,120941342.0,0.0045000000000000005,125723084500.0
2018-10-12,3123.37,3170.73,3184.12,3094.97,98611151.0,0.0037,104423076600.0
2018-10-15,3173.85,3126.45,3183.13,3120.23,69605023.0,0.0026,77137696800.0
2018-10-16,3128.58,3100.97,3166.09,3089.37,68887721.0,0.0026,75206471000.0
2018-10-17,3140.68,3118.25,3149.13,3062.55,76837138.0,0.0028000000000000004,86132695900.0
2018-10-18,3097.79,3044.39,3097.79,3043.38,73771968.0,0.0027,79703731900.0
2018-10-19,3017.75,3134.95,3137.75,3009.5,98839688.0,0.0037,110951369100.0
2018-10-22,3159.56,3270.27,3297.38,3159.56,145862045.0,0.0054,170651306200.0
2018-10-23,3273.13,3183.43,3276.02,3163.57,121013241.0,0.0045000000000000005,142589176800.0
2018-10-24,3169.46,3188.2,3245.4,3164.29,110909744.0,0.0040999999999999995,120954387300.0
2018-10-25,3107.84,3194.31,3197.32,3099.89,106951817.0,0.004,113291746400.0
2018-10-26,3204.28,3173.64,3218.1,3151.92,101299354.0,0.0037,106070366800.0
2018-10-29,3157.49,3076.89,3158.81,3062.58,91839789.0,0.0034000000000000002,108479490200.0
2018-10-30,3061.93,3110.26,3146.63,3050.77,116070101.0,0.0043,131767102700.0
2018-10-31,3116.66,3153.82,3168.92,3106.03,111207455.0,0.0040999999999999995,117099697800.0
2018-11-01,3185.2,3177.03,3217.8,3173.1,132653379.0,0.0049,145919304300.0
2018-11-02,3258.61,3290.25,3290.25,3222.44,153466104.0,0.005699999999999999,178340643400.0
2018-11-05,3269.47,3262.84,3279.88,3230.36,109706683.0,0.0040999999999999995,123630922700.0
2018-11-06,3254.98,3243.15,3254.98,3213.9,83869138.0,0.0031,91703898100.0
2018-11-07,3243.88,3221.91,3270.5,3218.42,91615528.0,0.0034000000000000002,101814919000.0
2018-11-08,3251.73,3212.77,3253.57,3207.71,76414540.0,0.0028000000000000004,85221664700.0
2018-11-09,3193.3,3167.44,3193.3,3166.31,84282762.0,0.0031,88194192200.0
2018-11-12,3160.25,3205.14,3206.51,3152.44,88062391.0,0.0032,97363052000.0
2018-11-13,3164.92,3237.38,3254.77,3161.1,126493464.0,0.004699999999999999,125603047300.0
2018-11-14,3233.64,3204.94,3239.24,3200.23,113808659.0,0.0042,105386566000.0
2018-11-15,3201.28,3242.37,3242.38,3198.78,98558810.0,0.0036,100119192300.0
2018-11-16,3242.88,3257.67,3282.39,3223.72,126876835.0,0.004699999999999999,135379803900.0
2018-11-19,3258.79,3294.6,3294.6,3251.07,115956595.0,0.0043,123188777600.0
2018-11-20,3268.08,3218.41,3278.78,3213.68,109361154.0,0.004,114155066800.0
2018-11-21,3187.1,3226.49,3230.26,3185.24,84119726.0,0.0031,87813273900.0
2018-11-22,3232.97,3214.43,3235.45,3199.7,65098291.0,0.0024,70083372600.0
2018-11-23,3208.59,3143.48,3212.2,3139.39,84638255.0,0.0031,86864946199.99998
2018-11-26,3148.67,3141.24,3169.44,3131.64,59379140.0,0.0022,61899479600.0
2018-11-27,3152.77,3137.24,3162.01,3126.29,55407832.0,0.002,61946261100.0
2018-11-28,3137.75,3178.93,3179.41,3126.62,74881955.0,0.0028000000000000004,77620553100.0
2018-11-29,3198.83,3137.65,3204.86,3137.65,80498466.0,0.003,86927611900.0
2018-11-30,3136.2,3172.69,3175.15,3132.42,70921044.0,0.0026,77297697700.0
2018-12-03,3260.69,3260.95,3273.64,3228.36,121487157.0,0.0045000000000000005,145828416500.0
2018-12-04,3256.23,3267.71,3267.94,3243.7,79415039.0,0.0029,90543600300.0
2018-12-05,3224.26,3252.0,3266.9,3219.98,76153052.0,0.0028000000000000004,90909093800.00002
2018-12-06,3218.11,3181.67,3223.52,3179.89,76328771.0,0.0028000000000000004,95678883400.0
2018-12-07,3187.49,3181.56,3193.82,3176.71,53361924.0,0.002,66323970700.0
2018-12-10,3153.52,3144.76,3170.15,3134.38,63437273.0,0.0023,73717204700.0
2018-12-11,3148.23,3159.82,3161.96,3143.61,53223877.0,0.002,60014969800.00001
2018-12-12,3181.57,3170.61,3182.21,3160.28,53309914.0,0.002,60536223500.0
2018-12-13,3178.89,3219.69,3234.08,3169.42,90442755.0,0.0033,103375478600.0
2018-12-14,3207.35,3165.91,3210.72,3165.91,84301250.0,0.0031,91576900500.0
2018-12-17,3158.28,3161.2,3167.51,3134.37,66497007.0,0.0025,77151490900.0
2018-12-18,3139.95,3128.43,3165.0,3114.47,63820319.0,0.0024,72035451400.0
2018-12-19,3133.74,3091.13,3137.01,3086.76,55522299.0,0.0021,67872922400.0
2018-12-20,3083.54,3067.42,3097.72,3044.29,69749463.0,0.0026,78181426500.0
2018-12-21,3055.33,3029.4,3057.4,3007.61,76758101.0,0.0029,84824064800.0
2018-12-24,3015.5,3038.2,3040.35,3007.33,57299615.0,0.0021,63880740599.99999
2018-12-25,3006.88,3017.28,3030.14,2964.88,78689425.0,0.0029,80413567300.0
2018-12-26,3012.87,3002.03,3029.06,2996.48,55647032.0,0.0021,58574969000.0
2018-12-27,3042.95,2990.51,3047.23,2990.51,80541785.0,0.003,81159270000.0
2018-12-28,2994.79,3010.65,3024.35,2984.82,71053779.0,0.0026,78145310000.0
2019-01-02,3017.07,2969.54,3018.78,2958.49,68663021.0,0.0026,76105571300.0
2019-01-03,2963.02,2964.84,3000.44,2953.25,70867103.0,0.0026,76664797400.0
2019-01-04,2940.19,3035.87,3036.81,2935.83,103318972.0,0.0038,107141037100.00002
2019-01-07,3055.15,3054.3,3061.75,3035.91,101164359.0,0.0038,105703940800.0
2019-01-08,3049.87,3047.7,3055.51,3038.53,86170585.0,0.0032,79628882700.0
2019-01-09,3065.23,3078.48,3117.96,3062.85,107364350.0,0.004,117129678900.0
2019-01-10,3077.48,3072.69,3092.54,3062.57,85271756.0,0.0032,90206871700.0
2019-01-11,3082.26,3094.78,3102.83,3071.03,71786424.0,0.0027,77420239600.0
2019-01-14,3092.5,3067.78,3097.41,3064.38,66121702.0,0.0025,68115969100.0
2019-01-15,3071.52,3127.99,3129.37,3064.67,88772962.0,0.0033,99976891100.0
2019-01-16,3126.13,3128.65,3135.01,3117.29,80214341.0,0.003,85781591800.0
2019-01-17,3132.63,3111.42,3141.71,3110.06,80174871.0,0.003,82888207000.0
2019-01-18,3124.5,3168.17,3171.69,3120.35,103963834.0,0.0039000000000000003,106780658500.0
2019-01-21,3170.88,3185.64,3199.21,3170.88,93915022.0,0.0034999999999999996,105536986600.0
2019-01-22,3181.95,3143.32,3181.95,3135.34,72990528.0,0.0027,78150876300.0
2019-01-23,3136.1,3141.05,3157.63,3131.87,59870478.0,0.0022,62669652000.0
2019-01-24,3146.6,3158.78,3165.63,3125.3,72934636.0,0.0027,80963877200.0
2019-01-25,3165.18,3184.47,3203.17,3164.41,83967729.0,0.0031,93207954700.0
2019-01-28,3203.12,3183.78,3228.87,3174.72,82622431.0,0.0031,97371496100.0
2019-01-29,3177.26,3193.97,3200.99,3148.23,77658334.0,0.0029,85943908600.0
2019-01-30,3181.66,3168.48,3202.9,3167.89,63746517.0,0.0024,73005123400.0
2019-01-31,3182.7,3201.63,3216.07,3178.01,86247839.0,0.0032,97509924800.0
2019-02-01,3225.73,3247.4,3247.5,3207.72,82019641.0,0.003,94766412800.0
2019-02-11,3239.81,3306.47,3307.06,3239.81,98818434.0,0.0037,114752354800.0
2019-02-12,3306.35,3330.34,3335.36,3298.63,122232462.0,0.0045000000000000005,122834101000.0
2019-02-13,3337.78,3397.03,3405.58,3329.14,163828332.0,0.0060999999999999995,168866262100.0
2019-02-14,3392.85,3402.14,3415.4,3381.98,151127290.0,0.005600000000000001,138649288000.0
2019-02-15,3391.24,3338.7,3395.03,3335.87,143668603.0,0.0053,141555060900.0
2019-02-18,3366.42,3445.74,3445.74,3366.42,182886089.0,0.0068000000000000005,180449742500.0
2019-02-19,3454.72,3439.61,3480.79,3419.07,179083785.0,0.0066,185762746600.0
2019-02-20,3449.93,3451.93,3463.77,3421.5,147390311.0,0.0055000000000000005,145570263100.0
2019-02-21,3450.14,3442.71,3500.25,3431.63,180143287.0,0.0067,185197154800.0
2019-02-22,3439.38,3520.12,3520.12,3417.98,187237974.0,0.0069,202869288700.0
2019-02-25,3575.85,3729.48,3729.48,3574.69,342557122.0,0.0127,376382393400.00006
2019-02-26,3734.71,3684.69,3762.11,3679.27,358038698.0,0.013300000000000001,387632860100.0
2019-02-27,3682.81,3678.39,3737.63,3638.33,286236007.0,0.0106,307306148100.0
2019-02-28,3675.26,3669.37,3695.46,3650.05,184810220.0,0.0068000000000000005,206010958200.0
2019-03-01,3699.22,3749.71,3749.71,3668.77,204711004.0,0.0076,235620623500.0
2019-03-04,3783.04,3794.1,3886.58,3764.78,323490126.0,0.012,376397284700.0
2019-03-05,3785.38,3816.01,3816.16,3770.79,230853166.0,0.0085,261464122200.0
2019-03-06,3822.86,3848.09,3855.16,3787.52,318077371.0,0.0118,331155616600.0
2019-03-07,3841.15,3808.85,3845.18,3778.8,329846548.0,0.012199999999999999,359339152900.0
2019-03-08,3721.4,3657.58,3774.54,3656.19,317990077.0,0.0118,349296691200.0
2019-03-11,3663.98,3729.95,3731.91,3650.81,230912865.0,0.0085,268718458800.0
2019-03-12,3758.32,3755.35,3804.72,3723.68,274926382.0,0.0102,325180619800.0
2019-03-13,3758.71,3724.19,3763.09,3708.81,233682248.0,0.0086,286171048200.0
2019-03-14,3710.29,3698.49,3747.82,3673.85,190817237.0,0.0070999999999999995,231820149400.0
2019-03-15,3713.94,3745.0,3782.24,3713.94,175174544.0,0.006500000000000001,224194362900.0
2019-03-18,3753.64,3851.75,3851.75,3733.68,216928060.0,0.008,276473448900.0
2019-03-19,3856.59,3833.96,3868.34,3815.22,181727110.0,0.0067,224096889600.0
2019-03-20,3825.34,3835.44,3855.15,3790.51,175632090.0,0.006500000000000001,215406993600.0
2019-03-21,3840.28,3836.89,3864.07,3823.47,196310310.0,0.0073,231993445600.0
2019-03-22,3838.13,3833.8,3845.58,3786.59,171356993.0,0.0063,198518386300.0
2019-03-25,3776.44,3742.83,3807.18,3741.61,198586329.0,0.0073,223396564400.0
2019-03-26,3766.53,3700.44,3770.84,3687.55,173046579.0,0.0064,196547811200.0
2019-03-27,3724.41,3743.39,3750.26,3703.45,138758454.0,0.0051,177507528400.0
2019-03-28,3731.06,3728.4,3755.72,3710.08,133272129.0,0.0049,172604392900.0
2019-03-29,3739.77,3872.34,3876.38,3739.77,215639103.0,0.008,283022298600.0
2019-04-01,3901.17,3973.93,3982.91,3901.17,271382704.0,0.01,340799403600.0
2019-04-02,3986.34,3971.29,3988.1,3956.51,226000341.0,0.0084,281892057000.0
2019-04-03,3947.87,4022.16,4026.5,3939.78,231917368.0,0.0086,284826495400.0
2019-04-04,4039.74,4062.23,4072.11,4021.71,260410939.0,0.0096,313539431400.0
2019-04-08,4097.1,4057.23,4122.6,4017.49,267505576.0,0.009899999999999999,324670452500.0
2019-04-09,4063.81,4075.43,4084.24,4038.28,182956808.0,0.0068000000000000005,243187913100.0
2019-04-10,4062.44,4085.85,4115.38,4035.47,194687613.0,0.0072,278282025100.0
2019-04-11,4083.46,3997.58,4097.13,3990.24,169049641.0,0.0062,236259156700.00003
2019-04-12,3986.78,3988.62,4006.93,3961.46,135862118.0,0.005,178795939100.0
2019-04-15,4056.49,3975.52,4085.39,3974.23,182645571.0,0.0067,236298721400.0
2019-04-16,3958.1,4085.79,4085.79,3943.49,202041966.0,0.0075,250569206700.00003
2019-04-17,4080.72,4087.24,4106.62,4057.5,180367117.0,0.0067,228824429899.99997
2019-04-18,4085.11,4072.08,4094.05,4056.24,146562123.0,0.0054,187812687800.0
2019-04-19,4076.3,4120.61,4120.64,4046.2,150794910.0,0.005600000000000001,194701690799.99997
2019-04-22,4125.97,4025.61,4126.09,4015.47,189353745.0,0.006999999999999999,244380549200.00003
2019-04-23,4021.63,4019.01,4061.09,4005.28,155611650.0,0.005699999999999999,204121505799.99997
2019-04-24,4033.63,4030.09,4044.34,3967.81,145498695.0,0.0054,186497961700.00003
2019-04-25,4013.6,3941.82,4022.56,3938.33,159722071.0,0.0059,197530997800.0
2019-04-26,3921.89,3889.27,3943.83,3887.25,142008068.0,0.0052,186572137100.0
2019-04-29,3896.58,3900.33,3953.23,3875.45,153870927.0,0.005699999999999999,203946553200.0
2019-04-30,3887.18,3913.21,3923.11,3885.15,116233376.0,0.0043,161665923900.0
2019-05-06,3775.08,3684.62,3791.61,3647.14,197472882.0,0.0073,254115400100.00003
2019-05-07,3702.27,3720.67,3738.18,3671.83,132847654.0,0.0049,183659159200.00003
2019-05-08,3648.55,3667.46,3722.93,3642.5,112867355.0,0.0040999999999999995,145058486400.0
2019-05-09,3637.35,3599.7,3656.9,3584.82,101037394.0,0.0037,141829095800.0
2019-05-10,3643.06,3730.45,3732.92,3589.29,148003847.0,0.0054,195067170799.99997
2019-05-13,3675.76,3668.73,3702.9,3658.0,103391860.0,0.0038,135053926700.0
2019-05-14,3630.44,3645.15,3683.26,3630.44,102313460.0,0.0038,135262868900.0
2019-05-15,3674.99,3727.09,3741.04,3674.99,110161769.0,0.004,152534546800.0
2019-05-16,3720.04,3743.96,3745.14,3707.9,116258274.0,0.0043,139851940100.0
2019-05-17,3744.88,3648.76,3745.36,3637.58,128453245.0,0.004699999999999999,154092349700.0
2019-05-20,3635.74,3617.79,3644.5,3583.83,108963477.0,0.004,134194262600.0
2019-05-21,3619.44,3666.78,3690.09,3610.68,111022920.0,0.0040999999999999995,133071381100.0
2019-05-22,3663.15,3649.38,3679.27,3634.75,98346128.0,0.0036,121775244200.0
2019-05-23,3629.53,3583.96,3631.47,3578.11,99897781.0,0.0037,125611969500.0
2019-05-24,3584.9,3593.91,3623.39,3580.79,80934048.0,0.003,101337496400.0
2019-05-27,3592.6,3637.2,3648.03,3556.26,108830871.0,0.004,133399053900.0
2019-05-28,3633.02,3672.26,3683.23,3627.79,117886240.0,0.0043,148966334700.0
2019-05-29,3642.54,3663.91,3693.23,3637.35,93355441.0,0.0034000000000000002,120002034200.0
2019-05-30,3648.85,3641.18,3650.97,3612.62,94202561.0,0.0034999999999999996,112864079300.0
2019-05-31,3641.0,3629.79,3668.18,3627.54,89222267.0,0.0033,108264201300.00002
2019-06-03,3640.61,3632.01,3672.81,3613.13,100723180.0,0.0037,123902446400.0
2019-06-04,3632.56,3598.47,3636.13,3584.46,87097094.0,0.0032,109467236500.0
2019-06-05,3627.79,3597.11,3634.45,3593.95,88642020.0,0.0032,114634228200.0
2019-06-06,3601.04,3564.68,3601.04,3557.02,85534403.0,0.0031,104367267700.0
2019-06-10,3578.01,3610.74,3623.73,3568.28,92375061.0,0.0034000000000000002,117346608900.0
2019-06-11,3617.52,3719.28,3723.14,3617.52,143482806.0,0.0052,180899072300.0
2019-06-12,3706.86,3691.1,3711.88,3683.94,119178853.0,0.0044,132296097899.99998
2019-06-13,3689.58,3685.39,3697.59,3654.27,96331718.0,0.0034999999999999996,110459901900.0
2019-06-14,3690.48,3654.88,3709.65,3650.91,101817004.0,0.0037,116584260600.0
2019-06-17,3654.44,3654.82,3683.77,3645.5,72976678.0,0.0027,93092581300.00002
2019-06-18,3661.13,3667.62,3675.65,3638.78,70692266.0,0.0026,89472839800.0
2019-06-19,3761.34,3715.94,3771.35,3715.13,125595715.0,0.0046,172574177800.0
2019-06-20,3718.94,3828.52,3845.79,3717.19,168872073.0,0.0062,227726982000.0
2019-06-21,3832.73,3833.94,3856.09,3817.31,153635155.0,0.005699999999999999,199961617600.00003
2019-06-24,3836.31,3841.27,3853.55,3819.77,100084621.0,0.0037,143644731700.0
2019-06-25,3837.43,3801.31,3838.06,3755.01,124075912.0,0.0046,169358793299.99997
2019-06-26,3779.51,3794.33,3809.76,3771.72,81820283.0,0.003,112106859000.0
2019-06-27,3807.54,3834.82,3854.08,3805.83,105316358.0,0.0039000000000000003,156483418200.0
2019-06-28,3832.06,3825.59,3835.23,3803.05,84766139.0,0.0031,116512050700.0
2019-07-01,3899.33,3935.81,3936.67,3886.91,158370340.0,0.0058,217470251100.0
2019-07-02,3931.05,3937.17,3942.43,3918.94,131863496.0,0.0049,173997045100.00003
2019-07-03,3927.44,3893.53,3927.44,3878.84,111992603.0,0.0040999999999999995,163145730900.0
2019-07-04,3895.2,3873.1,3906.89,3854.69,99342256.0,0.0037,142669255200.0
2019-07-05,3875.37,3893.2,3900.31,3857.93,74006527.0,0.0027,116236522100.00002
2019-07-08,3875.75,3802.79,3875.75,3775.03,109539086.0,0.004,147198419400.0
2019-07-09,3798.1,3793.13,3811.1,3774.76,74842732.0,0.0028000000000000004,113147603000.0
2019-07-10,3807.95,3786.74,3810.4,3774.23,72833948.0,0.0027,101355477000.0
2019-07-11,3806.19,3785.22,3830.74,3774.41,75311965.0,0.0028000000000000004,113674616199.99998
2019-07-12,3783.07,3808.73,3820.24,3774.52,75465967.0,0.0028000000000000004,107007924000.0
2019-07-15,3792.64,3824.19,3844.87,3745.86,101205222.0,0.0037,142493046600.0
2019-07-16,3819.25,3806.85,3828.33,3799.87,80730952.0,0.003,108449682800.0
2019-07-17,3800.11,3804.64,3820.27,3787.9,95183885.0,0.0034999999999999996,116766781100.0
2019-07-18,3793.19,3768.4,3793.39,3768.0,87496445.0,0.0032,111669365500.0
2019-07-19,3787.51,3807.96,3828.15,3787.51,88086149.0,0.0032,117797528200.0
2019-07-22,3813.5,3781.68,3816.54,3765.44,92101377.0,0.0034000000000000002,117810448100.0
2019-07-23,3783.54,3789.91,3792.96,3768.76,71313346.0,0.0026,103866608800.00002
2019-07-24,3803.59,3819.83,3840.06,3803.57,90940684.0,0.0033,129940587200.0
2019-07-25,3821.39,3851.07,3851.07,3812.95,93740417.0,0.0034000000000000002,125899502600.0
2019-07-26,3835.23,3858.57,3863.59,3832.52,83259300.0,0.0031,110929728699.99998
2019-07-29,3857.94,3854.27,3862.75,3842.43,84814370.0,0.0031,111679108800.00002
2019-07-30,3861.57,3870.32,3890.73,3861.57,94123955.0,0.0034999999999999996,120480280000.0
2019-07-31,3856.75,3835.36,3856.75,3830.09,82151155.0,0.003,111083892800.0
2019-08-01,3819.32,3803.47,3831.26,3791.55,84114180.0,0.0031,117649163900.0
2019-08-02,3729.13,3747.44,3754.53,3720.06,108335897.0,0.004,141874787600.0
2019-08-05,3724.41,3675.69,3739.5,3675.69,101325981.0,0.0037,133061101400.0
2019-08-06,3609.11,3636.33,3649.9,3575.86,129833871.0,0.0048,167267479600.0
2019-08-07,3654.63,3621.43,3659.08,3621.43,84238716.0,0.0031,108667668000.0
2019-08-08,3651.36,3669.29,3675.46,3646.94,88457707.0,0.0032,114981616100.0
2019-08-09,3686.75,3633.53,3689.18,3628.12,85295580.0,0.0031,116355690000.0
2019-08-12,3647.87,3699.1,3699.1,3643.32,82083056.0,0.003,121129345200.0
2019-08-13,3675.59,3665.75,3686.43,3658.01,76500302.0,0.0028000000000000004,103764319400.0
2019-08-14,3712.07,3682.4,3717.56,3680.61,91202590.0,0.0033,128301671100.0
2019-08-15,3618.01,3694.0,3694.3,3612.11,88598832.0,0.0032,119241082600.0
2019-08-16,3697.94,3710.54,3738.1,3687.08,88319169.0,0.0032,132696910300.0
2019-08-19,3736.03,3791.09,3791.09,3720.69,139327013.0,0.0051,195448939500.0
2019-08-20,3786.03,3787.73,3799.9,3778.73,108602088.0,0.004,149115340700.0
2019-08-21,3778.31,3781.76,3792.6,3775.45,82299880.0,0.003,121688505100.0
2019-08-22,3793.86,3793.51,3797.33,3771.2,85807792.0,0.0031,120708136100.0
2019-08-23,3796.88,3820.86,3829.36,3788.03,87954583.0,0.0032,137802154000.0
2019-08-26,3756.36,3765.91,3778.87,3753.16,93859269.0,0.0034000000000000002,142350985500.0
2019-08-27,3791.46,3816.95,3848.24,3790.87,124731478.0,0.0046,181748784100.0
2019-08-28,3818.81,3802.58,3822.59,3790.14,88750812.0,0.0032,137667277200.0
2019-08-29,3805.49,3790.19,3808.6,3774.4,84083387.0,0.0031,126475676600.0
2019-08-30,3816.68,3799.59,3828.97,3778.92,96695150.0,0.0034999999999999996,152408668700.0
2019-09-02,3803.69,3848.32,3855.78,3799.82,110289349.0,0.004,164994458600.0
2019-09-03,3852.58,3853.61,3856.68,3833.76,97714631.0,0.0036,146270633800.0
2019-09-04,3848.65,3886.0,3886.0,3846.42,126628615.0,0.0046,176839744800.0
2019-09-05,3909.21,3925.32,3970.0,3909.21,181656231.0,0.0066,244681225500.0
2019-09-06,3946.69,3948.51,3948.54,3922.34,121882376.0,0.0045000000000000005,181718270000.0
2019-09-09,3980.96,3972.95,3985.24,3954.88,146809754.0,0.0054,209545387200.0
2019-09-10,3976.87,3959.26,3976.92,3938.74,130889386.0,0.0048,184494349899.99997
2019-09-11,3969.68,3930.1,3971.22,3922.95,131594875.0,0.0048,190165007500.0
2019-09-12,3944.69,3972.38,3975.93,3933.44,110241273.0,0.004,156750653100.0
2019-09-16,3981.36,3957.72,3982.2,3943.37,110259805.0,0.004,154736552300.0
2019-09-17,3947.16,3891.22,3947.16,3879.49,113694317.0,0.0042,154899299900.0
2019-09-18,3902.99,3910.08,3923.15,3902.51,82056152.0,0.003,130159557700.0
2019-09-19,3923.96,3924.38,3924.38,3897.07,85984238.0,0.0031,127421791199.99998
2019-09-20,3933.46,3935.65,3942.22,3921.41,103455955.0,0.0038,153162588500.0
2019-09-23,3925.19,3890.66,3925.19,3868.21,94036225.0,0.0034000000000000002,139223506500.0
2019-09-24,3895.87,3901.08,3927.01,3886.14,87783230.0,0.0032,142341399700.0
2019-09-25,3887.55,3870.98,3889.84,3867.23,89520835.0,0.0033,133224463600.0
2019-09-26,3884.7,3841.14,3890.75,3840.25,102698301.0,0.0038,150806750000.0
2019-09-27,3843.46,3852.65,3859.5,3832.25,74003947.0,0.0027,109130484000.0
2019-09-30,3842.07,3814.53,3857.23,3813.55,65931313.0,0.0024,100487271100.0
2019-10-08,3818.59,3837.68,3861.64,3818.59,76657860.0,0.0028000000000000004,118365682500.0
2019-10-09,3822.61,3843.24,3845.34,3805.07,75854512.0,0.0028000000000000004,112406207000.0
2019-10-10,3838.49,3874.64,3877.14,3829.43,79222694.0,0.0029,127474042899.99998
2019-10-11,3885.52,3911.73,3922.37,3868.84,93412577.0,0.0034000000000000002,139817298300.0
2019-10-14,3944.86,3953.24,3983.81,3934.73,122393611.0,0.0045000000000000005,167857131200.0
2019-10-15,3953.16,3936.25,3953.16,3928.15,85273949.0,0.0031,125117107000.0
2019-10-16,3939.28,3922.69,3964.05,3919.02,83229707.0,0.003,128558533500.0
2019-10-17,3929.39,3925.22,3935.81,3913.92,64863745.0,0.0024,99991850399.99998
2019-10-18,3935.42,3869.38,3940.54,3864.97,82321140.0,0.003,122186927100.00002
2019-10-21,3865.34,3880.84,3884.74,3856.04,74182918.0,0.0027,110858235800.0
2019-10-22,3896.31,3895.88,3897.44,3870.55,68918566.0,0.0025,102843371199.99998
2019-10-23,3892.68,3871.08,3901.42,3862.2,70198625.0,0.0026,99733598400.0
2019-10-24,3877.92,3870.67,3890.2,3852.58,71334575.0,0.0026,105096951600.0
2019-10-25,3871.77,3896.79,3899.72,3849.03,77453620.0,0.0028000000000000004,126677484000.0
2019-10-28,3904.98,3926.59,3927.8,3897.82,97406020.0,0.0034999999999999996,150762201700.0
2019-10-29,3929.71,3910.23,3932.37,3910.23,82257075.0,0.003,139611420300.0
2019-10-30,3904.72,3891.23,3908.1,3883.45,77872923.0,0.0028000000000000004,122610501700.0
2019-10-31,3906.86,3886.75,3907.15,3878.88,86714539.0,0.0032,135012425500.0
2019-11-01,3883.81,3952.39,3956.08,3876.42,100689612.0,0.0037,151471061300.0
2019-11-04,3964.01,3978.12,3985.36,3964.01,104193855.0,0.0038,154485361800.0
2019-11-05,3982.12,4002.81,4030.64,3970.87,112911880.0,0.0040999999999999995,163317856100.0
2019-11-06,4006.33,3984.88,4007.5,3973.78,97312952.0,0.0034999999999999996,139859763500.0
2019-11-07,3984.55,3991.88,4005.38,3975.55,87254898.0,0.0032,117751554300.0
2019-11-08,4017.67,3973.01,4022.04,3971.57,97106948.0,0.0034999999999999996,139026673400.0
2019-11-11,3948.62,3902.98,3948.62,3897.55,94155621.0,0.0034000000000000002,130330082300.0
2019-11-12,3905.96,3903.69,3914.88,3877.74,76543069.0,0.0028000000000000004,108828235800.0
2019-11-13,3905.28,3899.98,3908.42,3882.43,76749078.0,0.0028000000000000004,112057146500.0
2019-11-14,3905.93,3905.86,3916.95,3895.14,87008446.0,0.0032,119791566800.0
2019-11-15,3908.49,3877.09,3915.11,3877.09,83730917.0,0.003,115423020900.0
2019-11-18,3874.44,3907.93,3913.1,3868.32,76645993.0,0.0028000000000000004,107085819900.0
2019-11-19,3904.1,3947.04,3947.04,3902.38,82161025.0,0.003,123227172600.0
2019-11-20,3940.13,3907.86,3943.23,3901.99,76815333.0,0.0028000000000000004,118003062700.0
2019-11-21,3894.54,3889.6,3901.83,3875.97,69130538.0,0.0025,104147769300.0
2019-11-22,3894.17,3849.99,3918.84,3833.5,91042639.0,0.0033,146981162100.0
2019-11-25,3850.97,3878.21,3878.25,3839.42,106066289.0,0.0038,140851076300.0
2019-11-26,3893.43,3891.65,3899.11,3869.59,111513537.0,0.004,140213633100.0
2019-11-27,3883.43,3875.62,3889.98,3862.7,76437305.0,0.0028000000000000004,107238822000.0
2019-11-28,3877.9,3862.3,3887.69,3852.01,65230119.0,0.0024,87081788900.0
2019-11-29,3857.19,3828.67,3861.66,3804.83,74144331.0,0.0027,116200556900.0
2019-12-02,3835.51,3836.06,3854.75,3829.31,77412173.0,0.0028000000000000004,109992592500.0
2019-12-03,3829.21,3851.09,3851.12,3811.63,73611240.0,0.0027,108703715000.0
2019-12-04,3841.66,3849.82,3852.99,3831.07,79683385.0,0.0029,109646342800.0
2019-12-05,3863.61,3879.36,3883.4,3859.82,89051193.0,0.0032,129357592800.0
2019-12-06,3885.06,3902.39,3902.39,3878.7,78648887.0,0.0028000000000000004,116424775800.0
2019-12-09,3909.53,3895.45,3911.97,3885.25,95353806.0,0.0034999999999999996,130873098200.0
2019-12-10,3886.44,3900.38,3900.96,3882.09,86262928.0,0.0031,121118412800.0
2019-12-11,3907.16,3902.75,3909.39,3890.34,99765480.0,0.0036,127690403400.0
2019-12-12,3908.45,3891.02,3908.45,3886.12,84708330.0,0.0031,117874313699.99998
2019-12-13,3928.0,3968.22,3969.46,3925.28,148571349.0,0.0054,201018885799.99997
2019-12-16,3970.71,3987.55,3987.59,3953.51,148486670.0,0.0054,202154895300.0
2019-12-17,3987.74,4041.8,4067.14,3984.52,201162937.0,0.0073,251637865300.0
2019-12-18,4039.72,4032.78,4057.64,4025.34,151351764.0,0.0055000000000000005,197620207500.0
2019-12-19,4034.62,4027.15,4038.54,4014.9,117900558.0,0.0043,152553809100.0
2019-12-20,4032.15,4017.25,4046.73,4014.93,121267662.0,0.0044,158460232400.0
2019-12-23,4014.69,3967.1,4032.17,3964.38,122816246.0,0.0045000000000000005,162048261500.0
2019-12-24,3971.56,3992.96,3994.51,3963.67,95989045.0,0.0034999999999999996,122499163300.0
2019-12-25,3988.66,3990.87,4000.56,3976.36,94938890.0,0.0034999999999999996,131896467000.0
2019-12-26,3993.67,4025.99,4025.99,3993.54,108860640.0,0.004,140814968200.0
2019-12-27,4029.25,4022.03,4066.8,4019.72,150926411.0,0.0055000000000000005,195090417000.0
2019-12-30,4015.52,4081.63,4083.69,4001.5,155971488.0,0.005699999999999999,216814660000.0
2019-12-31,4077.75,4096.58,4098.14,4069.01,123264258.0,0.0045000000000000005,173119348500.0
2020-01-02,4121.35,4152.24,4172.66,4121.35,182116772.0,0.0066,270105532000.0
2020-01-03,4161.22,4144.96,4164.3,4131.86,142826244.0,0.0052,215216288299.99997
2020-01-06,4120.52,4129.3,4170.64,4102.38,175309953.0,0.0064,250182071300.0
2020-01-07,4137.4,4160.23,4161.25,4135.1,139489031.0,0.0051,196389059700.0
2020-01-08,4139.63,4112.32,4149.81,4101.98,167585850.0,0.0060999999999999995,212406263900.0
2020-01-09,4145.53,4164.37,4165.66,4143.59,136886324.0,0.005,200150352900.0
2020-01-10,4177.58,4163.19,4180.98,4148.48,113031719.0,0.0040999999999999995,177827413700.0
2020-01-13,4166.93,4203.99,4203.99,4148.6,119691982.0,0.0044,199795489700.0
2020-01-14,4215.16,4189.89,4223.51,4188.08,129320783.0,0.004699999999999999,196221263400.0
2020-01-15,4186.88,4166.73,4193.87,4150.88,104633136.0,0.0038,163081930600.0
2020-01-16,4174.82,4149.04,4175.29,4142.18,100267642.0,0.0037,156242505800.0
2020-01-17,4162.19,4154.85,4177.03,4141.65,98725682.0,0.0036,166591591600.0
2020-01-20,4170.74,4185.83,4185.96,4149.49,122409147.0,0.0045000000000000005,202692287399.99997
2020-01-21,4165.02,4114.31,4165.02,4113.33,130527507.0,0.004699999999999999,204586880500.0
2020-01-22,4093.8,4131.93,4141.18,4046.49,126758763.0,0.0046,208136150799.99997
2020-01-23,4093.32,4003.9,4103.52,3972.39,160357603.0,0.0058,250409357700.0
2020-02-03,3639.91,3688.36,3732.16,3639.91,157559647.0,0.005699999999999999,243303105400.0
2020-02-04,3652.0,3785.64,3786.86,3652.0,213933328.0,0.0077,298165767600.0
2020-02-05,3801.1,3828.53,3866.01,3781.61,174925524.0,0.0063,264042920900.0
2020-02-06,3841.75,3899.78,3914.92,3806.96,176462235.0,0.0064,262820088500.0
2020-02-07,3879.55,3899.87,3899.88,3849.71,151731759.0,0.0055000000000000005,237508816300.0
2020-02-10,3872.37,3916.01,3920.17,3861.01,148406969.0,0.0054,229625441900.0
2020-02-11,3926.42,3952.46,3970.52,3915.71,143441674.0,0.0052,219307119400.0
2020-02-12,3945.67,3984.43,3984.43,3940.67,126710321.0,0.0046,200776706600.0
2020-02-13,3985.88,3959.92,3999.55,3950.14,145001843.0,0.0053,228605964800.0
2020-02-14,3954.23,3987.73,4001.56,3954.02,143239803.0,0.0052,222895073600.0
2020-02-17,3999.65,4077.42,4077.45,3999.65,182778969.0,0.0066,273067817300.0
2020-02-18,4069.83,4057.51,4076.39,4027.79,163236220.0,0.0059,242552517300.0
2020-02-19,4049.59,4051.31,4085.17,4042.85,169046441.0,0.0060999999999999995,257554535700.0
2020-02-20,4062.9,4144.66,4148.53,4055.81,212232624.0,0.0077,310835589200.0
2020-02-21,4134.87,4149.49,4184.44,4130.17,217213604.0,0.0078000000000000005,326564003600.0
2020-02-24,4131.84,4132.84,4149.01,4097.18,212869303.0,0.0077,326387800600.0
2020-02-25,4066.3,4123.85,4126.71,4020.91,244167831.0,0.0088,372213717000.0
2020-02-26,4070.1,4073.02,4132.78,4061.13,261094061.0,0.009399999999999999,366022417900.0
2020-02-27,4084.08,4084.88,4110.53,4067.44,181290981.0,0.006500000000000001,282050206400.0
2020-02-28,3988.73,3940.05,4031.15,3928.07,230275093.0,0.0083,330358907300.0
2020-03-02,3968.84,4069.67,4092.54,3968.84,219313559.0,0.0079,317426205500.0
2020-03-03,4125.14,4091.36,4147.65,4067.91,219369777.0,0.0079,330802584600.0
2020-03-04,4078.5,4115.05,4115.26,4060.73,182424730.0,0.0066,281784863800.0
2020-03-05,4150.21,4206.73,4215.85,4127.04,231823115.0,0.0084,362838831800.0
2020-03-06,4158.2,4138.51,4181.31,4135.39,172475717.0,0.0062,253168632000.0
2020-03-09,4063.08,3997.13,4063.08,3995.13,208102035.0,0.0075,305428730300.0
2020-03-10,3975.23,4082.73,4093.0,3954.75,197416402.0,0.0070999999999999995,296184435900.0
2020-03-11,4090.93,4028.43,4091.27,4028.4,161656111.0,0.0058,244990872700.0
2020-03-12,3976.11,3950.91,3987.43,3926.27,157060458.0,0.005699999999999999,233152848800.0
2020-03-13,3771.01,3895.31,3937.18,3765.15,188296722.0,0.0068000000000000005,280213453200.0
2020-03-16,3899.86,3727.84,3899.86,3720.51,185968260.0,0.0067,282836238300.0
2020-03-17,3739.78,3709.68,3786.89,3618.31,166246129.0,0.006,250824025700.0
2020-03-18,3729.69,3636.26,3775.85,3636.26,155037547.0,0.005600000000000001,244127161500.0
2020-03-19,3623.79,3589.09,3647.99,3503.19,180807407.0,0.006500000000000001,271827468000.0
2020-03-20,3629.51,3653.22,3663.95,3588.78,139603000.0,0.005,211223073299.99997
2020-03-23,3542.68,3530.31,3585.8,3523.79,137108790.0,0.0049,197669625000.0
2020-03-24,3598.65,3625.11,3627.76,3545.45,143103021.0,0.0052,208553840700.0
2020-03-25,3711.48,3722.52,3732.65,3685.99,153495958.0,0.0055000000000000005,231561518800.0
2020-03-26,3692.61,3698.05,3736.25,3681.27,112310665.0,0.004,169336311900.0
2020-03-27,3746.39,3710.06,3758.78,3709.92,124060995.0,0.0045000000000000005,186103426300.0
2020-03-30,3657.46,3674.11,3690.64,3637.59,126876673.0,0.0046,180640799400.0
2020-03-31,3708.14,3686.16,3716.07,3676.2,111453025.0,0.004,161595510000.0
2020-04-01,3682.3,3675.08,3731.78,3670.97,119352620.0,0.0043,170422568800.0
2020-04-02,3656.32,3734.53,3734.53,3652.32,115168209.0,0.0040999999999999995,168893255700.0
2020-04-03,3721.48,3713.22,3738.83,3698.98,99825083.0,0.0036,150132815000.0
2020-04-07,3779.91,3798.02,3803.63,3772.21,142778030.0,0.0051,207642820300.0
2020-04-08,3776.42,3780.34,3793.0,3767.29,111389513.0,0.004,161576772300.0
2020-04-09,3798.49,3792.81,3801.72,3785.31,100485032.0,0.0036,154595318800.0
2020-04-10,3794.84,3769.18,3824.74,3758.96,102444956.0,0.0037,162251233800.0
2020-04-13,3751.71,3753.26,3769.88,3740.19,79053343.0,0.0028000000000000004,119874303200.0
2020-04-14,3777.83,3825.7,3825.76,3764.98,110637585.0,0.004,170612579800.0
2020-04-15,3820.85,3797.36,3829.8,3793.44,108461984.0,0.0039000000000000003,169700216600.0
2020-04-16,3777.8,3802.38,3807.36,3774.56,95947965.0,0.0034999999999999996,147164302100.0
2020-04-17,3831.92,3839.49,3863.45,3821.42,132004301.0,0.004699999999999999,203595267000.0
2020-04-20,3845.46,3853.46,3853.8,3831.55,100013115.0,0.0036,151924090100.0
2020-04-21,3838.23,3808.05,3838.23,3780.0,102921888.0,0.0037,155077454100.0
2020-04-22,3789.13,3839.38,3839.38,3782.21,85899464.0,0.0031,135547280800.0
2020-04-23,3851.91,3829.75,3857.47,3826.56,95508450.0,0.0034000000000000002,142122548800.0
2020-04-24,3826.31,3796.97,3827.21,3787.07,94844135.0,0.0034000000000000002,138961200300.0
2020-04-27,3808.02,3822.77,3842.87,3793.77,95462735.0,0.0034000000000000002,145301151900.0
2020-04-28,3835.35,3849.15,3859.68,3768.2,122093476.0,0.0044,184179759200.00003
2020-04-29,3837.51,3867.03,3880.74,3833.72,95854590.0,0.0034000000000000002,151282103700.0
2020-04-30,3880.41,3912.58,3921.7,3880.41,132917125.0,0.0048,202268288800.0
2020-05-06,3867.26,3936.25,3937.69,3865.99,139855675.0,0.005,214935962399.99997
2020-05-07,3937.59,3924.89,3941.48,3915.9,105514646.0,0.0038,167207801800.0
2020-05-08,3943.0,3963.62,3979.66,3935.98,116943341.0,0.0042,190299584700.0
2020-05-11,3974.76,3960.18,3998.1,3944.5,122673803.0,0.0044,193758093900.0
2020-05-12,3961.34,3960.24,3970.11,3930.21,98250554.0,0.0034999999999999996,157465780100.0
2020-05-13,3946.64,3968.25,3972.53,3932.57,88190669.0,0.0032,145563383300.0
2020-05-14,3952.2,3925.22,3952.2,3924.05,88530004.0,0.0032,143499177700.0
2020-05-15,3941.13,3912.82,3945.2,3907.4,92618382.0,0.0033,153301505100.0
2020-05-18,3914.66,3922.91,3946.43,3898.4,112801762.0,0.0040999999999999995,188528121400.0
2020-05-19,3963.78,3956.25,3966.85,3944.07,94015291.0,0.0034000000000000002,159886222400.0
2020-05-20,3955.71,3935.22,3955.71,3923.92,100791150.0,0.0036,157102533300.0
2020-05-21,3950.6,3913.79,3951.74,3907.58,94861033.0,0.0034000000000000002,149154142300.0
2020-05-22,3907.58,3824.06,3907.58,3818.15,103378360.0,0.0037,157286505000.0
2020-05-25,3828.32,3829.32,3835.63,3800.18,79033326.0,0.0028000000000000004,127011917700.0
2020-05-26,3850.0,3872.77,3874.75,3844.48,77448076.0,0.0028000000000000004,125445619300.0
2020-05-27,3873.7,3845.61,3873.7,3838.42,83711831.0,0.003,123737501199.99998
2020-05-28,3848.49,3856.63,3885.42,3818.43,93064054.0,0.0033,139108407800.0
2020-05-29,3838.38,3867.02,3872.3,3830.42,93813832.0,0.0034000000000000002,135658136000.0
2020-06-01,3901.73,3971.34,3976.32,3901.73,136456652.0,0.0049,208436512900.0
2020-06-02,3969.95,3983.57,3991.78,3958.98,144303060.0,0.0052,195563304300.0
2020-06-03,4001.17,3983.65,4018.68,3982.93,136597483.0,0.0049,200882767700.0
2020-06-04,3998.16,3982.19,3999.81,3968.57,104277737.0,0.0037,149057855800.0
2020-06-05,3988.22,4001.25,4001.25,3967.93,102443942.0,0.0037,154311343000.0
2020-06-08,4023.61,4021.95,4050.22,4016.1,137925813.0,0.0049,193047518700.0
2020-06-09,4027.56,4047.03,4052.16,4016.34,115304479.0,0.0040999999999999995,166533966000.0
2020-06-10,4046.23,4039.71,4046.23,4024.42,112265728.0,0.004,166778642400.0
2020-06-11,4031.74,3995.88,4043.01,3979.75,127308941.0,0.0046,197079441900.0
2020-06-12,3931.62,4003.08,4011.06,3927.25,134166649.0,0.0048,193504046700.00003
2020-06-15,3982.97,3954.99,4007.14,3954.99,131297860.0,0.0048,211125336100.0
2020-06-16,3995.58,4014.57,4014.57,3987.86,111051539.0,0.004,185104029200.00003
2020-06-17,4018.61,4017.59,4018.61,3992.13,105605799.0,0.0038,176977503600.0
2020-06-18,4009.78,4044.38,4047.56,4000.9,138148761.0,0.005,210192918100.0
2020-06-19,4047.05,4098.71,4109.36,4043.49,152946990.0,0.005600000000000001,255549797300.0
2020-06-22,4097.51,4102.05,4126.94,4088.78,155829465.0,0.005699999999999999,259200520700.0
2020-06-23,4098.04,4121.79,4124.73,4080.75,129229510.0,0.004699999999999999,234806510799.99997
2020-06-24,4128.1,4138.99,4144.68,4123.36,121712465.0,0.0044,224551430000.0
2020-06-29,4127.93,4109.72,4137.37,4092.54,130865854.0,0.004699999999999999,226522059800.0
2020-06-30,4130.0,4163.96,4174.42,4129.78,125933521.0,0.0046,227935704500.0
2020-07-01,4172.64,4247.78,4247.78,4163.5,169990456.0,0.0062,305711799800.0
2020-07-02,4239.41,4335.84,4340.1,4238.12,252939368.0,0.0092,399571526700.0
2020-07-03,4353.19,4419.6,4419.6,4348.45,290485539.0,0.0105,442335024300.0
2020-07-06,4465.81,4670.09,4678.11,4465.81,405821025.0,0.0147,597438217700.0
2020-07-07,4739.61,4698.13,4796.32,4688.06,406008553.0,0.0147,635254742700.0
2020-07-08,4692.86,4774.0,4803.36,4670.65,348074847.0,0.0126,532849826000.0
2020-07-09,4770.08,4840.77,4854.12,4757.29,351046893.0,0.0127,556718732100.0
2020-07-10,4796.09,4753.13,4821.37,4734.47,316949651.0,0.0115,510472055100.0
2020-07-13,4742.37,4852.96,4878.08,4741.87,321645446.0,0.011699999999999999,541105098700.0
2020-07-14,4836.17,4806.69,4860.44,4729.93,297241985.0,0.0108,511211048200.0
2020-07-15,4821.52,4744.47,4837.48,4723.36,272389006.0,0.009899999999999999,486748347700.00006
2020-07-16,4741.53,4516.25,4772.56,4513.65,284657133.0,0.0103,511237962900.0
2020-07-17,4524.77,4544.7,4601.37,4485.82,207375563.0,0.0075,372973887000.0
2020-07-20,4597.2,4680.3,4681.94,4534.23,246068914.0,0.0089,416714222299.99994
2020-07-21,4697.5,4691.04,4714.29,4661.44,200415659.0,0.0073,356069805800.0
2020-07-22,4682.66,4714.45,4790.45,4675.35,224199211.0,0.008100000000000001,386470859900.0
2020-07-23,4668.74,4712.44,4731.4,4607.66,234314569.0,0.0085,405175268700.0
2020-07-24,4679.03,4505.59,4691.7,4479.39,243905203.0,0.0088,437726712299.99994
2020-07-27,4535.01,4528.45,4558.12,4482.44,171420551.0,0.0062,301893370200.0
2020-07-28,4567.67,4568.26,4590.25,4537.69,162768498.0,0.0059,292835785300.0
2020-07-29,4559.16,4679.01,4680.56,4548.85,186695305.0,0.0068000000000000005,350432649200.0
2020-07-30,4689.76,4656.15,4704.63,4649.77,166967566.0,0.006,324009242700.0
2020-07-31,4652.18,4695.05,4741.81,4621.96,184839026.0,0.0067,351119312400.0
2020-08-03,4735.9,4771.31,4771.37,4720.02,214776239.0,0.0078000000000000005,401914824900.0
2020-08-04,4778.49,4775.8,4807.08,4747.77,239974985.0,0.0087,426411345900.00006
2020-08-05,4761.76,4777.11,4786.7,4711.27,196700548.0,0.0070999999999999995,347407839400.0
2020-08-06,4779.24,4762.76,4791.86,4691.16,227854406.0,0.008199999999999999,404323404000.0
2020-08-07,4742.29,4707.93,4749.02,4637.84,213518216.0,0.0077,397041212800.0
2020-08-10,4681.76,4724.87,4757.66,4646.29,203788832.0,0.0074,371297560000.0
2020-08-11,4730.38,4681.78,4791.53,4674.86,205546511.0,0.0074,350828586200.0
2020-08-12,4668.89,4647.64,4681.62,4566.27,202887239.0,0.0073,347298673200.0
2020-08-13,4666.49,4635.71,4671.77,4626.1,152550092.0,0.0055000000000000005,250945872600.00003
2020-08-14,4627.61,4704.63,4708.07,4617.63,147292921.0,0.0053,254343934300.0
2020-08-17,4727.12,4815.23,4838.09,4721.36,268001556.0,0.0097,416469154900.0
2020-08-18,4816.57,4812.76,4825.39,4788.83,189139854.0,0.0068000000000000005,314395904500.0
2020-08-19,4804.67,4740.68,4809.05,4738.01,192442948.0,0.006999999999999999,319403284700.0
2020-08-20,4708.13,4679.15,4721.44,4662.8,158368639.0,0.005699999999999999,260486563500.0
2020-08-21,4717.79,4718.84,4739.48,4684.81,142657864.0,0.0052,251775160200.0
2020-08-24,4746.4,4755.85,4769.47,4716.61,151143512.0,0.0055000000000000005,272428686400.0
2020-08-25,4769.21,4761.95,4802.41,4746.31,141701351.0,0.0051,262308788299.99997
2020-08-26,4761.72,4706.13,4786.42,4689.88,151305180.0,0.0055000000000000005,277456360600.0
2020-08-27,4718.06,4731.35,4731.94,4679.36,119042850.0,0.0043,223631511400.0
2020-08-28,4727.29,4844.27,4850.49,4719.35,159399765.0,0.005699999999999999,305047882500.0
2020-08-31,4870.93,4816.22,4901.21,4816.21,202567029.0,0.0073,357005064600.0
2020-09-01,4803.39,4842.12,4842.13,4791.78,138395402.0,0.005,262018070600.0
2020-09-02,4859.08,4843.89,4863.55,4797.52,157989524.0,0.005699999999999999,280778613800.0
2020-09-03,4841.5,4817.1,4877.01,4800.06,145671201.0,0.0052,279411988800.0
2020-09-04,4737.24,4770.22,4778.2,4726.56,120032796.0,0.0043,238463337900.0
2020-09-07,4759.52,4669.37,4789.3,4655.56,148607791.0,0.0054,282316394100.0
2020-09-08,4683.83,4694.39,4707.9,4639.05,139199227.0,0.005,249198138100.0
2020-09-09,4634.25,4584.59,4645.2,4558.03,162277107.0,0.0058,244905191900.0
2020-09-10,4632.1,4581.98,4647.75,4572.21,150652878.0,0.0054,226146354800.0
2020-09-11,4572.26,4627.28,4630.88,4563.11,115302424.0,0.0042,198240927300.0
2020-09-14,4652.05,4651.05,4666.99,4625.99,107235179.0,0.0039000000000000003,211653411800.0
2020-09-15,4649.45,4688.48,4691.5,4630.54,101915925.0,0.0037,194573684100.0
2020-09-16,4683.01,4657.36,4690.68,4638.46,108753641.0,0.0039000000000000003,196120184899.99997
2020-09-17,4642.05,4632.71,4664.95,4601.64,105983631.0,0.0038,214146647300.0
2020-09-18,4636.64,4737.09,4737.8,4631.7,160426475.0,0.0058,281885944200.0
2020-09-21,4750.75,4691.43,4752.98,4688.72,124535827.0,0.0045000000000000005,224137912700.0
2020-09-22,4654.22,4635.76,4706.21,4622.11,119672947.0,0.0043,202909215500.0
2020-09-23,4639.66,4652.33,4665.96,4623.55,95826528.0,0.0034000000000000002,190393472300.0
2020-09-24,4623.95,4563.07,4631.95,4562.21,112593683.0,0.004,193515873700.0
2020-09-25,4582.48,4570.02,4599.54,4554.72,93015155.0,0.0033,167457377000.0
2020-09-28,4582.65,4581.91,4613.63,4571.15,85048389.0,0.0031,159314675400.0
2020-09-29,4608.29,4591.8,4616.68,4586.35,85993858.0,0.0031,159937888500.0
2020-09-30,4607.58,4587.4,4634.72,4563.41,89081200.0,0.0032,165532220900.0
2020-10-09,4663.61,4681.14,4695.4,4655.09,111337512.0,0.004,229926731500.0
2020-10-12,4705.19,4823.16,4823.27,4704.16,155784558.0,0.005600000000000001,307848558000.0
2020-10-13,4812.9,4839.2,4845.92,4795.37,116516338.0,0.0042,242172567200.0
2020-10-14,4830.46,4807.1,4830.46,4795.91,111906923.0,0.004,229836207200.0
2020-10-15,4810.78,4798.74,4833.89,4796.26,109964962.0,0.004,213878285000.0
2020-10-16,4798.92,4791.68,4825.55,4765.97,116716102.0,0.0042,204175130700.0
2020-10-19,4823.49,4755.49,4849.61,4747.34,129246361.0,0.0046,225392198200.0
2020-10-20,4751.37,4793.47,4793.47,4739.46,98048156.0,0.0034999999999999996,185849198000.0
2020-10-21,4801.63,4792.83,4801.63,4758.86,103805703.0,0.0037,189978697000.0
2020-10-22,4780.6,4777.98,4791.81,4725.5,101350891.0,0.0036,194614971200.0
2020-10-23,4775.47,4718.49,4802.46,4717.1,106825184.0,0.0038,200985822000.0
2020-10-26,4684.05,4691.24,4713.39,4639.3,108343275.0,0.0039000000000000003,205518988299.99997
2020-10-27,4680.14,4699.28,4708.46,4671.85,92656304.0,0.0033,186675545700.0
2020-10-28,4703.0,4737.27,4753.31,4685.6,108463402.0,0.0039000000000000003,226754264100.0
2020-10-29,4683.61,4772.92,4803.03,4679.25,117117250.0,0.0042,252303505000.0
2020-10-30,4776.47,4695.33,4778.51,4683.47,139802303.0,0.005,280783321700.0
2020-11-02,4702.75,4720.83,4738.02,4695.44,142867693.0,0.0051,279027685200.0
2020-11-03,4743.17,4777.56,4793.4,4734.17,136055408.0,0.0049,252390556300.0
2020-11-04,4781.45,4813.66,4825.46,4770.56,114661806.0,0.0040999999999999995,230513773000.0
2020-11-05,4861.34,4885.11,4885.11,4838.0,139244594.0,0.005,281951932400.0
2020-11-06,4897.63,4885.72,4897.63,4845.43,153639034.0,0.0055000000000000005,305365103700.0
2020-11-09,4918.86,4981.35,4997.8,4918.86,197131984.0,0.006999999999999999,371923282100.0
2020-11-10,4995.41,4953.88,4995.41,4928.93,176267214.0,0.0063,334271460000.0
2020-11-11,4937.76,4904.9,4957.58,4901.71,164470515.0,0.0059,303858558000.0
2020-11-12,4916.77,4908.46,4926.34,4891.51,118114619.0,0.0042,227645907100.0
2020-11-13,4886.98,4856.85,4886.98,4825.76,133693079.0,0.0048,255353111700.00003
2020-11-16,4880.96,4904.17,4904.17,4848.62,148770980.0,0.0053,266705031700.00003
2020-11-17,4903.12,4894.79,4909.29,4865.39,151487464.0,0.0054,288911408600.0
2020-11-18,4889.67,4891.67,4911.09,4870.72,164216616.0,0.0059,290727223200.0
2020-11-19,4880.92,4927.99,4939.79,4870.2,133681378.0,0.0048,247727135000.0
2020-11-20,4928.22,4943.29,4947.43,4922.59,129400341.0,0.0046,229053679200.00003
2020-11-23,4954.6,5005.03,5029.65,4940.45,205915187.0,0.0073,333633826400.0
2020-11-24,4997.05,4974.29,5001.06,4960.98,156637911.0,0.005600000000000001,264804443299.99997
2020-11-25,4992.75,4910.7,5004.77,4910.7,170340527.0,0.0060999999999999995,277070643000.0
2020-11-26,4908.32,4919.59,4925.29,4867.82,137202338.0,0.0049,239748145500.0
2020-11-27,4930.59,4980.77,4980.77,4917.35,162952922.0,0.0058,253178971200.0
2020-11-30,4994.11,4960.25,5055.19,4960.25,262638950.0,0.009300000000000001,396495834400.0
2020-12-01,4963.13,5067.1,5072.55,4963.13,204065638.0,0.0073,328451014400.0
2020-12-02,5072.98,5067.14,5090.61,5043.31,195435476.0,0.006999999999999999,310609728800.0
2020-12-03,5065.45,5057.06,5072.3,5033.79,177865748.0,0.0063,275335207400.0
2020-12-04,5049.52,5065.92,5072.39,5017.85,144347167.0,0.0051,257798820700.0
2020-12-07,5065.73,5022.23,5067.87,5014.61,139896217.0,0.005,264657773900.0
2020-12-08,5029.11,5009.88,5043.06,4998.92,123073029.0,0.0044,234880648400.0
2020-12-09,5022.38,4942.7,5033.64,4942.52,138916965.0,0.0049,260772774200.00003
2020-12-10,4931.29,4940.52,4962.74,4919.77,125914270.0,0.0045000000000000005,229651278400.0
2020-12-11,4957.82,4889.63,4957.82,4849.35,159357697.0,0.005699999999999999,275212730100.0
2020-12-14,4903.63,4934.84,4937.26,4887.66,120801552.0,0.0044,247878279700.0
2020-12-15,4931.6,4945.1,4954.19,4904.79,118342633.0,0.0043,248093390200.0
2020-12-16,4957.3,4953.87,4968.86,4938.19,106778968.0,0.0039000000000000003,229696035700.0
2020-12-17,4960.73,5017.48,5021.62,4950.37,133385479.0,0.0049,270180356100.0
2020-12-18,5014.32,4999.97,5027.44,4979.0,128049618.0,0.004699999999999999,258938551500.0
2020-12-21,4995.76,5046.84,5048.51,4970.0,140811782.0,0.0052,298204296800.0
2020-12-22,5034.98,4964.77,5055.13,4960.95,162344970.0,0.006,326758817700.0
2020-12-23,4977.3,5007.12,5028.45,4968.15,140292819.0,0.0051,308729037500.0
2020-12-24,5006.0,5000.02,5033.04,4979.24,114418667.0,0.0042,246674476200.0
2020-12-25,4985.77,5042.01,5042.1,4973.68,121006979.0,0.0044,243992268200.0
2020-12-28,5042.94,5064.41,5089.34,5037.86,136914407.0,0.005,281019254200.0
2020-12-29,5071.45,5042.94,5077.42,5034.31,141198662.0,0.0052,279035233300.0
2020-12-30,5037.98,5113.71,5113.71,5036.63,148626448.0,0.0054,296577812600.0
2020-12-31,5122.48,5211.29,5215.62,5122.48,171602509.0,0.0063,358731371800.0
2021-01-04,5212.93,5267.72,5284.43,5190.94,211711382.0,0.0078000000000000005,452796175600.0
2021-01-05,5245.84,5368.5,5368.5,5234.38,224931159.0,0.008199999999999999,498041939799.99994
2021-01-06,5386.51,5417.67,5433.47,5341.43,193773444.0,0.0070999999999999995,444434377100.0
2021-01-07,5428.39,5513.66,5513.66,5413.35,219872080.0,0.008100000000000001,473385353700.0
2021-01-08,5526.29,5495.43,5547.47,5442.69,204324956.0,0.0075,473567654000.0
2021-01-11,5504.24,5441.16,5555.69,5412.5,231835983.0,0.0085,522298482500.0
2021-01-12,5419.5,5596.35,5596.35,5417.63,224220186.0,0.008199999999999999,486233760700.0
2021-01-13,5609.26,5577.97,5644.72,5535.14,261569886.0,0.0096,546959736400.0
2021-01-14,5556.21,5470.46,5568.02,5458.68,243683380.0,0.0089,501890111900.0
2021-01-15,5471.39,5458.08,5500.63,5390.27,238637435.0,0.0087,475709920400.0
2021-01-18,5438.16,5518.52,5541.46,5410.77,207051869.0,0.0076,422717209200.0
2021-01-19,5525.97,5437.52,5532.48,5415.72,211043425.0,0.0077,433205176500.0
2021-01-20,5439.91,5476.43,5496.05,5426.54,170913260.0,0.0062,373770384500.0
2021-01-21,5492.96,5564.97,5593.11,5490.56,209950197.0,0.0076,453183684500.0
2021-01-22,5562.38,5569.78,5573.66,5513.88,199300020.0,0.0072,456622193400.00006
2021-01-25,5564.12,5625.92,5655.48,5543.27,197047019.0,0.0070999999999999995,508166980800.0
2021-01-26,5600.9,5512.97,5600.9,5506.0,171904590.0,0.0062,415008069900.0
2021-01-27,5505.77,5528.0,5534.99,5449.64,160190841.0,0.0058,376892605800.0
2021-01-28,5450.37,5377.14,5462.24,5360.38,170485585.0,0.0062,376166523200.0
2021-01-29,5413.97,5351.96,5430.2,5288.1,182178784.0,0.0066,390287690000.0
2021-02-01,5356.85,5417.65,5422.3,5342.05,166313706.0,0.006,346859083700.0
2021-02-02,5429.7,5501.09,5503.21,5411.52,165210565.0,0.006,380016716100.0
2021-02-03,5499.3,5485.2,5532.89,5473.12,188054317.0,0.0068000000000000005,404343602600.0
2021-02-04,5453.98,5473.95,5510.05,5411.57,180575654.0,0.006500000000000001,397995205400.0
2021-02-05,5494.7,5483.41,5550.77,5477.65,189699598.0,0.0069,395400134500.0
2021-02-08,5506.14,5564.56,5576.49,5479.85,164033775.0,0.0059,367582771700.0
2021-02-09,5584.17,5686.25,5686.25,5555.05,164887260.0,0.006,378769121200.0
2021-02-10,5709.68,5807.72,5823.42,5707.33,170169786.0,0.0060999999999999995,417056463400.00006
2021-02-18,5922.07,5768.38,5930.91,5747.66,218848686.0,0.0079,507481236000.0
2021-02-19,5734.02,5778.84,5787.89,5667.32,214475780.0,0.0077,456433793700.0
2021-02-22,5785.51,5597.33,5785.51,5597.33,282124382.0,0.0102,543633153200.0
2021-02-23,5542.68,5579.67,5644.75,5541.11,233807727.0,0.0084,424904470800.0
2021-02-24,5591.48,5437.57,5598.83,5379.73,225428610.0,0.008100000000000001,472369211000.0
2021-02-25,5494.47,5469.56,5527.63,5444.16,230736028.0,0.0083,412206157100.0
2021-02-26,5343.9,5336.76,5416.32,5318.86,212264543.0,0.0077,405717700100.0
2021-03-01,5389.25,5418.78,5421.56,5345.94,177463523.0,0.0064,358146546000.0
2021-03-02,5453.28,5349.63,5454.97,5305.05,196511115.0,0.0070999999999999995,376444604700.0
2021-03-03,5327.35,5452.21,5452.4,5316.48,194709054.0,0.006999999999999999,337610313600.0
2021-03-04,5388.48,5280.71,5392.37,5254.78,212775211.0,0.0077,384382457000.0
2021-03-05,5191.97,5262.8,5307.82,5174.25,202627956.0,0.0073,352539774300.0
2021-03-08,5299.79,5080.02,5326.26,5079.8,230231635.0,0.0083,407133802100.0
2021-03-09,5066.15,4971.0,5094.31,4917.91,230711004.0,0.0083,414415213800.0
2021-03-10,5047.06,5003.61,5055.28,4981.62,169928490.0,0.0060999999999999995,309577408700.0
2021-03-11,5024.56,5128.22,5138.41,5020.58,189600766.0,0.0068000000000000005,333859199700.0
2021-03-12,5153.67,5146.38,5153.67,5086.82,201020589.0,0.0072,323237751400.0
2021-03-15,5116.12,5035.54,5120.88,4992.4,204153084.0,0.0074,330740513800.0
2021-03-16,5054.41,5079.36,5084.31,5009.95,161390054.0,0.0058,271755048600.0
2021-03-17,5062.77,5100.86,5123.55,5020.13,149162376.0,0.0054,263492417700.0
2021-03-18,5114.59,5141.77,5160.46,5111.13,142901518.0,0.0052,260930046800.0
2021-03-19,5068.53,5007.09,5089.92,4980.76,164174849.0,0.0059,282974489200.0
2021-03-22,5008.4,5057.15,5071.34,4996.54,167402632.0,0.006,264209098900.0
2021-03-23,5057.06,5009.25,5064.02,4966.53,158013967.0,0.005699999999999999,255755377700.0
2021-03-24,4985.4,4928.69,5024.33,4919.89,159385982.0,0.005699999999999999,265970020200.0
2021-03-25,4904.07,4926.35,4950.76,4883.66,132945189.0,0.0048,219782049500.0
2021-03-26,4953.95,5037.99,5050.83,4953.95,145926697.0,0.0053,273901922399.99997
2021-03-29,5052.26,5046.88,5086.65,5010.39,143388215.0,0.0052,266176600000.0
2021-03-30,5043.1,5094.73,5106.04,5032.79,138618560.0,0.005,254928014500.0
2021-03-31,5085.95,5048.36,5085.95,5015.61,141335743.0,0.0051,241058485600.0
2021-04-01,5059.94,5110.78,5115.43,5056.87,120324890.0,0.0043,211493324400.0
2021-04-02,5129.85,5161.56,5169.83,5116.35,127002254.0,0.0046,248060376200.0
2021-04-06,5178.64,5140.34,5181.15,5125.33,109834210.0,0.004,213852444100.0
2021-04-07,5141.66,5103.74,5141.66,5065.19,145763748.0,0.0053,246271190300.0
2021-04-08,5078.26,5112.21,5129.13,5062.07,141771047.0,0.0051,228422004700.0
2021-04-09,5100.04,5035.34,5100.04,5022.09,128416509.0,0.0046,221519791700.00003
2021-04-12,5026.98,4947.75,5045.6,4933.01,152644314.0,0.0055000000000000005,267218195799.99997
2021-04-13,4949.81,4939.64,4994.54,4924.2,132919358.0,0.0048,225753230600.0
2021-04-14,4945.69,4980.63,4987.12,4940.27,120860838.0,0.0044,221036276100.0
2021-04-15,4969.91,4948.97,4969.91,4900.3,108829384.0,0.0039000000000000003,213820884100.0
2021-04-16,4966.9,4966.18,4979.17,4917.96,111239924.0,0.004,213389173700.0
2021-04-19,4966.41,5087.02,5088.21,4940.75,154769824.0,0.005600000000000001,307899776700.0
2021-04-20,5065.78,5083.37,5119.86,5058.92,136541700.0,0.0049,276640588200.0
2021-04-21,5055.24,5098.75,5110.56,5047.99,124637277.0,0.0045000000000000005,242574995300.0
2021-04-22,5114.28,5089.24,5119.22,5067.14,121167645.0,0.0044,241488845799.99997
2021-04-23,5088.83,5135.45,5149.98,5086.49,122056991.0,0.0044,264345183100.0
2021-04-26,5156.59,5077.24,5181.11,5072.96,151381967.0,0.0055000000000000005,325760384300.0
2021-04-27,5076.64,5090.52,5095.98,5042.61,123961837.0,0.0045000000000000005,254738009800.0
2021-04-28,5073.97,5119.24,5119.45,5059.26,120620318.0,0.0043,272182521900.0
2021-04-29,5128.28,5164.17,5170.59,5113.65,140092480.0,0.005,294112454400.0
2021-04-30,5156.36,5123.49,5163.25,5094.93,160121621.0,0.0058,315075102900.0
2021-05-06,5098.8,5061.12,5132.9,5037.41,158822630.0,0.005699999999999999,323258264600.0
2021-05-07,5073.46,4996.05,5093.75,4996.04,172258321.0,0.0062,304638402200.0
2021-05-10,5001.44,4992.42,5019.39,4953.7,170820585.0,0.0060999999999999995,282656808900.0
2021-05-11,4956.08,5023.06,5033.49,4925.92,151526497.0,0.0055000000000000005,270931616500.0
2021-05-12,5003.82,5044.55,5051.17,4995.4,126619086.0,0.0046,228344006500.0
2021-05-13,4992.35,4992.97,5022.08,4975.45,132279406.0,0.0048,237821404300.0
2021-05-14,5007.63,5110.59,5112.98,4981.29,159426180.0,0.005699999999999999,318802786800.0
2021-05-17,5115.31,5184.99,5206.69,5115.31,153889634.0,0.0055000000000000005,335439913400.0
2021-05-18,5190.93,5187.6,5201.67,5156.79,118404261.0,0.0043,238182265900.0
2021-05-19,5173.17,5172.27,5193.56,5151.64,118729983.0,0.0043,250736278200.0
2021-05-20,5167.05,5186.41,5201.59,5152.04,138454775.0,0.005,277088462000.0
2021-05-21,5199.13,5134.15,5216.16,5123.12,124768485.0,0.0045000000000000005,268053627500.0
2021-05-24,5138.81,5155.59,5155.59,5092.39,126742336.0,0.0046,278513133200.0
2021-05-25,5165.04,5318.48,5324.36,5161.52,182996839.0,0.0066,404683305600.0
2021-05-26,5326.12,5320.59,5344.28,5308.74,169607096.0,0.0060999999999999995,346444644799.99994
2021-05-27,5311.37,5338.23,5378.48,5286.05,148462855.0,0.0053,311893705900.0
2021-05-28,5338.73,5321.09,5360.28,5288.65,164605806.0,0.0059,330711896300.0
2021-05-31,5318.08,5331.57,5331.63,5281.69,144603269.0,0.0052,321450798200.0
2021-06-01,5320.47,5341.68,5343.75,5269.26,143831474.0,0.0052,321845842200.0
2021-06-02,5348.34,5289.97,5352.64,5266.79,137754319.0,0.0049,296176177200.0
2021-06-03,5285.71,5255.29,5314.37,5255.07,141968878.0,0.0051,285448632500.0
2021-06-04,5228.28,5282.28,5334.49,5221.23,144732087.0,0.0052,292326048800.0
2021-06-07,5284.89,5277.63,5286.84,5242.95,127704971.0,0.0046,280463260600.0
2021-06-08,5276.97,5232.12,5319.04,5201.14,130559532.0,0.004699999999999999,304042218300.0
2021-06-09,5224.95,5236.45,5253.36,5215.35,121820321.0,0.0044,255075448700.0
2021-06-10,5236.47,5271.47,5299.53,5229.52,138991967.0,0.005,301454334600.0
2021-06-11,5275.75,5224.7,5276.1,5213.6,180807173.0,0.006500000000000001,365363494500.0
2021-06-15,5218.56,5166.56,5225.5,5137.41,142880058.0,0.0052,330616618600.0
2021-06-16,5163.25,5080.49,5164.52,5076.02,125147985.0,0.0046,298286772900.0
2021-06-17,5074.38,5101.89,5123.37,5073.82,120452518.0,0.0044,281927280700.0
2021-06-18,5104.93,5102.47,5128.03,5064.92,148585805.0,0.0054,356697096100.0
2021-06-21,5088.09,5090.39,5123.78,5058.57,132184516.0,0.0048,331527114600.0
2021-06-22,5106.07,5122.16,5125.82,5086.28,130416753.0,0.0048,313690367100.0
2021-06-23,5127.19,5147.39,5171.03,5109.76,136356058.0,0.005,358765666300.0
2021-06-24,5156.56,5155.97,5160.43,5120.58,126685625.0,0.0046,312607422600.0
2021-06-25,5159.8,5239.97,5251.61,5157.48,154931061.0,0.005699999999999999,368265641200.0
2021-06-28,5253.61,5251.76,5260.64,5226.22,133193783.0,0.0049,337452771700.0
2021-06-29,5248.52,5190.54,5248.52,5182.68,125162997.0,0.0046,314896843000.0
2021-06-30,5189.38,5224.04,5231.43,5186.63,103752671.0,0.0038,281015504900.0
2021-07-01,5241.2,5229.66,5252.26,5190.88,127240620.0,0.0046,324097400300.0
2021-07-02,5186.66,5081.12,5186.66,5074.36,130426424.0,0.0048,342578961200.0
2021-07-05,5073.78,5085.79,5098.23,5048.0,131211589.0,0.0048,335197786600.0
2021-07-06,5089.78,5083.1,5092.21,5028.51,140655220.0,0.0051,362828901800.0
2021-07-07,5052.42,5140.49,5152.77,5045.41,148549060.0,0.0054,336731403400.00006
2021-07-08,5149.31,5088.26,5151.22,5078.93,173901008.0,0.0063,397879869900.0
2021-07-09,5063.15,5069.44,5081.41,5006.41,160653226.0,0.0059,352845583800.0
2021-07-12,5108.38,5132.71,5159.41,5070.32,206212039.0,0.0075,437203145900.00006
2021-07-13,5128.61,5142.1,5154.05,5114.94,166482209.0,0.0060999999999999995,361328491700.0
2021-07-14,5130.75,5083.09,5130.75,5075.13,188352720.0,0.0069,372568110300.0
2021-07-15,5073.26,5151.46,5153.81,5067.68,181077103.0,0.0066,372484081100.0
2021-07-16,5140.9,5094.77,5140.9,5090.63,169955982.0,0.0062,362594258100.0
2021-07-19,5083.73,5113.49,5120.82,5047.62,153199589.0,0.005600000000000001,340322623800.0
2021-07-20,5080.22,5108.99,5114.0,5067.86,129300044.0,0.004699999999999999,283543130800.0
2021-07-21,5122.78,5144.04,5160.54,5122.3,167976469.0,0.0060999999999999995,390275519300.0
2021-07-22,5150.39,5151.75,5171.21,5137.88,185556864.0,0.0068000000000000005,418221654799.99994
2021-07-23,5145.43,5089.23,5145.43,5080.0,216536847.0,0.0079,435521169700.0
2021-07-26,5067.31,4925.3,5067.31,4859.6,228111710.0,0.0083,495153655100.0
2021-07-27,4924.28,4751.31,4940.86,4749.03,236631225.0,0.0086,521146117000.0
2021-07-28,4714.29,4760.48,4785.66,4663.9,192634393.0,0.006999999999999999,419706155200.00006
2021-07-29,4845.76,4850.27,4857.97,4800.01,173322054.0,0.0063,415676120900.00006
2021-07-30,4825.7,4811.17,4825.7,4761.04,182349776.0,0.0066,420943935100.0
2021-08-02,4794.82,4933.74,4938.82,4761.46,227194918.0,0.0083,524659449300.0
2021-08-03,4909.23,4934.46,4957.03,4890.85,203533360.0,0.0074,471194128400.00006
2021-08-04,4927.74,4978.85,4979.29,4919.66,175466461.0,0.0064,425801406599.99994
2021-08-05,4946.17,4948.67,4997.14,4921.94,167381829.0,0.0060999999999999995,398772206800.0
2021-08-06,4943.04,4921.56,4944.35,4891.8,154179688.0,0.005600000000000001,371773603800.0
2021-08-09,4890.26,4985.56,5002.89,4884.04,182436871.0,0.0066,408897062900.0
2021-08-10,4977.82,5043.15,5043.76,4941.24,167051902.0,0.0060999999999999995,410098755600.0
2021-08-11,5037.08,5015.34,5059.79,5009.98,182266074.0,0.0066,373386347200.0
2021-08-12,4998.07,4973.35,5016.26,4962.98,168223733.0,0.0060999999999999995,361828382000.0
2021-08-13,4958.76,4945.98,4993.74,4921.28,158314321.0,0.0058,352459069000.0
2021-08-16,4935.92,4941.07,4973.38,4931.37,161953373.0,0.0059,340735120200.00006
2021-08-17,4935.0,4837.4,4967.56,4823.39,187573472.0,0.0068000000000000005,388457131500.0
2021-08-18,4838.47,4894.24,4909.54,4818.9,197474378.0,0.0072,395792165800.0
2021-08-19,4886.56,4862.14,4893.47,4839.57,201711719.0,0.0073,397424964799.99994
2021-08-20,4817.49,4769.27,4835.15,4720.83,177635810.0,0.006500000000000001,404938035700.0
2021-08-23,4777.73,4835.88,4843.82,4764.01,167579093.0,0.0060999999999999995,389599126300.0
2021-08-24,4844.59,4888.39,4906.2,4842.75,197883163.0,0.0072,417481426200.0
2021-08-25,4890.52,4898.16,4899.77,4865.76,189448016.0,0.0069,371868197500.0
2021-08-26,4892.2,4801.61,4892.2,4798.7,197617387.0,0.0072,368987718500.0
2021-08-27,4794.97,4827.04,4863.47,4793.59,183310211.0,0.0066,368421410300.0
2021-08-30,4847.03,4813.27,4849.16,4787.2,219635757.0,0.008,477182071700.0
2021-08-31,4803.09,4805.61,4821.76,4740.75,235118658.0,0.0085,460805654000.0
2021-09-01,4804.69,4869.46,4906.4,4763.3,326721080.0,0.0118,568819748400.0
2021-09-02,4865.82,4869.41,4892.71,4845.62,267858013.0,0.0097,465954132800.0
2021-09-03,4875.07,4843.06,4886.55,4828.7,268091896.0,0.0097,466430119700.0
2021-09-06,4841.06,4933.73,4944.45,4837.79,240507245.0,0.0087,452756275300.0
2021-09-07,4932.98,4992.83,5005.96,4915.61,244178519.0,0.0088,417759639099.99994
2021-09-08,4986.8,4972.13,5013.98,4955.89,264615315.0,0.0096,428591077700.00006
2021-09-09,4952.49,4970.01,4970.15,4929.95,256530217.0,0.009300000000000001,401675689300.0
2021-09-10,4967.98,5013.52,5042.8,4962.37,288304352.0,0.0104,472762533200.0
2021-09-13,5006.77,4991.66,5029.72,4964.96,249915298.0,0.009000000000000001,433329627400.0
2021-09-14,4989.84,4917.16,5000.98,4907.32,245590402.0,0.0089,417245830800.0
2021-09-15,4903.85,4867.32,4903.85,4843.12,187984730.0,0.0068000000000000005,363256653900.0
2021-09-16,4866.79,4807.7,4879.53,4806.14,216752099.0,0.0078000000000000005,393517267200.0
2021-09-17,4797.11,4855.94,4857.96,4786.09,201958127.0,0.0073,360397420100.0
2021-09-22,4770.73,4821.77,4830.85,4765.23,191220376.0,0.0069,311952989400.0
2021-09-23,4848.22,4853.2,4877.34,4837.56,228151064.0,0.0083,362140919600.0
2021-09-24,4845.64,4849.43,4897.06,4838.54,207693290.0,0.0075,361849453200.0
2021-09-27,4870.85,4877.37,4922.56,4852.2,215967030.0,0.0078000000000000005,426083025400.0
2021-09-28,4869.08,4883.83,4901.31,4846.63,176890880.0,0.0064,321272191500.0
2021-09-29,4846.02,4833.93,4868.07,4799.88,188171366.0,0.0068000000000000005,331841767700.0
2021-09-30,4843.95,4866.38,4876.07,4843.95,146113896.0,0.0053,283254685200.0
2021-10-08,4915.73,4929.94,4937.09,4891.63,168968077.0,0.0060999999999999995,343635835300.0
2021-10-11,4941.29,4936.19,4983.73,4930.71,163511624.0,0.0059,315186321400.0
2021-10-12,4920.66,4883.84,4925.49,4840.77,168079337.0,0.0060999999999999995,299424238600.0
2021-10-13,4880.14,4940.11,4953.38,4869.83,131142813.0,0.004699999999999999,280044666600.0
2021-10-14,4934.26,4913.61,4953.92,4903.25,119557013.0,0.0043,249151666600.0
2021-10-15,4896.56,4932.11,4939.82,4881.01,142822001.0,0.0052,300728491200.0
2021-10-18,4922.51,4874.78,4922.51,4844.94,141245199.0,0.0051,302539444400.0
2021-10-19,4869.39,4922.72,4928.14,4868.81,135266493.0,0.0049,282928243800.0
2021-10-20,4926.77,4910.18,4944.02,4898.37,141533183.0,0.0051,279747732500.0
2021-10-21,4914.74,4928.02,4946.18,4893.85,148898154.0,0.0054,274802962500.0
2021-10-22,4934.87,4959.73,4989.89,4934.87,143926228.0,0.0052,289252612200.0
2021-10-25,4940.9,4979.52,4981.65,4930.11,141861490.0,0.0051,299408232200.0
2021-10-26,4983.24,4963.1,5002.57,4953.48,140888943.0,0.0051,301786229700.0
2021-10-27,4949.23,4898.16,4949.23,4884.94,147111593.0,0.0053,299460469400.0
2021-10-28,4882.59,4864.14,4898.66,4846.28,156649472.0,0.005699999999999999,316631709600.0
2021-10-29,4861.27,4908.77,4908.77,4855.76,159887353.0,0.0058,368731987299.99994
2021-11-01,4878.13,4890.69,4908.21,4858.25,171583974.0,0.0062,379730767600.0
2021-11-02,4886.19,4839.85,4911.23,4797.9,185437688.0,0.0067,385731879799.99994
2021-11-03,4835.81,4821.11,4858.71,4804.37,142763820.0,0.0052,302269934700.0
2021-11-04,4841.09,4868.74,4873.94,4834.74,132592970.0,0.0048,308688054600.0
2021-11-05,4858.9,4842.35,4889.68,4841.74,147789359.0,0.0053,312070841500.0
2021-11-08,4841.15,4848.18,4866.08,4827.69,137398264.0,0.005,295893824000.0
2021-11-09,4858.25,4846.74,4870.79,4818.54,118375526.0,0.0043,261645065400.0
2021-11-10,4832.8,4821.19,4832.8,4754.0,135118179.0,0.0049,301058966300.0
2021-11-11,4814.77,4898.65,4898.65,4809.11,160484863.0,0.0058,323624626100.0
2021-11-12,4902.93,4888.38,4909.08,4875.35,132662969.0,0.0048,271773244500.0
2021-11-15,4894.41,4882.38,4906.33,4863.4,121823149.0,0.0044,272997748900.0
2021-11-16,4880.9,4883.32,4915.37,4876.5,127254406.0,0.0045000000000000005,284094590900.0
2021-11-17,4883.25,4885.75,4891.52,4864.52,108459223.0,0.0039000000000000003,246177916900.0
2021-11-18,4871.42,4837.62,4871.42,4830.41,114480565.0,0.0040999999999999995,244484713800.0
2021-11-19,4832.06,4890.06,4892.81,4829.57,127198312.0,0.0045000000000000005,266280681900.0
2021-11-22,4895.39,4912.4,4919.0,4893.27,138092836.0,0.0049,316148811500.0
2021-11-23,4905.76,4913.35,4927.52,4896.88,154304411.0,0.0055000000000000005,301022146100.0
2021-11-24,4914.03,4916.66,4935.49,4899.61,137150673.0,0.0049,289707337700.0
2021-11-25,4917.61,4896.44,4921.33,4891.73,115984031.0,0.0040999999999999995,255450994400.0
2021-11-26,4886.95,4860.13,4886.95,4850.81,120368974.0,0.0043,243041335600.0
2021-11-29,4820.01,4851.42,4858.53,4818.71,133626862.0,0.0048,285995221700.0
2021-11-30,4857.18,4832.03,4871.25,4810.22,129630596.0,0.0046,279268234000.0
2021-12-01,4831.89,4843.85,4844.52,4823.93,123086789.0,0.0044,255968912399.99997
2021-12-02,4839.91,4856.16,4866.85,4830.32,148088521.0,0.0053,278051726200.0
2021-12-03,4856.98,4901.02,4901.02,4853.35,144059626.0,0.0051,300052698300.0
2021-12-06,4909.43,4892.62,4943.9,4888.69,173615683.0,0.0062,333405791000.0
2021-12-07,4930.83,4922.1,4934.1,4895.22,179053460.0,0.0064,340617766200.0
2021-12-08,4934.41,4995.93,4995.93,4915.79,157490559.0,0.005600000000000001,329064831200.0
2021-12-09,5000.69,5078.69,5114.5,4999.41,220568776.0,0.0078000000000000005,425680958800.0
2021-12-10,5046.27,5055.12,5060.06,5035.81,193695154.0,0.0069,356917625400.0
2021-12-13,5090.02,5083.8,5143.84,5079.73,211801596.0,0.0076,426376532500.0
2021-12-14,5066.35,5049.7,5075.21,5038.86,159107790.0,0.005699999999999999,318685538100.0
2021-12-15,5036.28,5005.9,5060.37,5003.78,150529752.0,0.0054,291072568800.0
2021-12-16,5006.61,5034.73,5034.73,4987.22,144053867.0,0.0052,291474766900.0
2021-12-17,5021.34,4954.76,5022.11,4954.76,149005399.0,0.0054,297943311200.0
2021-12-20,4934.97,4880.42,4971.67,4872.68,169675690.0,0.0060999999999999995,317536919400.0
2021-12-21,4876.51,4913.49,4917.8,4872.95,143339898.0,0.0052,259023177300.0
2021-12-22,4924.58,4914.45,4936.67,4903.17,133256740.0,0.0048,244642450500.0
2021-12-23,4924.29,4948.74,4948.74,4906.75,139555406.0,0.005,263359754800.0
2021-12-24,4953.06,4921.34,4964.91,4905.98,142673323.0,0.0051,290483663500.0
2021-12-27,4918.15,4919.32,4939.69,4894.16,124100952.0,0.0045000000000000005,254421525200.0
2021-12-28,4923.69,4955.96,4959.15,4913.6,130457757.0,0.004699999999999999,276316732200.0
2021-12-29,4958.65,4883.48,4958.65,4883.48,113587002.0,0.0040999999999999995,273225467100.0
2021-12-30,4882.16,4921.51,4940.18,4878.65,121617178.0,0.0044,268022477300.0
2021-12-31,4937.46,4940.37,4950.36,4923.14,121313737.0,0.0044,266975388700.0
2022-01-04,4957.98,4917.77,4961.45,4874.53,151534776.0,0.0055000000000000005,336516961599.99994
2022-01-05,4907.93,4868.12,4916.28,4851.98,178816100.0,0.0064,363944528800.0
2022-01-06,4842.16,4818.23,4857.56,4786.43,157665826.0,0.005699999999999999,321750076500.0
2022-01-07,4824.32,4822.37,4856.65,4818.19,187139413.0,0.0067,332218950700.0
2022-01-10,4812.23,4844.04,4844.39,4780.82,156211696.0,0.005600000000000001,305033816800.0
2022-01-11,4840.01,4797.77,4850.88,4791.89,146928004.0,0.0053,286445756000.0
2022-01-12,4818.89,4845.58,4852.73,4810.92,143200204.0,0.0051,293153042800.0
2022-01-13,4853.03,4765.92,4853.06,4765.24,142519653.0,0.0051,288799117000.0
2022-01-14,4743.91,4726.73,4764.05,4723.94,146863126.0,0.0053,281828448500.0
2022-01-17,4728.76,4767.28,4775.24,4726.71,115295691.0,0.0040999999999999995,263788241700.00003
2022-01-18,4766.78,4813.35,4826.3,4747.92,150870802.0,0.0054,282749393100.0
2022-01-19,4815.81,4780.38,4828.75,4755.93,133927360.0,0.0048,275534557500.0
2022-01-20,4778.26,4823.51,4845.0,4777.57,164971315.0,0.0059,304344268000.0
2022-01-21,4808.77,4779.31,4818.31,4762.56,138952585.0,0.005,274699155300.0
2022-01-24,4753.94,4786.74,4801.1,4746.45,114463880.0,0.0040999999999999995,246261594899.99997
2022-01-25,4761.95,4678.45,4781.39,4678.25,133667586.0,0.0048,250555769200.00003
2022-01-26,4697.1,4712.31,4718.99,4648.13,107070842.0,0.0038,226553448400.0
2022-01-27,4708.1,4619.88,4708.44,4616.03,121263804.0,0.0044,250535654800.0
2022-01-28,4641.81,4563.77,4660.52,4559.83,126480112.0,0.0045000000000000005,263967891800.0
2022-02-07,4638.58,4634.09,4672.65,4615.01,144849720.0,0.0052,266031794000.0
2022-02-08,4626.44,4608.77,4626.44,4522.47,155830708.0,0.005600000000000001,281364873800.0
2022-02-09,4608.15,4652.06,4659.46,4595.28,148335547.0,0.0053,273771960500.0
2022-02-10,4657.21,4639.86,4657.21,4608.09,151576666.0,0.0054,287224388100.0
2022-02-11,4617.87,4601.4,4662.6,4595.88,155974584.0,0.005600000000000001,307938016700.0
2022-02-14,4579.42,4551.69,4593.63,4530.06,143673894.0,0.0052,275737553500.0
2022-02-15,4553.81,4600.1,4601.45,4550.54,115025600.0,0.0040999999999999995,249977008700.0
2022-02-16,4619.85,4617.99,4643.1,4607.22,107258955.0,0.0038,210190931000.0
2022-02-17,4616.9,4629.17,4650.16,4606.95,110014643.0,0.0039000000000000003,227946249300.0
2022-02-18,4604.57,4651.24,4651.34,4598.1,104550228.0,0.0037,195825700500.0
2022-02-21,4646.05,4634.31,4646.67,4613.3,112516512.0,0.004,215039182300.0
2022-02-22,4601.92,4574.15,4602.07,4550.8,123317237.0,0.0044,246872960700.0
2022-02-23,4582.01,4623.05,4625.3,4579.29,122952916.0,0.0044,259050146200.0
2022-02-24,4592.07,4529.32,4610.88,4488.48,184403058.0,0.0066,342346666900.0
2022-02-25,4564.63,4573.42,4611.86,4561.9,149722583.0,0.0054,271727599700.0
2022-02-28,4563.74,4581.65,4581.65,4530.68,135406978.0,0.0048,248363727500.0
2022-03-01,4597.86,4619.69,4623.43,4583.92,123139220.0,0.0044,260431185100.00003
2022-03-02,4594.02,4578.6,4594.02,4558.44,113298325.0,0.0040999999999999995,215299655400.0
2022-03-03,4595.02,4551.63,4599.4,4544.43,138285877.0,0.0049,242701772000.0
2022-03-04,4513.36,4496.43,4539.39,4481.49,127266806.0,0.0046,249970282300.0
2022-03-07,4462.52,4352.78,4462.52,4338.3,162197706.0,0.0058,306898527700.0
2022-03-08,4361.64,4265.39,4383.65,4252.54,167863277.0,0.006,315176698400.0
2022-03-09,4280.98,4226.35,4304.48,4068.19,194232900.0,0.0069,341009391900.0
2022-03-10,4326.2,4292.84,4335.67,4288.51,145266383.0,0.0052,301636182200.0
2022-03-11,4231.2,4306.52,4316.04,4176.45,152399921.0,0.0055000000000000005,295008832400.0
2022-03-14,4248.15,4174.76,4280.36,4174.76,130187236.0,0.004699999999999999,260691659500.0
2022-03-15,4125.49,3983.81,4163.42,3983.81,202524699.0,0.0072,346988947400.0
2022-03-16,4053.1,4156.08,4168.59,3942.86,196021982.0,0.006999999999999999,378883588300.0
2022-03-17,4237.67,4237.7,4302.74,4217.8,179407344.0,0.0064,385039197299.99994
2022-03-18,4218.47,4265.9,4283.37,4194.94,149458305.0,0.0053,275791291100.0
2022-03-21,4280.14,4258.75,4287.82,4223.02,127036360.0,0.0045000000000000005,251214543299.99997
2022-03-22,4252.57,4255.29,4283.33,4236.69,126382470.0,0.0045000000000000005,226213534000.0
2022-03-23,4269.61,4276.52,4287.58,4241.96,117089078.0,0.0042,226390778400.0
2022-03-24,4249.53,4251.31,4273.96,4216.85,108918272.0,0.0039000000000000003,219594430500.0
2022-03-25,4249.07,4174.57,4254.84,4173.93,108808046.0,0.0039000000000000003,217013187300.0
2022-03-28,4128.84,4148.47,4174.12,4091.3,118449021.0,0.0042,213468974000.0
2022-03-29,4155.42,4134.14,4177.21,4124.72,100266972.0,0.0036,199463853700.0
2022-03-30,4162.17,4254.1,4254.1,4160.73,138346024.0,0.0049,268869181200.0
2022-03-31,4234.72,4222.6,4247.36,4214.54,134029185.0,0.0048,238877216800.0
2022-04-01,4198.82,4276.16,4290.67,4190.08,133803053.0,0.0048,244758870799.99997
2022-04-06,4258.83,4263.84,4277.52,4236.73,159062195.0,0.005699999999999999,253690929899.99997
2022-04-07,4240.02,4209.1,4278.11,4205.74,134880353.0,0.0048,216996185500.0
2022-04-08,4213.21,4230.77,4237.81,4175.53,142843793.0,0.0051,229081764800.0
2022-04-11,4203.79,4100.07,4203.79,4089.09,148197071.0,0.0053,265224932500.0
2022-04-12,4102.97,4179.97,4179.97,4075.8,144285684.0,0.0052,252830412800.0
2022-04-13,4154.41,4139.74,4194.04,4139.74,125097489.0,0.0045000000000000005,221281029600.0
2022-04-14,4172.64,4191.57,4217.06,4155.55,124791316.0,0.0045000000000000005,245993822000.0
2022-04-15,4162.37,4188.75,4211.32,4152.97,124762263.0,0.0045000000000000005,226229740300.0
2022-04-18,4152.93,4166.38,4171.74,4119.99,117504610.0,0.0042,212855328200.0
2022-04-19,4161.93,4134.9,4186.94,4115.42,110217471.0,0.0039000000000000003,208570579100.0
2022-04-20,4130.54,4070.79,4136.17,4060.5,117331658.0,0.0042,216536635700.0
2022-04-21,4048.73,3995.83,4086.44,3978.37,132783828.0,0.004699999999999999,227026679700.0
2022-04-22,3967.2,4013.25,4037.08,3953.72,122101811.0,0.0044,206371766700.00003
2022-04-25,3933.45,3814.91,3958.21,3814.91,168364502.0,0.006,272889272300.0
2022-04-26,3822.49,3784.12,3871.85,3773.9,157577611.0,0.005600000000000001,259626354200.00003
2022-04-27,3758.08,3895.54,3895.73,3757.09,172734046.0,0.0062,296924102900.0
2022-04-28,3883.42,3921.11,3943.43,3873.58,153056586.0,0.0055000000000000005,268502242500.0
2022-04-29,3939.62,4016.24,4017.43,3898.57,179458377.0,0.0064,321414877400.0
2022-05-05,3995.35,4010.21,4039.7,3988.93,154170716.0,0.0055000000000000005,290538230700.0
2022-05-06,3928.85,3908.82,3947.24,3902.05,123005551.0,0.0044,214825174000.0
2022-05-09,3883.95,3877.44,3914.11,3854.94,92936694.0,0.0033,171756502900.0
2022-05-10,3820.63,3919.87,3932.68,3808.57,136416918.0,0.0049,239060211900.0
2022-05-11,3917.93,3976.42,4033.3,3916.52,165632256.0,0.0059,309294912800.0
2022-05-12,3949.95,3958.74,3985.93,3935.59,113376066.0,0.004,202029156400.0
2022-05-13,3983.82,3988.6,4003.85,3957.14,109968357.0,0.0039000000000000003,195727044899.99997
2022-05-16,4015.0,3956.54,4018.03,3947.75,112425294.0,0.004,199717909500.0
2022-05-17,3961.76,4005.89,4005.89,3955.1,109661454.0,0.0039000000000000003,210117539700.0
2022-05-18,4015.01,3991.91,4017.34,3964.75,108074233.0,0.0038,201800666100.0
2022-05-19,3938.3,3999.6,3999.6,3933.75,116293420.0,0.0040999999999999995,210206681600.0
2022-05-20,4020.82,4077.6,4077.6,4020.82,147069173.0,0.0052,265609089899.99997
2022-05-23,4080.97,4053.98,4080.97,4029.08,130477810.0,0.0046,225981540900.0
2022-05-24,4052.87,3959.15,4055.78,3959.15,145554336.0,0.0052,247713039700.0
2022-05-25,3959.77,3983.18,3983.62,3946.81,107734015.0,0.0038,188700537399.99997
2022-05-26,3987.68,3993.04,4015.75,3938.24,126263689.0,0.0045000000000000005,216987025400.0
2022-05-27,4022.71,4001.3,4051.14,3983.38,112769337.0,0.004,206944426200.0
2022-05-30,4020.86,4029.02,4040.82,4003.38,111152241.0,0.004,211144721600.0
2022-05-31,4031.76,4091.52,4096.2,4020.38,135415513.0,0.0048,267770088700.0
2022-06-01,4086.62,4083.18,4094.9,4058.85,114850879.0,0.0040999999999999995,225416237900.0
2022-06-02,4064.0,4089.57,4091.15,4057.91,113893638.0,0.004,222657537900.0
2022-06-06,4090.53,4166.09,4166.62,4063.91,167871011.0,0.006,324075626900.0
2022-06-07,4165.69,4179.13,4198.09,4155.17,142992881.0,0.0051,285733722300.0
2022-06-08,4187.15,4219.81,4224.81,4158.03,157374057.0,0.005600000000000001,319480252800.0
2022-06-09,4211.72,4175.67,4227.45,4160.88,168449154.0,0.006,285172804200.0
2022-06-10,4145.65,4238.99,4241.35,4140.22,184796214.0,0.0066,324091440700.0
2022-06-13,4194.46,4189.35,4218.23,4156.71,168475622.0,0.006,336585670500.0
2022-06-14,4143.22,4222.31,4224.09,4102.93,171385904.0,0.0060999999999999995,335418557900.0
2022-06-15,4228.29,4278.22,4348.42,4228.29,257046590.0,0.0092,459766820700.0
2022-06-16,4282.08,4250.06,4302.92,4241.08,184074416.0,0.0066,337235911500.0
2022-06-17,4219.23,4309.04,4318.77,4218.68,158649098.0,0.005699999999999999,346675726800.0
2022-06-20,4322.83,4330.43,4368.36,4297.89,165666382.0,0.0059,359569296900.0
2022-06-21,4327.92,4325.57,4357.34,4287.14,164667615.0,0.0059,317163317700.0
2022-06-22,4331.9,4270.62,4333.18,4269.25,158565854.0,0.005699999999999999,298656263300.0
2022-06-23,4277.96,4343.88,4343.88,4260.9,170882360.0,0.0060999999999999995,327144780500.0
2022-06-24,4354.55,4394.77,4400.69,4346.12,168972199.0,0.0060999999999999995,356054750500.0
2022-06-27,4414.33,4444.26,4472.69,4414.33,177385676.0,0.0064,381432966300.0
2022-06-28,4442.58,4490.52,4497.89,4407.35,174756489.0,0.0062,361685970700.0
2022-06-29,4472.73,4421.36,4503.13,4414.0,187276688.0,0.0067,395926107700.00006
2022-06-30,4418.07,4485.01,4515.0,4418.07,156666289.0,0.005600000000000001,354343886800.0
2022-07-01,4489.52,4466.72,4500.99,4449.29,144779599.0,0.0052,318492130200.0
2022-07-04,4447.22,4496.03,4496.03,4427.82,146345651.0,0.0052,356968521300.0
2022-07-05,4505.46,4489.54,4530.32,4439.45,154962415.0,0.0055000000000000005,361891850800.0
2022-07-06,4475.48,4423.97,4484.36,4393.42,149800235.0,0.0053,344672707700.00006
2022-07-07,4425.28,4443.47,4457.34,4391.19,132660906.0,0.004699999999999999,328133133700.0
2022-07-08,4468.06,4428.78,4479.49,4426.89,123195739.0,0.0044,304031107300.0
2022-07-11,4406.15,4354.62,4406.15,4330.58,134448578.0,0.0048,299195233400.0
2022-07-12,4352.65,4313.62,4370.34,4296.62,130187838.0,0.0046,291072311900.0
2022-07-13,4313.36,4321.46,4341.47,4284.94,131113179.0,0.004699999999999999,286075545400.0
2022-07-14,4308.82,4322.07,4352.1,4292.76,145250926.0,0.0052,301569861000.0
2022-07-15,4299.47,4248.53,4344.86,4248.53,150214453.0,0.0054,316793192700.0
2022-07-18,4262.15,4292.59,4300.78,4217.51,122601192.0,0.0044,281055128600.0
2022-07-19,4288.44,4269.34,4288.44,4238.82,103805730.0,0.0037,231117731800.0
2022-07-20,4291.28,4283.8,4303.37,4269.97,94490144.0,0.0034000000000000002,212301881400.0
2022-07-21,4270.36,4236.06,4283.15,4236.05,117156344.0,0.0042,239228146800.0
2022-07-22,4251.79,4238.23,4275.47,4207.31,103840624.0,0.0037,224295333500.0
2022-07-25,4233.93,4212.64,4234.84,4201.92,83636664.0,0.003,188136426700.00003
2022-07-26,4220.09,4245.98,4259.99,4214.53,85823274.0,0.0031,197601406400.0
2022-07-27,4236.15,4225.04,4242.1,4217.28,78904940.0,0.0028000000000000004,194245303800.0
2022-07-28,4242.27,4225.67,4267.92,4223.03,107531930.0,0.0038,243871486500.0
2022-07-29,4226.42,4170.1,4243.51,4160.87,114179286.0,0.0040999999999999995,253198574600.0
2022-08-01,4160.65,4188.68,4196.57,4129.45,107749029.0,0.0038,251125308600.0
2022-08-02,4144.38,4107.02,4144.38,4071.43,142224425.0,0.0051,281013555300.0
2022-08-03,4114.83,4066.98,4150.98,4058.18,116666124.0,0.0042,268695834800.0
2022-08-04,4089.44,4101.54,4108.16,4064.66,89532644.0,0.0032,216898674899.99997
2022-08-05,4109.63,4156.91,4159.49,4097.86,102571004.0,0.0037,247325902000.0
2022-08-08,4142.11,4148.07,4155.73,4135.08,90208138.0,0.0032,224080812100.0
2022-08-09,4143.67,4156.29,4161.81,4131.43,84136959.0,0.003,214223692300.0
2022-08-10,4149.21,4109.74,4160.79,4092.55,85565839.0,0.003,217447368500.0
2022-08-11,4130.74,4193.54,4193.81,4116.06,121385051.0,0.0043,269630998400.0
2022-08-12,4185.42,4191.15,4202.47,4175.05,106808295.0,0.0038,219208055300.0
2022-08-15,4180.0,4185.68,4219.92,4174.3,105898495.0,0.0038,245539801000.0
2022-08-16,4190.53,4177.84,4208.8,4170.52,93906139.0,0.0033,233818584700.0
2022-08-17,4182.57,4216.96,4222.79,4155.17,112864659.0,0.004,252044325100.00003
2022-08-18,4205.79,4180.1,4211.91,4173.54,101052650.0,0.0036,233115491400.0
2022-08-19,4174.55,4151.07,4185.66,4151.07,117402978.0,0.0042,262494128200.0
2022-08-22,4135.16,4181.4,4183.65,4134.2,112442720.0,0.004,259747163700.0
2022-08-23,4175.53,4161.08,4187.39,4147.41,103153512.0,0.0037,239101330799.99997
2022-08-24,4168.58,4082.42,4174.16,4079.09,119069679.0,0.0042,262844309300.0
2022-08-25,4093.29,4116.24,4119.62,4058.75,111320745.0,0.0039000000000000003,242149581500.0
2022-08-26,4127.81,4107.55,4139.79,4102.68,99000493.0,0.0034999999999999996,225519196800.0
2022-08-29,4063.88,4089.52,4092.95,4059.6,94354432.0,0.0033,203086114700.0
2022-08-30,4088.53,4075.79,4093.14,4048.52,93301662.0,0.0033,192649001300.0
2022-08-31,4057.14,4078.84,4112.85,4046.62,132449765.0,0.0046,292974665500.0
2022-09-01,4066.19,4043.74,4090.89,4041.13,97387071.0,0.0034000000000000002,210898503500.0
2022-09-02,4054.84,4023.61,4056.18,4004.91,86789278.0,0.003,184468327000.0
2022-09-05,4010.41,4015.43,4017.0,3982.74,93767109.0,0.0033,201118696600.0
2022-09-06,4024.47,4052.28,4054.0,4009.58,113506265.0,0.004,235921838100.0
2022-09-07,4032.72,4054.98,4067.54,4028.37,107678059.0,0.0038,215147152200.0
2022-09-08,4059.17,4037.68,4067.76,4036.02,100886049.0,0.0034999999999999996,186889048000.0
2022-09-09,4050.59,4093.79,4099.01,4042.25,118427114.0,0.0040999999999999995,221442547200.0
2022-09-13,4112.01,4111.11,4128.11,4097.14,111789737.0,0.0039000000000000003,218521062100.0
2022-09-14,4058.04,4065.36,4089.06,4047.92,90793681.0,0.0032,185484965100.00003
2022-09-15,4078.65,4027.12,4088.81,3998.86,123951196.0,0.0043,254367492800.0
2022-09-16,4013.58,3932.68,4019.41,3932.68,137193655.0,0.0048,241251840100.00003
2022-09-19,3928.42,3928.0,3953.65,3910.31,97719575.0,0.0034000000000000002,183574440600.0
2022-09-20,3945.65,3932.84,3957.55,3921.69,84824134.0,0.003,179248153500.0
2022-09-21,3921.32,3903.73,3924.39,3884.23,86458391.0,0.003,168939074300.0
2022-09-22,3875.18,3869.34,3900.27,3860.23,80946919.0,0.0028000000000000004,161134102800.0
2022-09-23,3865.1,3856.02,3888.4,3829.69,94342462.0,0.0033,172904807399.99997
2022-09-26,3829.6,3836.68,3893.32,3827.95,104526031.0,0.0037,192906200300.0
2022-09-27,3844.07,3892.3,3893.03,3827.93,88860160.0,0.0031,185955247399.99997
2022-09-28,3879.44,3828.71,3879.44,3828.05,86592213.0,0.003,172438042800.0
2022-09-29,3864.32,3827.14,3873.18,3808.65,85654142.0,0.003,171635940000.0
2022-09-30,3833.35,3804.89,3848.6,3801.28,78559966.0,0.0027,158692748800.0
2022-10-10,3806.56,3720.94,3807.46,3715.71,102647595.0,0.0036,194635904100.0
2022-10-11,3732.02,3727.69,3739.81,3706.06,83944625.0,0.0029,166800394900.0
2022-10-12,3722.87,3784.31,3784.31,3661.53,108089319.0,0.0038,210931362300.0
2022-10-13,3756.42,3752.67,3783.6,3749.64,99018915.0,0.0034999999999999996,198368891500.0
2022-10-14,3783.32,3842.47,3863.23,3780.84,116242293.0,0.0040999999999999995,256551272000.0
2022-10-17,3822.24,3846.41,3849.62,3809.12,104192019.0,0.0036,220488874400.0
2022-10-18,3865.83,3838.27,3870.22,3831.17,88346907.0,0.0031,186556295799.99997
2022-10-19,3827.47,3776.53,3840.49,3776.53,81574844.0,0.0028000000000000004,186736408200.0
2022-10-20,3746.58,3754.93,3804.25,3726.79,90290895.0,0.0031,203781618900.0
2022-10-21,3753.89,3742.89,3768.69,3724.69,98750038.0,0.0034000000000000002,180686357700.0
2022-10-24,3727.92,3633.37,3762.16,3619.99,130056864.0,0.0045000000000000005,259450743100.0
2022-10-25,3621.94,3627.45,3670.73,3594.7,110953882.0,0.0039000000000000003,219302759600.0
2022-10-26,3633.31,3656.9,3700.88,3633.31,121301548.0,0.0042,242453810600.0
2022-10-27,3667.66,3631.14,3685.08,3631.06,117998675.0,0.0040999999999999995,257473315700.0
2022-10-28,3605.16,3541.33,3618.86,3533.5,118772162.0,0.0040999999999999995,245816452000.0
2022-10-31,3504.51,3508.7,3553.39,3495.95,138465655.0,0.0048,256574822100.0
2022-11-01,3519.82,3634.17,3634.17,3517.62,149286698.0,0.0052,295089928400.0
2022-11-02,3620.37,3677.81,3703.47,3610.8,141592919.0,0.0049,291648245700.0
2022-11-03,3645.06,3647.9,3670.16,3628.5,110566035.0,0.0038,215379298000.0
2022-11-04,3646.77,3767.17,3782.88,3646.77,149734949.0,0.0052,311145477600.0
2022-11-07,3754.52,3775.3,3792.79,3746.37,129826371.0,0.0045000000000000005,251195699899.99997
2022-11-08,3773.66,3749.33,3779.12,3723.34,99016451.0,0.0034000000000000002,193351324899.99997
2022-11-09,3750.78,3714.27,3760.41,3711.27,89434525.0,0.0031,172029529899.99997
2022-11-10,3685.83,3685.69,3701.53,3665.06,103509302.0,0.0036,183155308700.0
2022-11-11,3787.76,3788.44,3828.9,3747.09,189685586.0,0.0066,344471326300.0
2022-11-14,3818.14,3794.02,3848.41,3781.78,169665048.0,0.0059,315536856100.0
2022-11-15,3788.93,3865.97,3871.64,3775.5,151515650.0,0.0053,296268142800.0
2022-11-16,3860.81,3834.39,3877.68,3829.31,120610964.0,0.0042,235844588200.0
2022-11-17,3821.27,3818.66,3821.74,3776.57,105940632.0,0.0037,219540811300.0
2022-11-18,3823.82,3801.57,3840.3,3801.57,115078777.0,0.004,224276131000.0
2022-11-21,3769.63,3769.13,3769.87,3734.0,95866966.0,0.0033,188230373700.0
2022-11-22,3766.08,3769.57,3809.86,3751.04,144486334.0,0.005,203490828400.0
2022-11-23,3760.22,3773.53,3791.18,3753.21,144527911.0,0.005,201070601200.0
2022-11-24,3791.54,3756.81,3804.9,3751.38,101073447.0,0.0034999999999999996,160698921500.0
2022-11-25,3751.28,3775.78,3790.57,3743.41,142929711.0,0.005,191711040700.0
2022-11-28,3701.9,3733.24,3736.08,3672.13,127825748.0,0.0043,196305561700.00003
2022-11-29,3766.57,3848.42,3854.77,3766.57,178701392.0,0.0060999999999999995,289062336400.0
2022-11-30,3836.56,3853.04,3867.66,3833.83,157511400.0,0.0054,250051468100.0
2022-12-01,3921.3,3894.77,3944.56,3893.87,169964585.0,0.0058,306678195700.0
2022-12-02,3886.4,3870.95,3898.11,3865.88,116786350.0,0.004,201253166400.0
2022-12-05,3907.64,3946.88,3947.48,3900.67,201747221.0,0.006999999999999999,296615512300.0
2022-12-06,3929.01,3968.2,3988.9,3923.0,155108323.0,0.0053,275583430800.0
2022-12-07,3956.67,3958.44,3999.59,3944.18,143001356.0,0.0049,255490829000.0
2022-12-08,3953.2,3959.18,3971.49,3941.3,115199986.0,0.0038,198037690500.0
2022-12-09,3961.99,3998.24,4003.32,3944.44,153774954.0,0.0051,268166789700.0
2022-12-12,3976.17,3953.44,3983.43,3950.32,125935368.0,0.0043,227606300900.0
2022-12-13,3953.55,3945.68,3964.4,3939.98,100994100.0,0.0034999999999999996,184020700100.00003
2022-12-14,3952.79,3954.89,3972.74,3935.77,98528006.0,0.0034000000000000002,196175108600.0
2022-12-15,3954.67,3951.99,3963.5,3926.5,88864725.0,0.0031,181994889100.0
2022-12-16,3931.23,3954.23,3960.47,3929.49,93178567.0,0.0033,167488442600.0
2022-12-19,3952.77,3893.22,3966.57,3878.44,106919075.0,0.0037,180801387700.0
2022-12-20,3881.23,3829.02,3881.27,3811.48,83096822.0,0.0029,164046440900.0
2022-12-21,3839.0,3830.54,3853.73,3821.4,64839215.0,0.0023,123450040399.99998
2022-12-22,3859.2,3836.03,3882.13,3821.34,83705173.0,0.0029,163970307000.0
2022-12-23,3811.62,3828.22,3848.34,3805.95,65278148.0,0.0023,130559415600.0
2022-12-26,3830.57,3843.49,3856.81,3827.52,73005712.0,0.0025,148692832400.0
2022-12-27,3860.91,3887.85,3891.85,3856.58,77515350.0,0.0027,152032206600.0
2022-12-28,3874.91,3871.26,3884.72,3854.94,84424656.0,0.0029,160671122000.0
2022-12-29,3854.24,3856.7,3868.29,3838.48,79394815.0,0.0028000000000000004,149011372400.0
2022-12-30,3873.94,3871.63,3887.55,3868.76,78773272.0,0.0027,148295049400.0
2023-01-03,3864.84,3887.9,3893.99,3831.25,115051875.0,0.004,207540166000.0
2023-01-04,3886.25,3892.95,3905.9,3873.65,110660743.0,0.0039000000000000003,198997711700.00003
2023-01-05,3913.49,3968.58,3974.88,3912.26,116502395.0,0.0040999999999999995,256312608299.99997
2023-01-06,3969.55,3980.89,4000.41,3966.47,110953038.0,0.0039000000000000003,235744305600.0
2023-01-09,3998.53,4013.12,4023.09,3990.71,117054425.0,0.0040999999999999995,233212426500.0
2023-01-10,4014.71,4017.47,4030.46,4002.23,101751141.0,0.0036,214871166200.0
2023-01-11,4019.88,4010.03,4043.4,4008.02,99997889.0,0.0034999999999999996,203000263000.0
2023-01-12,4021.75,4017.87,4030.29,4003.51,90552627.0,0.0032,183686268100.0
2023-01-13,4032.29,4074.38,4074.38,4027.89,95871896.0,0.0033,212173997500.0
2023-01-16,4077.88,4137.96,4177.1,4076.64,151395455.0,0.0052,319007749400.0
2023-01-17,4138.84,4137.24,4148.58,4118.16,95479040.0,0.0033,204381576500.0
2023-01-18,4140.1,4130.31,4151.46,4125.77,84200645.0,0.0029,172126171800.0
2023-01-19,4125.58,4156.01,4156.01,4105.98,94608398.0,0.0033,192699589800.0
2023-01-20,4166.84,4181.53,4189.83,4161.67,123553809.0,0.0043,222342455100.00003
2023-01-30,4267.62,4201.35,4268.15,4197.86,164607064.0,0.005699999999999999,330193322100.0
2023-01-31,4200.58,4156.86,4212.73,4153.05,124550835.0,0.0043,249365321600.0
2023-02-01,4170.13,4195.93,4195.93,4137.77,141008954.0,0.0049,265553944700.0
2023-02-02,4207.41,4181.15,4207.41,4170.56,133823736.0,0.0046,262497434800.0
2023-02-03,4162.03,4141.63,4162.03,4103.17,117041221.0,0.004,226914770000.0
2023-02-06,4103.83,4086.88,4105.94,4065.22,110192717.0,0.0038,226345114000.0
2023-02-07,4098.31,4094.23,4107.34,4077.96,91360072.0,0.0032,183537351600.0
2023-02-08,4099.86,4076.14,4111.47,4072.65,84786099.0,0.0029,170591751800.0
2023-02-09,4067.56,4130.86,4130.86,4064.75,102289961.0,0.0034999999999999996,211722604899.99997
2023-02-10,4124.1,4106.31,4125.29,4092.35,96716733.0,0.0033,195348320600.0
2023-02-13,4098.88,4143.57,4146.45,4092.27,128892577.0,0.0045000000000000005,251990181600.0
2023-02-14,4151.25,4145.29,4152.05,4125.26,102499890.0,0.0034999999999999996,204915435799.99997
2023-02-15,4146.85,4123.69,4153.72,4115.97,121664508.0,0.0042,219855529000.0
2023-02-16,4125.41,4093.49,4167.9,4068.86,159310585.0,0.0055000000000000005,281315625600.0
2023-02-17,4086.22,4034.51,4104.64,4032.93,116142589.0,0.004,225737747000.0
2023-02-20,4039.96,4133.49,4134.86,4035.48,161794481.0,0.005600000000000001,280122962200.0
2023-02-21,4130.06,4144.35,4151.8,4116.27,145776173.0,0.005,249674201000.0
2023-02-22,4118.97,4106.95,4134.88,4101.86,104290295.0,0.0036,191586159000.0
2023-02-23,4106.21,4103.65,4132.39,4088.21,103564906.0,0.0036,197193582399.99997
2023-02-24,4100.99,4061.05,4102.61,4048.24,100989425.0,0.0034999999999999996,191210465100.00003
2023-02-27,4040.46,4043.84,4067.03,4034.52,93787630.0,0.0032,187959491100.0
2023-02-28,4058.13,4069.46,4074.26,4026.45,110323591.0,0.0038,198799712399.99997
2023-03-01,4068.73,4126.94,4135.48,4061.22,156015794.0,0.0054,255374791000.0
2023-03-02,4119.99,4117.74,4137.25,4113.83,148217637.0,0.0051,235953765000.0
2023-03-03,4126.02,4130.55,4135.21,4100.38,160331741.0,0.0055000000000000005,226914545600.0
2023-03-06,4131.15,4109.01,4132.84,4088.45,162971807.0,0.005600000000000001,283079862000.0
2023-03-07,4103.64,4048.85,4124.96,4046.57,195912068.0,0.0068000000000000005,272491994000.0
2023-03-08,4030.74,4034.11,4037.29,4011.52,117936493.0,0.0040999999999999995,191659655200.0
2023-03-09,4035.84,4019.85,4043.85,4000.89,116539629.0,0.004,201737990700.0
2023-03-10,3991.8,3967.14,4004.36,3966.43,123855409.0,0.0043,218286956100.0
2023-03-13,3962.64,4008.69,4008.69,3962.64,143561370.0,0.005,242865516800.0
2023-03-14,3999.88,3984.7,4001.94,3946.94,150544174.0,0.0052,267224848800.0
2023-03-15,4011.84,3986.9,4018.75,3986.9,142026007.0,0.0049,232101094000.0
2023-03-16,3958.2,3939.15,3981.32,3936.48,152515644.0,0.0053,246264286400.0
2023-03-17,3971.16,3958.82,4004.22,3945.25,177433818.0,0.0060999999999999995,305541015600.0
2023-03-20,3962.66,3939.08,3979.55,3935.02,205264970.0,0.0070999999999999995,319760032600.0
2023-03-21,3948.16,3982.38,3982.7,3948.16,145090679.0,0.005,251631985000.0
2023-03-22,3993.78,3999.44,4016.45,3986.71,149228970.0,0.0051,265180992100.0
2023-03-23,3985.99,4039.09,4039.09,3984.0,158887421.0,0.0055000000000000005,296479529500.0
2023-03-24,4035.16,4027.05,4037.84,4017.0,159442330.0,0.0055000000000000005,295785588900.0
2023-03-27,4023.3,4012.48,4023.3,3987.03,168482279.0,0.0058,315474696900.0
2023-03-28,4015.7,3999.51,4023.78,3994.6,131895117.0,0.0045000000000000005,248736921000.0
2023-03-29,4013.59,4006.14,4017.76,3992.67,133743510.0,0.0046,263866922700.0
2023-03-30,4009.56,4038.53,4040.5,3983.9,149901037.0,0.0052,280004716000.0
2023-03-31,4045.45,4050.93,4063.57,4039.96,138842546.0,0.0048,279863685800.0
2023-04-03,4059.62,4090.57,4094.94,4059.06,182124313.0,0.0063,382895558400.00006
2023-04-04,4089.29,4103.11,4103.16,4080.07,197146631.0,0.0068000000000000005,394443175100.0
2023-04-06,4084.13,4096.64,4098.83,4078.4,150703374.0,0.0052,328981851600.0
2023-04-07,4096.9,4123.28,4131.31,4092.18,128676738.0,0.0044,286567771900.0
2023-04-10,4132.01,4104.81,4132.3,4099.05,152453002.0,0.0052,340822557200.0
2023-04-11,4108.51,4100.15,4116.12,4083.49,153901333.0,0.0053,324192952000.0
2023-04-12,4102.4,4097.29,4108.25,4090.28,165965278.0,0.005699999999999999,325425226400.0
2023-04-13,4081.39,4068.98,4088.88,4059.57,156444295.0,0.0054,300291020800.0
2023-04-14,4078.97,4092.0,4098.22,4075.2,150695682.0,0.0052,306201501400.0
2023-04-17,4090.07,4149.38,4149.38,4089.51,188773095.0,0.006500000000000001,341831272800.0
2023-04-18,4139.31,4162.03,4169.67,4138.46,170184130.0,0.0058,331545662300.0
2023-04-19,4159.39,4124.56,4159.39,4118.63,162554592.0,0.005600000000000001,312219504500.0
2023-04-20,4122.95,4113.02,4125.82,4094.0,162706677.0,0.005600000000000001,332172409500.0
2023-04-21,4114.26,4032.57,4114.26,4031.91,180802435.0,0.0062,347852011599.99994
2023-04-24,4031.3,3982.64,4033.64,3967.91,170099217.0,0.0058,328375614700.0
2023-04-25,3985.11,3962.67,3991.69,3925.44,172555409.0,0.0059,331110619800.0
2023-04-26,3950.26,3959.23,3975.66,3934.66,162702006.0,0.005600000000000001,322062811300.0
2023-04-27,3948.03,3988.42,3999.13,3942.82,153828195.0,0.0053,304804002600.0
2023-04-28,3993.26,4029.09,4030.45,3993.26,179508488.0,0.0060999999999999995,328936294000.0
2023-05-04,4013.47,4030.25,4035.78,4001.13,227582846.0,0.0078000000000000005,345492506000.0
2023-05-05,4031.09,4016.88,4047.6,3998.39,206626924.0,0.0070999999999999995,307694489900.0
2023-05-08,4028.11,4062.66,4070.77,4018.96,255583085.0,0.0087,359539954200.0
2023-05-09,4065.44,4027.88,4092.85,4026.39,279306048.0,0.0095,396422120400.0
2023-05-10,4017.94,3996.87,4019.06,3984.63,207552709.0,0.0070999999999999995,309484851700.0
2023-05-11,4005.78,3990.66,4018.06,3988.48,144804619.0,0.0049,241052071400.0
2023-05-12,3987.77,3937.76,3999.38,3937.53,144421728.0,0.0049,228992923400.0
2023-05-15,3938.83,3998.89,3998.89,3923.03,176257362.0,0.006,279531163500.0
2023-05-16,4002.52,3978.21,4005.02,3966.99,136833271.0,0.004699999999999999,234840652700.0
2023-05-17,3971.7,3960.17,3982.6,3945.71,118448185.0,0.004,205195686000.0
2023-05-18,3965.52,3956.07,3982.72,3939.55,136533947.0,0.004699999999999999,229134184400.0
2023-05-19,3946.22,3944.54,3967.28,3928.32,120212479.0,0.0040999999999999995,207094944800.0
2023-05-22,3941.0,3969.33,3985.4,3935.8,109116605.0,0.0037,202185550200.0
2023-05-23,3968.23,3913.19,3971.94,3913.19,118685077.0,0.0040999999999999995,189955815300.0
2023-05-24,3903.78,3859.09,3903.78,3859.09,137258265.0,0.004699999999999999,211768410500.0
2023-05-25,3851.41,3850.5,3861.38,3817.84,124150770.0,0.0042,213313620100.00003
2023-05-26,3848.42,3850.95,3859.63,3815.57,100326439.0,0.0034000000000000002,191537814899.99997
2023-05-29,3862.08,3833.94,3866.72,3819.18,131859967.0,0.0044,230095604800.0
2023-05-30,3827.79,3837.75,3844.01,3789.27,137619629.0,0.0046,244566265500.0
2023-05-31,3827.16,3798.54,3827.16,3781.4,126387368.0,0.0042,235606123900.0
2023-06-01,3788.59,3806.87,3832.21,3786.73,134561881.0,0.0045000000000000005,241829546400.0
2023-06-02,3821.62,3861.83,3865.28,3821.62,125015110.0,0.0040999999999999995,232696547100.0
2023-06-05,3860.56,3844.25,3860.56,3832.46,116163989.0,0.0039000000000000003,211144360100.00003
2023-06-06,3840.46,3808.16,3867.85,3802.84,125781258.0,0.0042,222091722600.00003
2023-06-07,3815.48,3789.34,3823.11,3780.1,98862432.0,0.0033,189879792200.0
2023-06-08,3791.08,3820.19,3834.39,3777.78,118700934.0,0.0039000000000000003,199119300700.0
2023-06-09,3822.41,3836.7,3836.7,3811.22,134319863.0,0.0044,247296087100.0
2023-06-12,3827.33,3844.43,3859.72,3813.86,126758543.0,0.0040999999999999995,240791270500.0
2023-06-13,3838.13,3864.91,3867.3,3833.46,110924946.0,0.0037,225435215300.0
2023-06-14,3872.72,3864.02,3891.67,3862.06,124955759.0,0.0042,243932581200.0
2023-06-15,3871.77,3925.5,3925.5,3871.77,128369938.0,0.0043,282635910900.0
2023-06-16,3932.21,3963.35,3968.01,3928.54,139760076.0,0.0046,280374762800.0
2023-06-19,3957.03,3930.91,3957.03,3922.47,134905848.0,0.0045000000000000005,268213068600.0
2023-06-20,3926.09,3924.24,3937.49,3918.47,122520318.0,0.0040999999999999995,266274081300.0
2023-06-21,3909.1,3864.03,3920.13,3864.03,118346575.0,0.0039000000000000003,243630705600.0
2023-06-26,3833.44,3809.7,3841.29,3801.05,133990419.0,0.0044,247713845799.99997
2023-06-27,3811.69,3845.43,3851.9,3806.32,116992681.0,0.0039000000000000003,210097713700.0
2023-06-28,3836.61,3840.8,3846.85,3808.16,107021541.0,0.0034999999999999996,206187959899.99997
2023-06-29,3836.73,3821.84,3840.71,3817.38,98289274.0,0.0033,204110031400.0
2023-06-30,3816.33,3842.45,3860.03,3813.55,101268429.0,0.0034000000000000002,208146272900.0
2023-07-03,3853.29,3892.88,3897.33,3853.29,133158051.0,0.0044,256876520200.0
2023-07-04,3888.03,3899.01,3899.98,3878.4,109494527.0,0.0036,216335611400.0
2023-07-05,3895.19,3868.81,3899.52,3864.13,97636384.0,0.0032,188400265100.00003
2023-07-06,3857.03,3842.75,3876.89,3836.46,100121842.0,0.0033,184742420900.0
2023-07-07,3831.6,3825.7,3844.84,3819.08,100906920.0,0.0033,173918560700.0
2023-07-10,3841.56,3844.33,3865.46,3831.92,92033441.0,0.003,185360813100.0
2023-07-11,3853.8,3869.49,3870.65,3844.52,86510716.0,0.0028000000000000004,177585694400.0
2023-07-12,3864.6,3843.44,3874.04,3838.56,111522024.0,0.0037,214046519100.0
2023-07-13,3855.66,3898.42,3901.1,3855.66,120300232.0,0.004,235278706800.0
2023-07-14,3904.6,3899.1,3908.49,3893.79,122364846.0,0.004,220230466500.0
2023-07-17,3881.62,3867.17,3881.62,3852.26,98340144.0,0.0032,174623552800.0
2023-07-18,3871.04,3854.94,3871.04,3844.51,91438615.0,0.003,167104315100.0
2023-07-19,3848.48,3850.87,3860.01,3830.41,79585700.0,0.0026,151311481000.0
2023-07-20,3857.77,3823.69,3875.62,3818.71,92042076.0,0.003,174320872100.0
2023-07-21,3816.98,3821.91,3849.51,3808.8,79507563.0,0.0026,157144211200.0
2023-07-24,3803.35,3805.22,3828.79,3798.8,75483545.0,0.0025,151448369600.0
2023-07-25,3866.64,3915.12,3915.81,3866.64,163066320.0,0.0053,299853562200.0
2023-07-26,3908.17,3907.01,3912.98,3893.4,107881717.0,0.0034999999999999996,192912604800.0
2023-07-27,3914.23,3902.35,3935.36,3894.69,110667109.0,0.0036,196845425500.0
2023-07-28,3889.79,3992.74,4000.92,3886.55,179735481.0,0.0059,310092467400.0
2023-07-31,4018.89,4014.63,4064.36,4002.08,199606830.0,0.006500000000000001,366544120000.0
2023-08-01,4009.18,3998.0,4031.7,3983.03,142286859.0,0.004699999999999999,255620773600.0
2023-08-02,3985.7,3969.9,4008.33,3958.51,125855690.0,0.0040999999999999995,204875690900.0
2023-08-03,3962.13,4004.98,4005.0,3962.13,129006640.0,0.0042,224809824800.0
2023-08-04,4033.72,4020.58,4058.24,4011.62,178267189.0,0.0058,316529733800.0
2023-08-07,4002.97,3990.15,4002.97,3977.02,121310662.0,0.004,227090572800.0
2023-08-08,3980.04,3979.73,4002.29,3963.46,109871699.0,0.0036,202611335300.0
2023-08-09,3967.36,3967.57,3982.11,3961.84,94640269.0,0.0031,174394242800.0
2023-08-10,3962.86,3975.72,3976.46,3945.39,97176849.0,0.0032,175646730200.0
2023-08-11,3977.98,3884.25,3977.98,3884.25,126082931.0,0.0040999999999999995,203546314600.0
2023-08-14,3840.89,3855.91,3859.47,3814.07,115966336.0,0.0038,197623765200.0
2023-08-15,3858.37,3846.54,3865.28,3811.68,103097111.0,0.0034000000000000002,177437071700.00003
2023-08-16,3830.83,3818.33,3852.42,3817.63,94616946.0,0.0031,169323869000.0
2023-08-17,3801.2,3831.1,3836.15,3782.5,98415493.0,0.0032,174093848200.0
2023-08-18,3832.46,3784.0,3844.2,3784.0,95549638.0,0.0031,168445687000.0
2023-08-21,3773.23,3729.56,3782.11,3729.56,98708369.0,0.0032,173379942900.0
2023-08-22,3748.07,3758.23,3770.06,3704.68,120318327.0,0.0039000000000000003,203463879700.0
2023-08-23,3751.77,3696.63,3756.17,3695.03,97081638.0,0.0032,160476231600.0
2023-08-24,3711.54,3723.43,3748.86,3701.57,119614521.0,0.0039000000000000003,196257391100.0
2023-08-25,3703.51,3709.15,3734.22,3695.84,105182610.0,0.0034000000000000002,175601437200.0
2023-08-28,3911.55,3752.62,3911.55,3740.53,197990379.0,0.006500000000000001,335047671000.0
2023-08-29,3743.05,3790.11,3810.38,3742.08,152486146.0,0.005,262134936800.0
2023-08-30,3803.12,3788.51,3813.7,3780.24,129671661.0,0.0042,226727480799.99997
2023-08-31,3786.93,3765.27,3794.0,3762.0,118961646.0,0.0039000000000000003,193577001300.0
2023-09-01,3778.91,3791.49,3808.53,3778.91,105319045.0,0.0034000000000000002,172219141600.0
2023-09-04,3812.99,3848.95,3854.26,3804.59,142385201.0,0.004699999999999999,237934727900.0
2023-09-05,3839.58,3820.32,3839.58,3814.33,104052333.0,0.0034000000000000002,181377878000.0
2023-09-06,3808.1,3812.03,3817.52,3790.89,93442393.0,0.0031,166081524000.0
2023-09-07,3802.23,3758.47,3802.23,3756.85,95103903.0,0.0031,164405748800.0
2023-09-08,3747.65,3739.99,3753.26,3724.99,71638166.0,0.0023,129197657300.0
2023-09-11,3740.58,3767.54,3788.32,3734.72,105358016.0,0.0034999999999999996,186871759400.0
2023-09-12,3764.33,3760.6,3775.09,3755.42,79385378.0,0.0026,140117510200.0
2023-09-13,3759.61,3736.65,3768.82,3719.11,81576901.0,0.0027,138238089900.0
2023-09-14,3736.94,3733.51,3748.82,3717.31,100386075.0,0.0033,151578100500.0
2023-09-15,3740.79,3708.78,3749.02,3699.38,109395689.0,0.0036,180398970900.0
2023-09-18,3698.93,3727.71,3737.53,3691.11,86727741.0,0.0028000000000000004,156966973900.0
2023-09-19,3723.42,3720.5,3724.07,3702.69,83199038.0,0.0027,135216895200.0
2023-09-20,3715.96,3705.69,3718.52,3705.13,75448209.0,0.0025,117691806000.0
2023-09-21,3698.31,3672.44,3708.46,3672.44,83031005.0,0.0027,135011796600.0
2023-09-22,3672.64,3738.93,3740.42,3664.77,110231166.0,0.0036,192236467399.99997
2023-09-25,3738.06,3714.6,3738.06,3711.2,92596479.0,0.003,155793827400.0
2023-09-26,3711.71,3692.89,3723.85,3692.62,78044525.0,0.0026,137808437800.0
2023-09-27,3694.96,3700.5,3731.14,3694.39,91629210.0,0.003,164790435300.0
2023-09-28,3711.21,3689.52,3716.06,3685.3,85221719.0,0.0028000000000000004,153500421300.0
2023-10-09,3678.93,3684.73,3694.17,3642.0,102148058.0,0.0033,178072374700.0
2023-10-10,3696.25,3657.13,3701.26,3655.59,99163730.0,0.0032,161938958900.0
2023-10-11,3674.75,3667.55,3689.53,3658.36,102091587.0,0.0033,187667554100.0
2023-10-12,3697.93,3702.38,3711.5,3682.84,114363225.0,0.0037,194598219800.0
2023-10-13,3677.96,3663.41,3678.19,3652.31,98287987.0,0.0032,170152309000.0
2023-10-16,3664.04,3626.6,3664.04,3615.77,91853118.0,0.003,159537973600.0
2023-10-17,3635.3,3639.4,3645.57,3619.13,90745188.0,0.003,147056233300.0
2023-10-18,3631.07,3610.58,3632.06,3608.98,94545879.0,0.0031,158982356700.0
2023-10-19,3588.52,3533.54,3588.52,3532.31,111737520.0,0.0037,189194781800.0
2023-10-20,3518.35,3510.59,3535.66,3501.73,98518605.0,0.0032,169591289100.0
2023-10-23,3500.2,3474.24,3505.35,3450.65,96561652.0,0.0032,152054894200.0
2023-10-24,3481.76,3487.13,3495.0,3453.1,115547289.0,0.0038,186529203400.0
2023-10-25,3524.3,3504.46,3531.83,3500.92,128009617.0,0.0042,203691741100.0
2023-10-26,3484.78,3514.14,3515.57,3478.05,105143566.0,0.0034000000000000002,176088467200.0
2023-10-27,3501.17,3562.39,3576.59,3494.55,120225108.0,0.0039000000000000003,224301960400.0
2023-10-30,3554.11,3583.77,3592.72,3554.02,144010426.0,0.004699999999999999,242973328100.0
2023-10-31,3581.68,3572.51,3581.68,3554.58,112587267.0,0.0037,196317658299.99997
2023-11-01,3605.76,3571.03,3606.41,3564.64,97645538.0,0.0032,182943566400.0
2023-11-02,3580.07,3554.19,3597.17,3553.74,90359643.0,0.003,149465055400.0
2023-11-03,3558.53,3584.14,3596.1,3558.53,97542101.0,0.0032,165865989200.0
2023-11-06,3608.32,3632.61,3635.79,3600.63,152982463.0,0.005,254465948100.0
2023-11-07,3623.78,3619.76,3628.46,3606.3,110288591.0,0.0036,190433605300.0
2023-11-08,3610.64,3611.07,3627.05,3591.82,110594230.0,0.0036,192594372399.99997
2023-11-09,3603.11,3612.83,3624.41,3601.37,111872057.0,0.0037,189355228600.0
2023-11-10,3596.07,3586.49,3599.45,3576.1,102107034.0,0.0033,166924677300.0
2023-11-13,3593.91,3579.41,3599.39,3562.77,96707649.0,0.0032,164821249600.0
2023-11-14,3581.1,3582.06,3600.15,3568.88,100884158.0,0.0033,165935163400.0
2023-11-15,3616.88,3607.25,3620.6,3596.92,104929218.0,0.0034000000000000002,188932150500.0
2023-11-16,3600.98,3572.36,3605.29,3572.36,87464780.0,0.0029,146629217200.0
2023-11-17,3561.31,3568.07,3573.68,3547.03,87319207.0,0.0029,139621898700.0
2023-11-20,3569.73,3576.32,3586.97,3545.1,91080445.0,0.003,157449634700.0
2023-11-21,3587.88,3581.07,3615.06,3575.68,108594314.0,0.0034999999999999996,175922105900.0
2023-11-22,3569.44,3544.42,3574.38,3544.42,84784381.0,0.0028000000000000004,136041195500.0
2023-11-23,3541.44,3561.52,3562.07,3529.94,84800167.0,0.0028000000000000004,141499811500.0
2023-11-24,3560.65,3538.01,3560.65,3534.0,85018403.0,0.0028000000000000004,140101998600.0
2023-11-27,3534.44,3511.94,3534.44,3492.86,99102314.0,0.0032,155975437000.0
2023-11-28,3510.66,3518.52,3521.05,3501.11,89335789.0,0.0029,147740535900.0
2023-11-29,3518.88,3488.31,3519.2,3482.24,98841412.0,0.0032,155948236000.0
2023-11-30,3485.52,3496.2,3505.13,3481.45,101350820.0,0.0033,153790180700.0
2023-12-01,3494.22,3482.88,3494.22,3452.17,108530941.0,0.0034999999999999996,176078323500.0
2023-12-04,3481.04,3460.14,3488.13,3459.61,97156826.0,0.0032,164664395300.0
2023-12-05,3450.09,3394.26,3450.09,3393.81,100472007.0,0.0033,164840691100.0
2023-12-06,3387.88,3399.6,3420.28,3382.95,105805519.0,0.0034999999999999996,172142987700.0
2023-12-07,3394.31,3391.28,3404.41,3369.77,97713248.0,0.0032,160949948200.0
2023-12-08,3391.86,3399.46,3409.38,3383.45,129522054.0,0.0042,203034222600.00003
2023-12-11,3378.05,3419.45,3426.61,3346.89,139626249.0,0.0045000000000000005,219761181400.0
2023-12-12,3410.0,3426.8,3427.55,3406.1,105590013.0,0.0034000000000000002,166979964800.0
2023-12-13,3418.64,3369.61,3418.64,3369.61,95285367.0,0.0031,165455928400.0
2023-12-14,3387.38,3351.96,3399.14,3350.76,83655135.0,0.0027,150245775700.0
2023-12-15,3365.94,3341.55,3388.5,3339.52,97787783.0,0.0032,164907019400.0
2023-12-18,3329.19,3329.37,3352.35,3314.91,90526826.0,0.0029,142303319400.0
2023-12-19,3325.66,3334.04,3345.78,3313.19,83808118.0,0.0027,135293655399.99998
2023-12-20,3334.33,3297.5,3338.54,3297.37,92412868.0,0.003,141290542800.0
2023-12-21,3285.6,3330.87,3339.36,3283.99,102546198.0,0.0033,171120780600.0
2023-12-22,3329.47,3337.23,3359.06,3315.9,105220133.0,0.0034000000000000002,167336342300.0
2023-12-25,3330.33,3347.45,3348.88,3330.33,74542693.0,0.0024,121838327100.00002
2023-12-26,3345.4,3324.79,3345.42,3315.94,74732935.0,0.0024,121689997400.0
2023-12-27,3326.93,3336.36,3341.27,3309.67,94403928.0,0.0031,140924923700.0
2023-12-28,3335.56,3414.54,3423.4,3331.21,148064851.0,0.0048,245855634500.0
2023-12-29,3411.11,3431.11,3432.54,3409.58,114928932.0,0.0037,193573180500.0
2024-01-02,3426.27,3386.35,3426.27,3386.35,116180726.0,0.0038,184096097399.99997
2024-01-03,3379.75,3378.3,3392.85,3362.66,105613851.0,0.0034000000000000002,165099018600.0
2024-01-04,3375.02,3347.05,3375.02,3323.86,106721013.0,0.0034999999999999996,165512262700.0
2024-01-05,3341.31,3329.11,3372.54,3313.55,126400574.0,0.0040999999999999995,182251664899.99997
2024-01-08,3322.61,3286.06,3333.52,3283.34,117429485.0,0.0038,170761644899.99997
2024-01-09,3286.71,3292.5,3304.6,3273.84,109330465.0,0.0034999999999999996,172276323000.0
2024-01-10,3281.67,3277.13,3312.92,3268.25,94199366.0,0.003,159777649800.0
2024-01-11,3275.31,3295.67,3311.11,3266.79,108789735.0,0.0034999999999999996,180978533600.0
2024-01-12,3284.36,3284.17,3310.47,3279.7,96853555.0,0.0031,156536022300.0
2024-01-15,3270.1,3280.92,3306.92,3261.27,88851530.0,0.0029,144331722400.0
2024-01-16,3272.57,3300.88,3300.88,3260.44,113276665.0,0.0037,175650587500.0
2024-01-17,3291.14,3229.08,3291.14,3229.08,108769728.0,0.0034999999999999996,173516385200.0
2024-01-18,3214.28,3274.73,3279.25,3171.63,174909168.0,0.005699999999999999,256784536800.0
2024-01-19,3261.24,3269.78,3286.94,3251.81,118501408.0,0.0038,191261807100.0
2024-01-22,3262.47,3218.9,3281.42,3193.18,148705628.0,0.0048,225510031800.0
2024-01-23,3208.43,3231.93,3249.53,3188.13,122012000.0,0.0039000000000000003,193791168600.0
2024-01-24,3245.96,3277.11,3281.49,3190.47,154371954.0,0.005,219036341600.0
2024-01-25,3274.34,3342.92,3344.24,3269.79,196833614.0,0.0064,265521115000.0
2024-01-26,3326.65,3333.82,3351.97,3315.13,180664005.0,0.0058,238144899500.0
2024-01-29,3335.39,3303.96,3351.37,3303.96,184164795.0,0.006,244698013600.0
2024-01-30,3283.9,3245.04,3300.2,3244.97,143649350.0,0.0046,199592929899.99997
2024-01-31,3231.54,3215.35,3252.15,3201.93,153143469.0,0.0049,215333349899.99997
2024-02-01,3202.26,3217.71,3251.76,3191.9,145516792.0,0.004699999999999999,203815063200.0
2024-02-02,3219.87,3179.63,3235.41,3108.35,173758089.0,0.005600000000000001,234495151600.0
2024-02-05,3164.25,3200.42,3233.85,3111.52,203042970.0,0.0066,279713141500.0
2024-02-06,3185.25,3311.69,3314.51,3182.82,202713099.0,0.006500000000000001,285042020900.0
2024-02-07,3314.03,3343.63,3343.63,3289.67,216647933.0,0.006999999999999999,297997664600.0
2024-02-08,3351.41,3364.93,3367.21,3336.98,189977578.0,0.0060999999999999995,270239765200.0
2024-02-19,3393.19,3403.81,3403.81,3364.14,183319800.0,0.0059,267674145100.00003
2024-02-20,3395.19,3410.85,3415.89,3380.1,140734581.0,0.0045000000000000005,218459281900.0
2024-02-21,3390.36,3456.87,3500.13,3383.69,188879362.0,0.0060999999999999995,291823544600.0
2024-02-22,3450.35,3486.67,3486.68,3448.41,141020784.0,0.0046,225098128900.0
2024-02-23,3491.34,3489.74,3507.56,3472.97,144821273.0,0.004699999999999999,232926057100.0
2024-02-26,3485.54,3453.36,3492.61,3445.39,151248331.0,0.0049,238951637700.0
2024-02-27,3440.05,3494.79,3494.79,3437.44,139528246.0,0.0045000000000000005,244488721300.0
2024-02-28,3499.83,3450.26,3521.66,3450.26,189837548.0,0.0060999999999999995,328300591300.0
2024-02-29,3437.9,3516.08,3516.08,3437.9,155944532.0,0.005,281971899300.0
2024-03-01,3515.06,3537.8,3544.36,3503.46,162709570.0,0.0053,288575619200.0
2024-03-04,3538.37,3540.87,3548.69,3519.76,163244613.0,0.0053,297719931800.0
2024-03-05,3524.96,3565.51,3570.69,3519.08,166422389.0,0.0054,299895929700.0
2024-03-06,3556.53,3551.05,3577.39,3545.1,143076613.0,0.0046,248294165700.0
2024-03-07,3548.1,3529.72,3569.92,3522.9,148110510.0,0.0048,251839533000.0
2024-03-08,3529.55,3544.91,3548.51,3511.58,125792664.0,0.0040999999999999995,225379101000.0
2024-03-11,3545.94,3589.26,3589.26,3542.28,148202825.0,0.0048,286418582200.0
2024-03-12,3592.58,3597.49,3605.7,3574.21,180685560.0,0.0058,339997042299.99994
2024-03-13,3594.42,3572.36,3594.42,3563.37,144590590.0,0.004699999999999999,266898756400.0
2024-03-14,3571.79,3562.22,3597.46,3545.61,140962722.0,0.0046,263803609300.0
2024-03-15,3554.91,3569.99,3572.81,3533.68,138316044.0,0.0045000000000000005,243991558400.0
2024-03-18,3577.06,3603.53,3604.05,3573.4,160379438.0,0.0052,295314840600.0
2024-03-19,3593.34,3577.63,3610.74,3577.19,145571786.0,0.004699999999999999,259553448400.0
2024-03-20,3568.72,3585.38,3589.55,3568.43,129528966.0,0.0042,223752103900.0
2024-03-21,3593.07,3581.09,3601.11,3575.03,130743377.0,0.0042,233162492600.00003
2024-03-22,3571.27,3545.0,3575.72,3522.84,139227358.0,0.0045000000000000005,248850931000.0
2024-03-25,3536.71,3525.76,3564.96,3525.76,137015724.0,0.0044,233747256200.0
2024-03-26,3526.68,3543.75,3547.65,3518.6,126209535.0,0.0040999999999999995,226730734800.0
2024-03-27,3538.72,3502.79,3542.96,3502.79,128626763.0,0.0042,216404726600.0
2024-03-28,3498.48,3520.96,3551.21,3489.39,143334717.0,0.0046,232530806300.0
2024-03-29,3516.88,3537.48,3538.24,3516.88,128643290.0,0.0042,201749384400.0
2024-04-01,3551.58,3595.65,3600.92,3551.58,162776561.0,0.0053,251637272800.0
2024-04-02,3593.22,3580.68,3596.19,3568.75,141272972.0,0.0046,220207515500.0
2024-04-03,3578.68,3567.8,3582.43,3558.87,135592331.0,0.0044,214222897600.00003
2024-04-08,3553.56,3536.41,3567.82,3535.77,155304283.0,0.005,243249251700.00003
2024-04-09,3533.38,3533.49,3543.71,3518.86,129670942.0,0.0042,195893525600.0
2024-04-10,3528.97,3504.71,3531.23,3490.05,128790274.0,0.0042,199754768600.0
2024-04-11,3485.03,3504.24,3520.59,3484.93,126534395.0,0.0040999999999999995,200293481900.0
2024-04-12,3505.75,3475.84,3516.7,3470.06,128921116.0,0.0042,208566204700.0
2024-04-15,3473.5,3549.08,3552.41,3473.5,183941250.0,0.0059,267472484500.0
2024-04-16,3533.36,3511.11,3545.5,3503.62,176153065.0,0.005699999999999999,253315972300.0
2024-04-17,3509.13,3565.4,3565.94,3498.03,168466398.0,0.0054,244987812800.0
2024-04-18,3550.56,3569.8,3602.79,3547.6,178574105.0,0.0058,261329927300.0
2024-04-19,3550.61,3541.66,3560.95,3529.32,147281505.0,0.004699999999999999,226229520100.00003
2024-04-22,3536.18,3530.9,3558.16,3528.02,150579042.0,0.0049,229511183100.0
2024-04-23,3525.67,3506.22,3533.76,3499.98,143113504.0,0.0046,213257232200.0
2024-04-24,3514.01,3521.62,3524.54,3495.65,121739851.0,0.0039000000000000003,195299919700.0
2024-04-25,3510.64,3530.28,3543.97,3505.2,115187722.0,0.0037,184524622000.0
2024-04-26,3531.96,3584.27,3588.4,3531.96,197216133.0,0.0064,308045062300.0
2024-04-29,3584.54,3623.91,3645.82,3578.76,222721381.0,0.0072,358709708800.0
2024-04-30,3619.26,3604.39,3630.71,3604.39,191296899.0,0.0062,286674161800.0
2024-05-06,3654.05,3657.88,3668.26,3645.74,208018007.0,0.0067,333270472100.0
2024-05-07,3657.0,3659.01,3665.68,3648.38,164834286.0,0.0053,247368348000.0
2024-05-08,3650.75,3630.22,3650.94,3628.7,130035336.0,0.0042,199923460400.0
2024-05-09,3630.41,3664.56,3669.76,3630.41,146559017.0,0.004699999999999999,232694927900.0
2024-05-10,3669.09,3666.28,3674.61,3641.76,150720536.0,0.0049,233730562100.0
2024-05-13,3646.35,3664.69,3673.62,3634.6,157267455.0,0.0051,249688465100.00003
2024-05-14,3668.23,3657.05,3675.78,3646.71,133406490.0,0.0043,214643548200.0
2024-05-15,3651.05,3626.06,3656.53,3624.0,123522764.0,0.004,191480969400.0
2024-05-16,3636.6,3640.36,3657.48,3626.33,154630503.0,0.005,240288953500.0
2024-05-17,3638.56,3677.97,3677.97,3627.45,164570417.0,0.0053,247729525200.0
2024-05-20,3682.06,3690.96,3703.03,3677.44,184609423.0,0.0059,279971341500.0
2024-05-21,3682.29,3676.16,3684.61,3665.15,130678283.0,0.0042,196575354899.99997
2024-05-22,3675.65,3684.45,3691.88,3667.09,151914605.0,0.0049,230839373500.0
2024-05-23,3672.84,3641.79,3674.37,3633.51,142572990.0,0.0046,214205039000.0
2024-05-24,3630.83,3601.48,3650.87,3599.67,124791177.0,0.004,195344742200.0
2024-05-27,3606.65,3635.71,3638.15,3603.71,131272644.0,0.0042,206143742500.0
2024-05-28,3633.25,3609.17,3638.97,3605.92,123532238.0,0.004,184381268000.0
2024-05-29,3609.07,3613.52,3633.2,3602.82,115906321.0,0.0037,179072813299.99997
2024-05-30,3607.05,3594.31,3624.04,3586.75,122602995.0,0.0039000000000000003,193069647100.0
2024-05-31,3599.82,3579.92,3614.64,3579.92,112462019.0,0.0036,180707602900.0
2024-06-03,3577.38,3588.75,3600.6,3567.87,141054591.0,0.0045000000000000005,222756928200.0
2024-06-04,3583.81,3615.67,3622.5,3580.28,124545096.0,0.004,195790966200.0
2024-06-05,3610.36,3594.79,3623.32,3594.11,110906766.0,0.0036,182639598900.0
2024-06-06,3602.16,3592.25,3625.01,3584.17,137893517.0,0.0044,226764072600.00003
2024-06-07,3594.63,3574.11,3603.07,3552.09,131103026.0,0.0042,213001530100.00003
2024-06-11,3555.82,3542.88,3565.31,3525.89,134522306.0,0.0043,219282337200.0
2024-06-12,3539.09,3544.12,3551.17,3531.57,122813729.0,0.0039000000000000003,200722600600.0
2024-06-13,3548.22,3526.13,3551.08,3520.18,123245462.0,0.0039000000000000003,214792338400.0
2024-06-14,3514.8,3541.53,3547.15,3503.52,171516942.0,0.0055000000000000005,283768816800.0
2024-06-17,3521.44,3536.2,3540.79,3520.74,137433438.0,0.0044,232293851900.0
2024-06-18,3533.49,3545.59,3551.71,3532.78,123671838.0,0.0039000000000000003,208824124200.00003
2024-06-19,3543.36,3528.75,3543.36,3524.84,106642797.0,0.0034000000000000002,184790298700.0
2024-06-20,3525.17,3503.28,3533.99,3500.13,111617396.0,0.0036,186515776600.0
2024-06-21,3496.34,3495.62,3505.51,3473.83,109186615.0,0.0034999999999999996,182736735100.00003
2024-06-24,3473.64,3476.81,3505.78,3471.22,117990184.0,0.0038,195787549300.0
2024-06-25,3475.16,3457.9,3483.22,3440.65,118448118.0,0.0038,190886336800.0
2024-06-26,3451.54,3480.26,3487.4,3442.3,105898861.0,0.0034000000000000002,171538111700.00003
2024-06-27,3467.29,3454.12,3471.14,3452.58,114918101.0,0.0037,174112508800.0
2024-06-28,3443.67,3461.66,3484.68,3443.67,135409153.0,0.0043,205118806800.0
2024-07-01,3458.26,3478.18,3479.95,3443.81,121829770.0,0.0039000000000000003,188018227800.0
2024-07-02,3472.45,3471.79,3488.32,3464.52,121650121.0,0.0039000000000000003,186104752399.99997
2024-07-03,3471.56,3463.41,3478.7,3454.99,103857108.0,0.0033,163035359400.0
2024-07-04,3468.3,3445.81,3483.31,3444.93,104429909.0,0.0033,159477153600.0
2024-07-05,3443.36,3431.06,3451.04,3399.67,116609659.0,0.0037,181416567399.99997
2024-07-08,3420.8,3401.76,3428.04,3395.91,115528218.0,0.0037,177559765799.99997
2024-07-09,3396.8,3439.81,3448.93,3384.81,131629443.0,0.0042,215048837800.0
2024-07-10,3425.88,3428.97,3447.51,3423.65,127203456.0,0.0040999999999999995,198149476800.0
2024-07-11,3451.04,3468.17,3473.98,3438.12,145892466.0,0.004699999999999999,237551298500.0
2024-07-12,3459.96,3472.4,3479.1,3457.36,130874589.0,0.0042,205055553900.0
2024-07-15,3462.61,3476.25,3481.46,3460.79,118517083.0,0.0038,171584915400.0
2024-07-16,3466.85,3498.28,3500.29,3464.37,120659017.0,0.0038,200456285100.00003
2024-07-17,3494.21,3501.58,3514.48,3486.22,131802062.0,0.0042,222830802500.0
2024-07-18,3483.3,3520.93,3522.8,3475.72,123768199.0,0.0039000000000000003,215783795700.0
2024-07-19,3500.81,3539.02,3545.34,3493.07,132447975.0,0.0042,228065104100.0
2024-07-22,3538.4,3514.92,3540.19,3494.01,132126337.0,0.0042,217457320400.0
2024-07-23,3509.79,3439.88,3509.79,3439.88,128897660.0,0.0040999999999999995,202857560200.0
2024-07-24,3432.35,3418.17,3451.42,3408.41,127036263.0,0.0040999999999999995,184884499800.0
2024-07-25,3404.61,3399.27,3415.86,3383.8,131022242.0,0.0042,190131464800.0
2024-07-26,3403.71,3409.29,3420.82,3388.66,124195558.0,0.004,187853329500.0
2024-07-29,3404.37,3390.74,3408.5,3388.84,109787786.0,0.0034999999999999996,166697103800.0
2024-07-30,3380.69,3369.38,3380.69,3352.8,104952164.0,0.0033,165442824500.0
2024-07-31,3364.03,3442.08,3445.0,3364.03,171959177.0,0.0055000000000000005,258249147300.0
2024-08-01,3443.14,3419.27,3448.34,3419.19,136323464.0,0.0043,206038002500.0
2024-08-02,3393.92,3384.39,3419.1,3380.96,116615255.0,0.0037,179671192399.99997
2024-08-05,3362.11,3343.32,3409.03,3343.32,142812516.0,0.0046,223631266600.0
2024-08-06,3367.35,3342.98,3376.8,3318.63,119340279.0,0.0038,181724693800.0
2024-08-07,3338.59,3341.49,3362.38,3329.97,95084377.0,0.003,145078975300.0
2024-08-08,3332.43,3342.94,3364.79,3320.84,92495695.0,0.0029,149482926200.0
2024-08-09,3358.13,3331.63,3366.67,3331.63,91511626.0,0.0029,142852166600.0
2024-08-12,3327.56,3325.86,3338.08,3319.89,79938754.0,0.0025,117544892700.0
2024-08-13,3328.01,3334.39,3335.01,3310.19,84489679.0,0.0027,125259155300.0
2024-08-14,3332.79,3309.24,3332.79,3309.1,78742407.0,0.0025,118181952000.0
2024-08-15,3301.45,3341.95,3356.76,3297.97,104766399.0,0.0033,149249335400.0
2024-08-16,3342.03,3345.63,3356.91,3335.62,96519083.0,0.0031,135885323100.0
2024-08-19,3344.26,3356.97,3375.96,3343.71,105571110.0,0.0034000000000000002,143421671300.0
2024-08-20,3361.64,3332.7,3362.33,3321.64,101668331.0,0.0032,137910585100.0
2024-08-21,3322.91,3321.64,3339.44,3307.99,89954751.0,0.0029,130005992600.0
2024-08-22,3322.87,3313.14,3327.7,3305.25,100366504.0,0.0032,147702791600.0
2024-08-23,3305.93,3327.19,3336.24,3305.64,89525774.0,0.0029,132680886500.0
2024-08-26,3330.72,3324.22,3336.53,3311.57,93990772.0,0.003,139070604000.0
2024-08-27,3315.69,3305.33,3320.57,3299.56,95808157.0,0.0031,129755962899.99998
2024-08-28,3298.91,3286.5,3305.35,3274.59,92696650.0,0.003,135982311000.0
2024-08-29,3273.54,3277.68,3290.79,3269.53,130702333.0,0.0042,174340106400.0
2024-08-30,3273.75,3321.43,3351.63,3273.65,188695443.0,0.006,268376041200.0
2024-09-02,3307.54,3265.01,3307.76,3264.76,147612353.0,0.004699999999999999,194409996300.0
2024-09-03,3261.74,3273.43,3281.59,3261.19,122897306.0,0.0039000000000000003,155089488500.0
2024-09-04,3253.9,3252.16,3272.99,3249.98,104832482.0,0.0033,140070063100.0
2024-09-05,3252.96,3257.76,3266.88,3247.17,97109450.0,0.0031,134618198900.0
2024-09-06,3261.15,3231.35,3274.81,3231.07,88400417.0,0.0028000000000000004,121541545900.0
2024-09-09,3214.8,3192.95,3222.93,3180.93,108673069.0,0.0034999999999999996,146516054500.0
2024-09-10,3193.46,3195.76,3205.1,3171.79,97290078.0,0.0031,133610476100.0
2024-09-11,3187.05,3186.13,3197.34,3174.03,102482110.0,0.0033,141513837100.0
2024-09-12,3189.43,3172.47,3201.55,3171.88,92868657.0,0.003,136387244600.00002
2024-09-13,3174.03,3159.25,3188.91,3159.25,88336677.0,0.0028000000000000004,137448911400.0
2024-09-18,3158.82,3171.01,3179.9,3145.79,84722814.0,0.0027,123452148000.0
2024-09-19,3178.4,3196.04,3213.84,3149.79,125439272.0,0.004,181785109700.0
2024-09-20,3192.43,3201.05,3207.99,3173.22,118064098.0,0.0038,163985055000.0
2024-09-23,3200.87,3212.76,3230.16,3198.02,95344855.0,0.003,143876166900.0
2024-09-24,3244.65,3351.91,3351.97,3222.49,204072217.0,0.006500000000000001,307879526800.0
2024-09-25,3403.7,3401.53,3465.49,3393.44,241564255.0,0.0077,356862584900.0
2024-09-26,3399.32,3545.32,3545.32,3391.68,243134010.0,0.0077,373983643000.0
2024-09-27,3617.92,3703.68,3708.5,3596.58,265487774.0,0.0085,466692757500.0
2024-09-30,3846.65,4017.85,4038.7,3796.5,510217707.0,0.016200000000000003,862528807400.0
2024-10-08,4450.37,4256.1,4450.37,4094.35,589867894.0,0.0187,1130387437100.0
2024-10-09,4168.84,3955.98,4197.6,3942.51,482269295.0,0.015300000000000001,1029032062200.0
2024-10-10,3979.61,3997.79,4098.5,3912.77,395053099.0,0.0125,717952217500.0
2024-10-11,3969.76,3887.17,3978.24,3847.12,274096505.0,0.0087,484998267299.99994
2024-10-14,3915.22,3961.34,3979.54,3868.78,307578993.0,0.0097,534076602200.0
2024-10-15,3942.53,3855.99,3967.87,3855.99,242486448.0,0.0077,434410916700.0
2024-10-16,3806.14,3831.59,3877.75,3805.09,218866407.0,0.0069,377301324400.0
2024-10-17,3853.84,3788.22,3882.07,3787.75,212313820.0,0.0067,369170521599.99994
2024-10-18,3780.31,3925.23,3998.21,3765.16,312958834.0,0.009899999999999999,620673701900.0
2024-10-21,3946.9,3935.2,3979.26,3896.17,291185634.0,0.0092,600109598900.0
2024-10-22,3923.74,3957.78,3965.91,3917.52,223433396.0,0.0070999999999999995,442881846800.0
2024-10-23,3955.32,3973.21,4012.18,3939.1,245873949.0,0.0078000000000000005,469120806300.0
2024-10-24,3950.9,3928.83,3957.98,3914.09,174724062.0,0.0055000000000000005,340486884500.0
2024-10-25,3931.32,3956.42,3992.89,3921.94,210694885.0,0.0067,412231378400.00006
2024-10-28,3953.11,3964.16,3964.16,3917.2,216160415.0,0.0068000000000000005,390450182299.99994
2024-10-29,3970.01,3924.65,3991.31,3921.58,217293984.0,0.0069,429625020400.0
2024-10-30,3904.16,3889.45,3926.06,3864.31,219436626.0,0.0069,385010582200.0
2024-10-31,3888.42,3891.04,3923.9,3859.11,300636718.0,0.0095,515533818900.0
2024-11-01,3882.46,3890.02,3933.22,3879.96,307986481.0,0.0098,476472952000.0
2024-11-04,3897.71,3944.76,3944.76,3891.21,229239060.0,0.0073,381048606100.0
2024-11-05,3937.62,4044.57,4046.7,3925.41,316862794.0,0.01,580971852700.0
2024-11-06,4051.29,4024.28,4091.7,4002.5,335807938.0,0.0106,639124093900.0
2024-11-07,3987.27,4145.7,4146.15,3984.67,341436414.0,0.0108,658145920900.0
2024-11-08,4192.08,4104.05,4200.91,4094.16,332350385.0,0.0105,688446559800.0
2024-11-11,4066.93,4131.13,4132.51,4048.04,289594227.0,0.0092,625605935900.0
2024-11-12,4133.35,4085.74,4181.71,4060.79,297778086.0,0.009399999999999999,660380524800.0
2024-11-13,4059.59,4110.89,4121.07,4059.59,240484099.0,0.0076,512734303100.0
2024-11-14,4101.22,4039.62,4118.17,4034.94,230152784.0,0.0073,464157560800.0
2024-11-15,4025.65,3968.83,4049.07,3968.83,247399463.0,0.0078000000000000005,474079686599.99994
2024-11-18,3982.1,3950.38,4034.06,3931.19,306777946.0,0.0097,472408054799.99994
2024-11-19,3954.6,3976.89,3979.15,3896.75,242946465.0,0.0077,402610970300.0
2024-11-20,3966.12,3985.77,4001.08,3958.34,184599372.0,0.0058,347577693100.0
2024-11-21,3979.46,3989.3,3999.57,3966.07,166125927.0,0.0053,324235010800.0
2024-11-22,3984.24,3865.7,3990.26,3865.7,216285809.0,0.0068000000000000005,397566831800.0
2024-11-25,3875.61,3848.09,3889.71,3812.32,190702953.0,0.006,349006773200.0
2024-11-26,3836.26,3840.18,3875.23,3833.28,149892441.0,0.004699999999999999,264403254800.0
2024-11-27,3829.34,3907.04,3907.16,3817.91,174136096.0,0.0055000000000000005,320632355500.0
2024-11-28,3904.25,3872.55,3908.39,3866.01,150117291.0,0.004699999999999999,286432871200.0
2024-11-29,3869.89,3916.58,3962.7,3869.89,187656713.0,0.0059,375262017900.0
2024-12-02,3909.7,3947.63,3955.13,3902.17,197289784.0,0.0062,368591236000.0
2024-12-03,3946.7,3951.89,3963.95,3922.84,182496867.0,0.0058,327295048700.0
2024-12-04,3948.13,3930.56,3957.37,3917.75,174626318.0,0.0055000000000000005,312040419100.0
2024-12-05,3916.56,3921.59,3936.34,3910.08,138534038.0,0.0044,257716298000.0
2024-12-06,3923.9,3973.14,3995.12,3923.9,192057907.0,0.0060999999999999995,351751735400.0
2024-12-09,3970.66,3966.57,3995.51,3948.42,175959958.0,0.005600000000000001,308227216700.0
2024-12-10,4094.05,3995.64,4098.38,3988.97,253463795.0,0.008,487278042800.0
2024-12-11,3988.02,3988.83,4005.33,3977.35,177252846.0,0.005600000000000001,310713317900.0
2024-12-12,3987.15,4028.5,4031.74,3981.35,181621777.0,0.005699999999999999,333667518400.0
2024-12-13,4000.99,3933.18,4000.99,3931.74,230353079.0,0.0073,421478609300.0
2024-12-16,3930.78,3911.84,3938.76,3901.65,178511251.0,0.005600000000000001,327619081600.0
2024-12-17,3908.13,3922.03,3955.95,3908.13,160939090.0,0.005,306037370800.0
2024-12-18,3934.54,3941.89,3956.14,3933.97,157738321.0,0.0049,276825381200.0
2024-12-19,3911.89,3945.46,3954.35,3899.75,161081040.0,0.0051,321771606900.0
2024-12-20,3937.47,3927.74,3958.63,3923.26,154986496.0,0.0049,332143276400.0
2024-12-23,3928.15,3933.57,3965.85,3928.15,190067362.0,0.006,354063425200.00006
2024-12-24,3934.94,3983.69,3985.86,3934.73,161494589.0,0.0051,310384873300.0
2024-12-25,3987.96,3985.63,4007.76,3969.48,159390747.0,0.005,299295145800.0
2024-12-26,3981.73,3987.48,3991.53,3965.55,143425286.0,0.0045000000000000005,305769929400.0
2024-12-27,3987.02,3981.03,4007.13,3970.94,169268666.0,0.0053,345011075200.00006
2024-12-30,3976.7,3999.05,4005.78,3976.7,164612485.0,0.0052,322699390200.0
2024-12-31,3995.87,3934.91,4004.35,3934.91,183928397.0,0.0058,347880439500.0
2025-01-02,3931.82,3820.4,3934.2,3796.34,217898724.0,0.0068000000000000005,388636586599.99994
2025-01-03,3825.24,3775.16,3835.94,3767.67,175342676.0,0.0055000000000000005,304322755400.0
2025-01-06,3775.99,3768.97,3788.85,3743.07,150946670.0,0.004699999999999999,262803541100.0
2025-01-07,3760.87,3796.11,3797.6,3749.06,146455779.0,0.0046,266855795300.0
2025-01-08,3781.26,3789.22,3810.74,3731.19,169166968.0,0.0053,300965725400.0
2025-01-09,3780.73,3779.88,3795.26,3768.68,129794002.0,0.0040999999999999995,251486002800.0
2025-01-10,3778.89,3732.48,3786.81,3732.48,137523171.0,0.0043,275354209100.0
2025-01-13,3704.44,3722.51,3737.89,3704.11,136446199.0,0.0043,247861953200.0
2025-01-14,3728.56,3820.54,3826.64,3718.88,170664657.0,0.0054,345461480100.0
2025-01-15,3810.04,3796.03,3816.83,3790.17,141475520.0,0.0044,278850595500.0
2025-01-16,3812.19,3800.38,3842.95,3776.29,144505871.0,0.0045000000000000005,305734630800.0
2025-01-17,3788.37,3812.34,3831.64,3780.21,126621961.0,0.004,265437489600.0
2025-01-20,3835.3,3829.68,3858.67,3821.98,139581277.0,0.0044,292175449100.0
2025-01-21,3850.36,3832.61,3850.91,3817.12,141218406.0,0.0044,285073351700.0
2025-01-22,3823.94,3797.02,3823.94,3783.14,137255062.0,0.0043,298745637600.0
2025-01-23,3829.05,3803.74,3864.26,3801.85,180569551.0,0.005699999999999999,345198071100.0
2025-01-24,3793.85,3832.86,3847.6,3793.48,148971722.0,0.004699999999999999,296474375500.0
2025-01-27,3836.96,3817.08,3852.0,3817.08,146670772.0,0.0046,282940127500.0
2025-02-05,3844.7,3795.08,3844.7,3785.16,157168308.0,0.0049,346016202000.0
2025-02-06,3789.61,3842.83,3843.49,3788.32,167288176.0,0.0052,371891971100.0
2025-02-07,3844.06,3892.7,3919.35,3833.87,221857707.0,0.006999999999999999,487381557100.0
2025-02-10,3898.1,3901.06,3906.37,3878.83,188903040.0,0.0059,384968342900.0
2025-02-11,3905.16,3883.14,3905.16,3872.91,166574909.0,0.0052,337866056100.0
2025-02-12,3875.96,3919.86,3920.72,3867.35,164228540.0,0.0051,354830596300.0
2025-02-13,3913.9,3905.14,3939.2,3904.98,172485874.0,0.0054,376473453300.0
2025-02-14,3900.83,3939.01,3942.04,3900.83,172976452.0,0.0054,360974236900.0
2025-02-17,3954.41,3947.4,3955.9,3921.7,213588246.0,0.0067,430929575600.0
2025-02-18,3942.58,3912.78,3965.42,3901.87,209425101.0,0.006500000000000001,400186229900.0
2025-02-19,3906.22,3940.16,3943.67,3904.15,182829517.0,0.005699999999999999,363680372600.0
2025-02-20,3934.65,3928.9,3940.68,3916.18,163895236.0,0.005,325972429400.0
2025-02-21,3938.05,3978.44,3981.05,3927.79,227400330.0,0.006999999999999999,504645493600.0
2025-02-24,3972.48,3969.72,3995.95,3949.23,220810618.0,0.0068000000000000005,455088749700.0
2025-02-25,3933.64,3925.65,3955.43,3915.65,178108580.0,0.0055000000000000005,377981451300.0
2025-02-26,3931.84,3959.94,3960.33,3925.37,191062501.0,0.0059,386458193800.0
2025-02-27,3961.06,3968.12,3973.93,3933.46,202887963.0,0.0062,428272792700.00006
2025-02-28,3950.19,3890.05,3972.48,3886.4,198104147.0,0.0060999999999999995,420308043500.0
2025-03-03,3899.7,3888.47,3930.0,3872.59,177623166.0,0.0054,356057735000.0
2025-03-04,3865.99,3885.22,3890.42,3855.73,149850967.0,0.0046,297739246800.0
2025-03-05,3887.8,3902.57,3906.42,3877.02,158652751.0,0.0049,290860484500.0
2025-03-06,3923.38,3956.24,3964.49,3917.08,193960915.0,0.006,397419427600.0
2025-03-07,3944.91,3944.01,3967.07,3935.05,166732375.0,0.0051,340626700300.0
2025-03-10,3945.58,3928.8,3949.14,3905.13,152765232.0,0.004699999999999999,292574987500.0
2025-03-11,3890.43,3941.42,3941.42,3889.43,144754402.0,0.0044,287480453100.0
2025-03-12,3946.86,3927.23,3953.61,3921.47,156732190.0,0.0048,309627267400.0
2025-03-13,3925.74,3911.58,3939.29,3897.38,156536443.0,0.0048,295173112600.0
2025-03-14,3919.62,4006.56,4014.16,3919.62,216139003.0,0.0066,450895278800.0
2025-03-17,4020.64,3996.79,4021.73,3992.26,162202911.0,0.005,318904417400.0
2025-03-18,4011.78,4007.72,4016.87,3995.96,140208496.0,0.0043,292739319500.0
2025-03-19,4004.83,4010.17,4025.3,3989.51,144419428.0,0.0044,286075300800.0
2025-03-20,4011.06,3974.99,4012.04,3969.93,133754670.0,0.0040999999999999995,260020676800.0
2025-03-21,3966.51,3914.7,3983.15,3904.77,165905294.0,0.0051,309348613900.0
2025-03-24,3916.11,3934.85,3938.18,3907.2,152234674.0,0.004699999999999999,266051442600.00003
2025-03-25,3937.9,3932.3,3946.36,3921.53,140475399.0,0.0043,239246311000.0
2025-03-26,3930.21,3919.36,3942.03,3916.86,131164187.0,0.004,220943164500.0
2025-03-27,3911.38,3932.41,3952.99,3903.65,126793738.0,0.0039000000000000003,232173613800.0
2025-03-28,3930.78,3915.17,3934.23,3907.38,126356214.0,0.0039000000000000003,213379194300.0
2025-03-31,3905.98,3887.31,3928.45,3872.4,166798523.0,0.0051,268480316600.0
2025-04-01,3892.78,3887.68,3905.26,3882.4,140380274.0,0.0043,246041674700.0
2025-04-02,3884.42,3884.39,3900.49,3877.16,113043175.0,0.0034999999999999996,198267515300.0
2025-04-03,3843.42,3861.5,3883.7,3843.42,142599789.0,0.0044,263684681500.0
2025-04-07,3675.2,3589.44,3707.78,3514.12,312578586.0,0.0096,512971787700.00006
2025-04-08,3597.99,3650.76,3650.76,3583.87,280197312.0,0.0086,464021087800.0
2025-04-09,3606.1,3686.79,3686.79,3587.34,262305708.0,0.008,455031069300.0
2025-04-10,3749.13,3735.12,3756.14,3708.82,227252227.0,0.006999999999999999,403842564900.0
2025-04-11,3730.31,3750.52,3762.37,3708.46,168759691.0,0.0052,318535141900.0
2025-04-14,3772.04,3759.14,3776.63,3754.03,164462403.0,0.005,292571297000.0
2025-04-15,3756.48,3761.23,3764.49,3737.85,134006040.0,0.0040999999999999995,228604621400.0
2025-04-16,3757.88,3772.82,3775.17,3721.6,156359006.0,0.0048,261711094800.0
2025-04-17,3755.09,3772.22,3779.13,3749.5,122371002.0,0.0038,209012323100.0
2025-04-18,3760.04,3772.52,3782.04,3754.41,102948509.0,0.0032,173109384100.0
2025-04-21,3768.14,3784.88,3790.18,3763.14,121355730.0,0.0037,208085677399.99997
2025-04-22,3780.11,3783.95,3799.23,3778.08,125688257.0,0.0039000000000000003,210200698800.0
2025-04-23,3803.43,3786.88,3807.95,3780.52,131986870.0,0.004,247117386100.0
2025-04-24,3787.46,3784.36,3807.26,3775.21,117164560.0,0.0036,205483051400.0
2025-04-25,3792.08,3786.99,3801.58,3780.78,124591133.0,0.0038,220535052600.00003
2025-04-28,3786.39,3781.62,3792.01,3772.8,125145091.0,0.0038,210635318500.0
2025-04-29,3776.0,3775.08,3785.32,3768.03,111514694.0,0.0034000000000000002,197462744400.0
2025-04-30,3775.83,3770.57,3787.56,3768.76,143681658.0,0.0044,244820462200.0
2025-05-06,3794.38,3808.54,3809.09,3782.78,158520459.0,0.0049,267937090799.99997
2025-05-07,3861.58,3831.63,3863.68,3814.99,161172299.0,0.0049,286010735500.0
2025-05-08,3820.55,3852.9,3867.33,3816.26,124959833.0,0.0038,246987280600.0
2025-05-09,3848.62,3846.16,3853.66,3836.53,119389526.0,0.0037,216697939700.0
2025-05-12,3866.53,3890.61,3890.73,3859.03,153332460.0,0.004699999999999999,296122947800.0
2025-05-13,3915.59,3896.26,3915.59,3890.69,147320299.0,0.0045000000000000005,267586397700.0
2025-05-14,3894.84,3943.21,3960.52,3890.65,172033779.0,0.0053,319465226900.0
2025-05-15,3934.03,3907.2,3936.47,3904.91,138081749.0,0.0042,241464943600.0
2025-05-16,3898.67,3889.09,3903.85,3874.86,118405345.0,0.0036,208835664000.0
2025-05-19,3882.57,3877.15,3885.59,3866.57,98643414.0,0.003,184888170600.0
2025-05-20,3883.1,3898.17,3911.47,3881.74,104885234.0,0.0032,201636702500.0
2025-05-21,3899.44,3916.38,3928.63,3899.44,109791343.0,0.0034000000000000002,217037739400.0
2025-05-22,3912.6,3913.87,3923.02,3903.09,107597052.0,0.0033,197511410300.0
2025-05-23,3910.37,3882.27,3931.55,3882.27,120277419.0,0.0037,232945378299.99997
2025-05-26,3875.79,3860.11,3884.54,3849.04,109601207.0,0.0034000000000000002,208876792100.0
2025-05-27,3857.63,3839.4,3865.43,3834.85,98572425.0,0.003,178466763500.0
2025-05-28,3843.07,3836.24,3849.74,3833.96,89031026.0,0.0027,162496372700.0
2025-05-29,3838.01,3858.7,3869.79,3831.46,108471886.0,0.0033,209459602500.0
2025-05-30,3850.49,3840.23,3858.61,3829.25,111672228.0,0.0034000000000000002,199389751100.0
2025-06-03,3833.46,3852.01,3863.3,3832.72,131403090.0,0.004,226782772100.0
2025-06-04,3855.49,3868.74,3875.86,3855.49,116803873.0,0.0036,211736178200.0
2025-06-05,3872.64,3877.56,3883.13,3861.27,122878184.0,0.0038,231749275300.0
2025-06-06,3878.1,3873.98,3889.46,3869.39,110987971.0,0.0034000000000000002,202034736300.0
2025-06-09,3877.8,3885.25,3894.65,3871.99,136306293.0,0.0042,262023668500.0
2025-06-10,3887.55,3865.47,3897.46,3850.47,145563859.0,0.0045000000000000005,263647551800.0
2025-06-11,3870.67,3894.63,3911.61,3870.67,142414772.0,0.0044,257217704400.0
2025-06-12,3885.52,3892.2,3900.04,3870.38,133998697.0,0.0040999999999999995,260239581500.0
2025-06-13,3881.49,3864.18,3889.16,3853.82,172539536.0,0.0053,309172346200.0
2025-06-16,3853.62,3873.8,3876.17,3853.62,137341835.0,0.0042,246860982900.0
2025-06-17,3875.18,3870.38,3880.42,3860.41,122342526.0,0.0037,220399818900.0
2025-06-18,3871.65,3874.97,3881.35,3854.66,127528621.0,0.0039000000000000003,230553858299.99997
2025-06-19,3870.05,3843.09,3872.94,3834.95,130280658.0,0.004,234840180799.99997
2025-06-20,3839.78,3846.64,3856.48,3839.78,118151020.0,0.0036,213522822900.0
2025-06-23,3831.17,3857.9,3867.59,3827.08,133800892.0,0.0040999999999999995,232482215900.0
2025-06-24,3862.39,3904.03,3914.16,3862.39,163656188.0,0.005,294228720600.0
2025-06-25,3907.07,3960.07,3963.04,3902.18,187213671.0,0.005699999999999999,361727254600.0
2025-06-26,3953.16,3946.02,3964.48,3945.26,165316263.0,0.005,328102847500.0
2025-06-27,3949.79,3921.76,3969.26,3918.2,194557913.0,0.0059,343468229799.99994
2025-06-30,3920.31,3936.08,3940.36,3911.6,145170236.0,0.0044,288821434900.0
2025-07-01,3935.91,3942.76,3946.25,3924.72,128959362.0,0.0039000000000000003,236070338400.0
2025-07-02,3943.32,3943.68,3952.14,3929.7,147063062.0,0.0045000000000000005,246637847500.0
2025-07-03,3949.4,3968.07,3971.62,3945.14,141004006.0,0.0043,269609569500.0
2025-07-04,3967.46,3982.2,4013.85,3958.38,157197133.0,0.0048,290512992200.0
2025-07-07,3977.29,3965.17,3979.75,3956.57,131135273.0,0.004,225106992900.0
2025-07-08,3965.43,3998.45,4002.27,3965.43,156402895.0,0.0048,292089834200.0
2025-07-09,3997.5,3991.4,4016.74,3987.43,173293796.0,0.0053,305398796600.0
2025-07-10,3993.42,4010.02,4032.98,3992.52,209778904.0,0.0064,347836703600.0
2025-07-11,4011.47,4014.81,4065.94,4010.11,262052773.0,0.008,443780794900.0
2025-07-14,4021.21,4017.67,4034.92,4017.67,207917175.0,0.0063,321415945200.0
2025-07-15,4023.99,4019.06,4042.66,3994.26,191042931.0,0.0058,353524574400.0
2025-07-16,4019.39,4007.2,4027.86,3993.92,151027308.0,0.0046,300656795700.0
2025-07-17,4005.07,4034.49,4034.59,4005.07,161249041.0,0.0049,325516865700.0
2025-07-18,4039.87,4058.55,4064.64,4039.32,186211063.0,0.005699999999999999,354244444600.0
2025-07-21,4069.77,4085.61,4086.12,4063.44,223268476.0,0.0068000000000000005,377938564900.0
2025-07-22,4087.34,4118.96,4119.2,4068.34,257596985.0,0.0078000000000000005,450874014500.0
2025-07-23,4129.15,4119.77,4155.68,4113.91,300506154.0,0.0091,470330899400.0
2025-07-24,4116.83,4149.04,4152.43,4111.88,319632392.0,0.0097,487000043900.0
2025-07-25,4145.32,4127.16,4150.5,4117.8,273594963.0,0.0083,430445513500.0
2025-07-28,4128.2,4135.82,4146.12,4112.97,222759815.0,0.0068000000000000005,406792874000.0
2025-07-29,4132.68,4152.02,4153.33,4117.58,230807880.0,0.006999999999999999,428764311000.0
2025-07-30,4148.94,4151.24,4185.21,4127.43,249853048.0,0.0076,445168467700.00006
2025-07-31,4141.56,4075.59,4141.82,4063.67,267087406.0,0.008100000000000001,492142571700.0
2025-08-01,4069.93,4054.93,4085.35,4040.46,196221826.0,0.006,359685164200.0
2025-08-04,4037.94,4070.7,4070.7,4037.94,162275902.0,0.0049,295976826600.0
2025-08-05,4080.39,4103.45,4106.3,4075.58,178851999.0,0.0054,306934255800.0
2025-08-06,4100.43,4113.49,4116.71,4098.35,176676155.0,0.0054,307674626100.0
2025-08-07,4120.28,4114.67,4129.74,4094.82,198641902.0,0.006,358108367000.0
2025-08-08,4109.27,4104.97,4122.21,4097.42,173171201.0,0.0053,308507687600.0
2025-08-11,4110.29,4122.51,4134.25,4103.6,190443716.0,0.0058,360685826200.0
2025-08-12,4123.58,4143.83,4153.29,4121.22,177287823.0,0.0054,383088423300.0
2025-08-13,4150.5,4176.58,4186.75,4147.2,213934999.0,0.006500000000000001,462776745500.0
2025-08-14,4179.97,4173.31,4220.31,4165.94,221103595.0,0.0067,485075642600.0
2025-08-15,4162.42,4202.35,4214.73,4157.5,261327566.0,0.0079,518686873500.0
2025-08-18,4218.25,4239.41,4272.96,4203.42,301479102.0,0.0091,635365867200.0
2025-08-19,4241.77,4223.37,4264.23,4215.21,250818771.0,0.0076,553536203300.0
2025-08-20,4208.4,4271.4,4272.15,4190.56,246481773.0,0.0075,538815306100.0
2025-08-21,4284.37,4288.07,4308.45,4273.65,259030014.0,0.0079,558521269000.0
2025-08-22,4287.36,4378.0,4378.39,4287.36,290434897.0,0.0088,675935075400.0001
2025-08-25,4416.29,4469.22,4472.65,4404.78,358090006.0,0.0109,823681964500.0
2025-08-26,4453.35,4452.59,4476.8,4435.53,270621395.0,0.008199999999999999,627950450200.0
2025-08-27,4458.84,4386.13,4494.91,4386.13,333133898.0,0.0101,785098483000.0
2025-08-28,4378.04,4463.78,4464.8,4364.17,296834536.0,0.009000000000000001,739423602200.0
2025-08-29,4455.8,4496.76,4516.84,4452.36,351938947.0,0.010700000000000001,831194066200.0
2025-09-01,4516.88,4523.71,4528.13,4487.53,320366708.0,0.0098,770378288100.0
2025-09-02,4521.98,4490.45,4548.89,4454.42,303932566.0,0.009300000000000001,777999298000.0
2025-09-03,4501.34,4459.83,4510.73,4427.52,254320217.0,0.0077,655697116700.0
2025-09-04,4461.25,4365.21,4465.5,4327.51,307934609.0,0.009399999999999999,773124597000.0
2025-09-05,4365.61,4460.32,4466.56,4350.3,249625657.0,0.0076,664166970900.0
2025-09-08,4467.17,4467.57,4482.76,4438.07,267638382.0,0.008199999999999999,683630879800.0
2025-09-09,4448.74,4436.26,4472.09,4412.69,221375460.0,0.0068000000000000005,562861104000.0
2025-09-10,4438.3,4445.36,4466.63,4414.59,203597646.0,0.0062,535539349500.0
2025-09-11,4438.84,4548.03,4548.03,4427.92,253264051.0,0.0078000000000000005,693156671400.0
2025-09-12,4544.59,4522.0,4564.67,4517.79,266442003.0,0.008100000000000001,689576075699.9999
2025-09-15,4534.89,4533.06,4566.91,4522.5,231885678.0,0.0070999999999999995,613314652400.0
2025-09-16,4539.92,4523.34,4552.42,4494.79,249269206.0,0.0076,613728334800.0
2025-09-17,4517.29,4551.02,4556.03,4503.8,235716472.0,0.0072,608454200500.0
2025-09-18,4546.03,4498.11,4573.83,4454.99,309859826.0,0.0095,839987127400.0
2025-09-19,4499.09,4501.92,4533.09,4491.84,225044000.0,0.0069,603887059800.0
2025-09-22,4512.03,4522.61,4523.87,4487.13,196459956.0,0.006,563149164300.0
2025-09-23,4536.76,4519.78,4560.73,4459.73,252827062.0,0.0077,680513630699.9999
2025-09-24,4495.27,4566.07,4567.49,4494.11,220482608.0,0.0067,629161495500.0
2025-09-25,4563.98,4593.49,4613.95,4558.84,229823333.0,0.006999999999999999,669866986600.0
2025-09-26,4576.91,4550.05,4597.85,4550.05,208482114.0,0.0064,598723903200.0
2025-09-29,4555.03,4620.05,4647.57,4541.43,274358877.0,0.0084,693395231200.0
2025-09-30,4629.9,4640.69,4647.5,4616.22,247980359.0,0.0076,664624101900.0
2025-10-09,4662.11,4709.48,4726.34,4651.99,347678696.0,0.0106,862208005900.0
2025-10-10,4679.5,4616.83,4692.59,4600.96,319020899.0,0.0098,792743047300.0
2025-10-13,4490.87,4593.98,4601.81,4490.87,315010354.0,0.0096,714001634400.0
2025-10-14,4634.05,4539.06,4641.45,4520.93,372954030.0,0.011399999999999999,808959003199.9999
2025-10-15,4544.24,4606.29,4608.82,4526.83,284771855.0,0.0087,607326345300.0
2025-10-16,4588.92,4618.42,4645.1,4586.28,248235518.0,0.0076,560567191700.0
2025-10-17,4610.7,4514.23,4618.56,4509.33,256905617.0,0.0078000000000000005,559085965200.0
2025-10-20,4558.24,4538.22,4570.44,4520.5,218420405.0,0.0067,505798833700.0
2025-10-21,4556.12,4607.87,4615.46,4547.93,215711175.0,0.0066,551390253200.0
2025-10-22,4576.03,4592.57,4603.49,4567.24,185333960.0,0.005699999999999999,440935302700.00006
2025-10-23,4578.7,4606.34,4611.34,4541.69,200463917.0,0.0060999999999999995,420800208800.0
2025-10-24,4622.79,4660.68,4660.68,4622.79,208814483.0,0.0064,551986648600.0
2025-10-27,4699.38,4716.02,4720.43,4687.69,262200674.0,0.008,672670372500.0
2025-10-28,4697.73,4691.97,4734.32,4679.23,220906645.0,0.0067,571563257100.0
2025-10-29,4701.04,4747.84,4747.84,4697.27,246211324.0,0.0075,645898688800.0
2025-10-30,4735.98,4709.91,4761.83,4706.45,273289118.0,0.0083,719956285400.0001
2025-10-31,4702.49,4640.67,4706.14,4640.67,281464740.0,0.0086,680712251500.0
2025-11-03,4636.73,4653.4,4653.4,4595.73,239869809.0,0.0073,557602941100.0
2025-11-04,4649.35,4618.7,4665.32,4595.07,233224032.0,0.0070999999999999995,505177701000.0
2025-11-05,4562.11,4627.26,4642.61,4558.76,203045871.0,0.0062,468361161400.0
2025-11-06,4642.01,4693.4,4698.09,4642.01,224241008.0,0.0068000000000000005,553641780900.0
2025-11-07,4673.76,4678.79,4701.37,4666.04,212497377.0,0.006500000000000001,507573849500.0
2025-11-10,4688.12,4695.05,4695.18,4654.21,236026764.0,0.0072,593977127600.0
2025-11-11,4706.34,4652.17,4707.13,4648.49,186638858.0,0.005699999999999999,477629076400.0
2025-11-12,4643.56,4645.91,4669.61,4620.99,209460592.0,0.0064,492308866400.0
2025-11-13,4643.79,4702.07,4703.49,4643.79,207367474.0,0.0063,510060678200.0
2025-11-14,4663.32,4628.14,4684.26,4628.02,192092676.0,0.0059,444720433600.0
2025-11-17,4616.81,4598.05,4624.9,4580.26,188955466.0,0.0058,438940097500.0
2025-11-18,4584.79,4568.19,4606.62,4552.8,177713185.0,0.0054,420150126500.0
2025-11-19,4568.04,4588.29,4607.86,4568.04,172924974.0,0.0053,385230482000.0
2025-11-20,4619.54,4564.95,4620.65,4560.18,194562593.0,0.0059,415064817700.00006
2025-11-21,4513.39,4453.61,4527.04,4453.18,222851013.0,0.0068000000000000005,481295814500.0
2025-11-24,4473.16,4448.05,4478.81,4421.81,185833729.0,0.005699999999999999,425807469500.0
2025-11-25,4475.84,4490.4,4510.77,4467.35,169571929.0,0.0052,411523797000.0
2025-11-26,4490.2,4517.63,4538.14,4485.7,156200368.0,0.0048,427361377700.00006
2025-11-27,4520.01,4515.4,4559.22,4509.86,150311772.0,0.0046,417789843600.0
2025-11-28,4511.5,4526.66,4531.72,4492.43,142902096.0,0.0044,341832318000.0
2025-12-01,4539.19,4576.49,4576.97,4531.29,200382317.0,0.0060999999999999995,463861587299.99994
2025-12-02,4571.91,4554.33,4575.49,4539.43,148493132.0,0.0045000000000000005,364366426500.0
2025-12-03,4554.59,4531.05,4569.82,4523.5,169762790.0,0.0052,374486168900.0
2025-12-04,4533.6,4546.57,4557.42,4514.19,147198110.0,0.0045000000000000005,348767399200.0
2025-12-05,4547.91,4584.54,4593.83,4535.02,196799968.0,0.006,412146806500.0
2025-12-08,4593.14,4621.75,4640.63,4592.74,199620990.0,0.0060999999999999995,496716196100.0
2025-12-09,4611.38,4598.22,4628.7,4584.25,184160344.0,0.005600000000000001,452113884600.0
2025-12-10,4586.25,4591.83,4598.54,4549.08,169111106.0,0.0052,401452781500.0
2025-12-11,4597.19,4552.18,4610.28,4547.14,168419405.0,0.0051,432431093500.0
2025-12-12,4558.74,4580.95,4583.68,4530.78,212826520.0,0.006500000000000001,523863221700.0
2025-12-15,4550.0,4552.06,4595.05,4548.44,167589967.0,0.0051,424383389799.99994
2025-12-16,4542.42,4497.55,4553.08,4484.27,165165201.0,0.005,390500134300.0
2025-12-17,4499.77,4579.88,4594.66,4498.93,178424830.0,0.0054,452504741100.0
2025-12-18,4553.98,4552.79,4571.97,4544.14,151681328.0,0.0046,382102395700.0
2025-12-19,4561.37,4568.18,4591.09,4546.85,154876220.0,0.004699999999999999,371577144300.0
2025-12-22,4587.67,4611.62,4615.87,4587.67,165252856.0,0.005,448240599500.0
2025-12-23,4616.03,4620.73,4644.53,4607.8,169256412.0,0.0051,433141326000.0
2025-12-24,4623.68,4634.06,4639.43,4602.14,153711241.0,0.004699999999999999,406375640700.0
2025-12-25,4629.32,4642.54,4651.15,4621.92,139434186.0,0.0042,385356060800.0
2025-12-26,4639.79,4657.24,4676.13,4635.11,175396565.0,0.0053,460426934300.0
2025-12-29,4658.27,4639.37,4672.04,4629.06,200397133.0,0.0060999999999999995,482613536500.0
2025-12-30,4617.32,4651.28,4664.33,4616.63,180374974.0,0.0055000000000000005,457185489000.0
2025-12-31,4656.48,4629.94,4667.05,4622.1,170760224.0,0.0052,444491545700.0
2026-01-05,4661.62,4717.75,4721.64,4661.62,234144839.0,0.0070999999999999995,630577351300.0
2026-01-06,4719.21,4790.69,4790.69,4718.01,296970686.0,0.009000000000000001,725414566900.0
2026-01-07,4796.93,4776.67,4802.6,4751.07,259095564.0,0.0079,664897929400.0
2026-01-08,4761.01,4737.65,4765.49,4717.01,238804957.0,0.0073,630655638000.0
2026-01-09,4725.96,4758.92,4771.43,4719.13,254688038.0,0.0077,668788811100.0
2026-01-12,4769.65,4789.92,4795.93,4737.57,294833165.0,0.009000000000000001,799954082400.0
2026-01-13,4798.05,4761.03,4836.95,4745.52,301449497.0,0.0092,801054979599.9999
2026-01-14,4767.7,4741.93,4818.1,4720.25,364951023.0,0.0111,891334219200.0
2026-01-15,4721.8,4751.43,4769.55,4720.94,254003636.0,0.0077,674058683600.0
2026-01-16,4778.43,4731.87,4792.55,4715.36,325278929.0,0.009899999999999999,785624166100.0
2026-01-19,4720.19,4734.46,4761.63,4715.09,267612492.0,0.008100000000000001,655149256200.0
2026-01-20,4736.91,4718.88,4748.23,4684.97,282719579.0,0.0086,671960685400.0001
2026-01-21,4714.55,4723.07,4758.28,4714.24,266353332.0,0.008100000000000001,665330511200.0
2026-01-22,4741.75,4723.71,4757.76,4700.45,274199932.0,0.0083,690235248199.9999
2026-01-23,4729.59,4702.5,4734.79,4684.62,314635445.0,0.0096,755617735500.0
2026-01-26,4715.38,4706.96,4754.18,4693.16,363004481.0,0.011000000000000001,796832970300.0
2026-01-27,4705.17,4705.69,4736.99,4675.64,301475697.0,0.0092,715267914800.0
2026-01-28,4725.6,4717.99,4739.63,4697.91,382255602.0,0.0116,829414067099.9999
2026-01-29,4733.09,4753.87,4770.96,4696.05,415513055.0,0.0126,917966160300.0
2026-01-30,4723.08,4706.34,4738.87,4645.47,319786531.0,0.0097,750564885200.0
2026-02-02,4674.28,4605.98,4716.61,4601.76,304773500.0,0.009300000000000001,725920381300.0
2026-02-03,4648.36,4660.11,4662.13,4578.21,265549405.0,0.008100000000000001,666626842800.0
2026-02-04,4647.97,4698.68,4701.48,4641.84,264881032.0,0.008,636018589900.0
2026-02-05,4664.75,4670.42,4687.02,4639.43,237856351.0,0.0072,550433167200.0
2026-02-06,4622.97,4643.6,4678.26,4606.64,202716477.0,0.0062,505759806200.0
2026-02-09,4693.67,4719.06,4719.96,4679.9,207251938.0,0.0063,522757267200.0
2026-02-10,4718.26,4724.3,4732.09,4713.87,187000958.0,0.005699999999999999,450339579000.0
2026-02-11,4715.67,4713.82,4723.7,4703.69,173391681.0,0.0053,433428613400.00006
2026-02-12,4720.01,4719.58,4726.04,4707.74,197841439.0,0.006,490473852299.99994
2026-02-13,4693.41,4660.41,4703.63,4658.4,189167756.0,0.005699999999999999,452878594099.99994
2026-02-24,4727.3,4707.54,4727.37,4698.35,218488890.0,0.0066,526084235600.0
2026-02-25,4713.58,4735.89,4766.56,4713.34,284268354.0,0.0086,596903872600.0
2026-02-26,4741.39,4726.87,4742.15,4706.69,234847644.0,0.0070999999999999995,599848915400.0
2026-02-27,4698.3,4710.65,4721.01,4692.89,261420865.0,0.0079,578820992500.0
2026-03-02,4681.01,4728.67,4735.41,4667.28,349260752.0,0.0106,752681937800.0
2026-03-03,4737.32,4655.9,4744.6,4651.4,370624272.0,0.011200000000000002,801659243800.0
2026-03-04,4609.19,4602.62,4639.42,4575.82,303035666.0,0.0092,608923128600.0
2026-03-05,4651.94,4647.69,4671.53,4630.3,259317825.0,0.0079,570443777100.0
2026-03-06,4621.49,4660.44,4671.71,4612.79,238527926.0,0.0072,487807080200.00006
2026-03-09,4600.25,4615.46,4625.98,4548.97,322787617.0,0.0098,665821508000.0
2026-03-10,4648.79,4674.76,4677.6,4648.79,263903748.0,0.008,557607876100.0
2026-03-11,4681.03,4704.5,4711.87,4674.71,270175443.0,0.008199999999999999,579564397600.0
2026-03-12,4700.72,4687.56,4704.38,4654.31,302986816.0,0.0092,572105482500.0
2026-03-13,4669.06,4669.14,4707.42,4659.5,310772009.0,0.009399999999999999,580305608200.0
2026-03-16,4669.22,4671.56,4673.69,4621.81,296215070.0,0.009000000000000001,598799098400.0
2026-03-17,4685.57,4637.44,4720.86,4637.37,263021913.0,0.008,578501505800.0
2026-03-18,4648.75,4658.33,4662.29,4604.52,234690705.0,0.0070999999999999995,524173911500.0
2026-03-19,4611.44,4583.25,4634.55,4570.39,254130449.0,0.0077,547850295800.0
2026-03-20,4602.82,4567.02,4628.71,4563.07,257873703.0,0.0078000000000000005,615463088600.0
2026-03-23,4499.1,4418.0,4514.72,4397.57,328081945.0,0.01,671719761100.0
2026-03-24,4458.91,4474.72,4474.83,4394.29,255532517.0,0.0077,530149390300.0
2026-03-25,4506.62,4537.47,4542.18,4502.03,262639279.0,0.008,550428161200.0
2026-03-26,4525.33,4477.53,4541.05,4468.96,213736788.0,0.006500000000000001,471127498400.00006
2026-03-27,4431.5,4502.57,4519.89,4431.42,192400388.0,0.0058,440517561599.99994
2026-03-30,4461.74,4491.95,4496.41,4447.14,209293092.0,0.0063,444629519700.0
2026-03-31,4491.92,4450.05,4523.17,4450.05,224541585.0,0.0068000000000000005,484558113000.0
2026-04-01,4517.27,4526.07,4532.11,4492.05,216483196.0,0.0066,503744057000.0
2026-04-02,4514.44,4478.91,4519.69,4459.61,190992161.0,0.0058,429949131700.0
2026-04-03,4492.85,4440.79,4494.46,4437.6,168321705.0,0.0051,373234910200.00006
2026-04-07,4445.86,4440.62,4458.93,4420.69,162638787.0,0.0049,378261695000.0
2026-04-08,4517.34,4595.56,4595.56,4513.77,253339213.0,0.0077,641779181000.0
2026-04-09,4562.67,4566.22,4579.2,4552.42,184939783.0,0.005600000000000001,500445676700.0
2026-04-10,4594.95,4636.57,4655.1,4590.11,208678605.0,0.0063,625717995600.0
2026-04-13,4615.13,4646.15,4653.4,4615.13,196712277.0,0.006,556620945200.0
2026-04-14,4676.12,4701.28,4701.28,4654.85,204700332.0,0.0062,605717793600.0
2026-04-15,4726.64,4685.25,4731.27,4672.56,201688500.0,0.0060999999999999995,604550556800.0
2026-04-16,4694.43,4736.61,4739.22,4689.41,192057600.0,0.0058,567611323600.0
2026-04-17,4729.0,4728.67,4738.32,4714.47,182915336.0,0.0055000000000000005,587622682300.0
2026-04-20,4727.17,4757.44,4763.04,4720.69,221633494.0,0.0067,626568410300.0
2026-04-21,4750.51,4768.0,4776.83,4722.01,205614058.0,0.0062,580407995600.0
2026-04-22,4751.28,4799.63,4801.45,4750.35,204481830.0,0.0062,619505670200.0
2026-04-23,4816.03,4786.33,4823.47,4759.86,232865736.0,0.006999999999999999,693853776000.0
2026-04-24,4771.73,4769.37,4786.44,4735.61,193798314.0,0.0059,680097832500.0
2026-04-27,4776.34,4770.95,4795.17,4762.64,192796550.0,0.0058,648904815000.0
2026-04-28,4757.08,4758.21,4778.19,4743.44,216724233.0,0.0066,631521664900.0
2026-04-29,4737.58,4810.35,4813.61,4737.11,233298110.0,0.0070999999999999995,681020507300.0
2026-04-30,4820.97,4807.31,4829.27,4797.54,250633370.0,0.0076,726665374500.0
2026-05-06,4857.65,4877.09,4892.8,4834.28,274443880.0,0.0083,881744311600.0
2026-05-07,4895.8,4900.51,4901.86,4866.87,257833972.0,0.0078000000000000005,787236200000.0
2026-05-08,4871.12,4871.91,4887.21,4849.99,251720996.0,0.0076,716546104100.0
2026-05-11,4902.28,4951.84,4960.4,4889.57,305734801.0,0.009300000000000001,904479321900.0
2026-05-12,4965.02,4948.05,4971.3,4926.79,273812001.0,0.0083,819351442700.0
2026-05-13,4919.42,4998.34,5001.12,4919.42,268454537.0,0.008100000000000001,823173197900.0001
2026-05-14,5027.64,4914.6,5030.52,4913.6,280695379.0,0.0085,857446326200.0
2026-05-15,4911.62,4859.59,4935.62,4832.69,276967769.0,0.0084,887687427000.0
2026-05-18,4836.33,4833.52,4868.6,4806.15,239077587.0,0.0072,733452822600.0
2026-05-19,4818.71,4852.88,4854.52,4773.53,232280852.0,0.006999999999999999,712401050000.0
2026-05-20,4829.61,4850.7,4866.21,4825.64,220023206.0,0.0067,729653332800.0
2026-05-21,4886.24,4783.1,4937.93,4780.71,287342507.0,0.0087,891936348000.0
2026-05-22,4818.84,4845.1,4851.35,4785.35,286940435.0,0.0087,771823300900.0
2026-05-25,4873.2,4921.6,4922.44,4857.13,264743236.0,0.008,861179421900.0
2026-05-26,4900.12,4947.85,4952.74,4892.68,302799476.0,0.0092,899094487900.0001
2026-05-27,4940.95,4908.17,4974.21,4891.34,301709175.0,0.0091,909011907000.0
2026-05-28,4889.27,4914.21,4922.33,4843.23,267432731.0,0.008100000000000001,819897918900.0
2026-05-29,4937.51,4892.12,4954.07,4878.79,332518610.0,0.0101,942236490100.0
2026-06-01,4897.9,4844.26,4918.79,4836.69,296134051.0,0.009000000000000001,823984849000.0
2026-06-02,4860.61,4914.56,4930.28,4832.0,281731662.0,0.0085,806751344400.0
2026-06-03,4921.34,4938.81,4991.85,4904.9,304035947.0,0.0092,906047729400.0
2026-06-04,4897.32,4904.75,4938.78,4889.75,264808910.0,0.008,736143410000.0
2026-06-05,4886.96,4816.92,4924.34,4798.91,301929336.0,0.0091,839863796400.0
2026-06-08,4703.77,4713.64,4779.86,4677.57,299647565.0,0.0091,761046395200.0
2026-06-09,4743.45,4801.81,4802.5,4715.39,258391601.0,0.0078000000000000005,713286998800.0
2026-06-10,4753.12,4748.59,4786.52,4718.99,259297109.0,0.0078000000000000005,694628416100.0
2026-06-11,4730.07,4722.41,4766.17,4685.5,247177059.0,0.0075,653931756300.0
2026-06-12,4784.64,4777.32,4809.86,4757.56,335922063.0,0.0102,871477325200.0
2026-06-15,4829.29,4891.71,4892.55,4803.18,331316076.0,0.009899999999999999,914145755800.0
2026-06-16,4894.88,4884.23,4908.28,4866.06,282584743.0,0.0085,857202587500.0
2026-06-17,4859.7,4931.39,4933.93,4859.7,276053950.0,0.0083,850367581600.0
2026-06-18,4916.04,4941.6,4976.89,4916.04,334459902.0,0.01,1021710711100.0
2026-06-22,4949.35,5059.66,5061.51,4928.46,375100124.0,0.011200000000000002,1145900296800.0
2026-06-23,5048.03,4919.39,5064.27,4892.09,342719336.0,0.0103,1047052858800.0
2026-06-24,4900.38,4943.02,4953.23,4892.27,312249025.0,0.009300000000000001,964945850000.0
2026-06-25,4950.98,5020.1,5032.0,4944.88,346664289.0,0.0104,1110040892300.0
2026-06-26,4981.83,4868.22,4981.98,4845.19,341179238.0,0.0102,1068082662099.9999
2026-06-29,4866.04,4926.92,4928.6,4827.15,323216134.0,0.0097,1053723822600.0
2026-06-30,4914.49,4979.43,4987.56,4914.49,306150226.0,0.0092,985795205699.9999
2026-07-01,4972.69,4958.98,5017.38,4925.63,342934747.0,0.0103,1101717526000.0
2026-07-02,4865.17,4812.3,4896.99,4800.48,343243758.0,0.0103,1027796834200.0
2026-07-03,4809.5,4842.17,4890.97,4809.5,301067568.0,0.009000000000000001,942569894400.0
2026-07-06,4868.54,4842.0,4878.32,4789.8,294050543.0,0.0088,907946017000.0
2026-07-07,4813.87,4792.26,4839.51,4756.73,246305999.0,0.0074,762617505600.0
2026-07-08,4804.48,4755.53,4830.05,4751.4,243928749.0,0.0073,783248978300.0
2026-07-09,4774.4,4876.31,4882.85,4734.87,281627705.0,0.0084,947119396800.0001
2026-07-10,4887.54,4780.79,4906.49,4780.75,304130286.0,0.0091,1083913073000.0
2026-07-13,4745.44,4695.38,4775.24,4670.25,278634853.0,0.0083,907944677900.0001
2026-07-14,4691.12,4796.5,4796.5,4649.04,283250986.0,0.0085,924097145100.0
2026-07-15,4797.94,4786.78,4826.86,4772.04,278692669.0,0.0083,858314510300.0
2026-07-16,4711.53,4698.43,4771.06,4673.35,251560977.0,0.0075,798830386800.0001
2026-07-17,4661.62,4529.1,4663.53,4492.09,302629886.0,0.009000000000000001,920822412800.0
2026-07-20,4575.67,4598.32,4628.8,4521.18,333116058.0,0.009899999999999999,933403207700.0
2026-07-21,4630.85,4739.23,4739.23,4566.28,345403590.0,0.0103,1016727269599.9999
2026-07-22,4710.66,4717.24,4772.08,4692.83,285556357.0,0.0085,921519272200.0
2026-07-23,4735.17,4728.0,4737.51,4698.87,247331675.0,0.0074,741818580600.0
2026-07-24,4685.41,4649.19,4704.08,4642.94,221261212.0,0.0066,626378644400.0
2026-07-27,4656.03,4702.43,4702.52,4615.53,204786941.0,0.0060999999999999995,604552358200.0
2026-07-28,4623.8,4569.52,4646.49,4552.23,215705045.0,0.0064,652026894000.0
2026-07-29,4582.09,4600.26,4626.71,4516.32,248082357.0,0.0074,751545094200.0
2026-07-30,4566.05,4549.72,4596.21,4478.21,274651130.0,0.008199999999999999,803696969800.0
2026-07-31,4623.85,4588.2,4635.59,4588.2,279243698.0,0.0083,832909109300.0001
2026-08-03,4561.82,4543.18,4572.59,4529.19,232042584.0,0.0069,615750950300.0
2026-08-04,4566.94,4600.93,4613.69,4555.25,242073611.0,0.0072,698818114400.0
2026-08-05,4550.19,4658.15,4679.86,4550.19,276921919.0,0.0083,879161152400.0
2026-08-06,4621.8,4651.31,4675.65,4611.07,247510730.0,0.0074,747784204200.0
2026-08-07,4656.1,4694.44,4706.73,4649.58,239072020.0,0.0070999999999999995,788405762400.0
2026-08-10,4698.82,4702.02,4714.46,4659.47,213075996.0,0.0064,733103396900.0
2026-08-11,4689.45,4663.79,4715.88,4660.47,209699098.0,0.0063,645384756100.0
2026-08-12,4660.47,4690.92,4700.43,4657.69,184939148.0,0.0055000000000000005,575326282000.0
2026-08-13,4716.97,4663.95,4727.23,4661.88,215499615.0,0.0064,690715960900.0
2026-08-14,4672.98,4665.88,4676.71,4637.13,178430696.0,0.0053,549769606300.0
2026-08-17,4672.28,4741.1,4742.4,4662.72,190569286.0,0.005699999999999999,657601746000.0
2026-08-18,4734.07,4725.81,4744.01,4687.53,204245514.0,0.0060999999999999995,619828730200.0
2026-08-19,4660.06,4588.7,4674.38,4568.07,244070090.0,0.0073,705253505400.0001
2026-08-20,4613.3,4592.75,4631.13,4569.23,200874189.0,0.006,554021067100.0
2026-08-21,4585.44,4618.9,4629.0,4579.26,171075891.0,0.0051,505501102100.0
2026-08-24,4620.95,4563.13,4621.39,4527.49,206616872.0,0.0062,590425593800.0
2026-08-25,4542.24,4552.03,4573.38,4523.02,171510168.0,0.0051,480421573900.0
2026-08-26,4549.43,4590.79,4612.04,4542.84,184578169.0,0.0055000000000000005,489057278400.00006
2026-08-27,4594.48,4630.28,4631.35,4584.99,202017250.0,0.006,587120379400.0
2026-08-28,4615.84,4609.18,4643.34,4608.46,180989495.0,0.0054,549813480100.0
2026-08-31,4561.99,4625.09,4625.09,4557.35,237447640.0,0.0070999999999999995,583433867800.0
2026-09-01,4618.73,4611.44,4640.08,4604.77,214869581.0,0.0064,535708359900.0
2026-09-02,4581.51,4547.96,4583.27,4534.39,186991888.0,0.005600000000000001,474680402400.0
2026-09-03,4570.91,4552.58,4585.99,4536.92,182244060.0,0.0054,439940676500.0
2026-09-04,4575.32,4548.05,4602.2,4530.76,196997428.0,0.0059,517509323600.0
2026-09-07,4567.89,4575.02,4580.7,4545.41,183218470.0,0.0055000000000000005,535811893100.0
2026-09-08,4575.99,4558.74,4587.73,4546.31,173566694.0,0.0052,492086620500.0
2026-09-09,4578.51,4572.6,4581.9,4548.36,158004433.0,0.004699999999999999,440048388800.0
2026-09-10,4550.19,4548.39,4569.83,4533.66,146922552.0,0.0044,390616200800.0
2026-09-11,4514.3,4510.16,4520.17,4461.57,204230027.0,0.0060999999999999995,522206649500.0
